(Do Not Modify) Contact;(Do Not Modify) Row Checksum;(Do Not Modify) Modified On;Company Name;Mü?teri Durumu; Full Name;First Name;Middle Name;Last Name;Job Title;Email;Mobile Phone;Status
175cb6ed-1736-f011-b4ca-000d3ab10763;nUgzAWi3E6CDbTKEDLWK9d6AuoHzAhsiiVHVhOMziLbL7ynfp3Mv+ksH/yBpgPNNX4g27wwwzykeGMPB7EdQhA==;22.08.2025 08:25;Promer Müsavirlik Mühendislik Ltd. Sti;Sözle?meli;Cem Sayar;Cem;;Sayar;;csayar@promerengineering.com.tr;;Active
0d5f7f3d-1836-f011-b4ca-000d3ab10763;dczKuw6VEXnLcGjU0nyRAjcYCFANg3s7e12z6xQxUAJeDVz49sbcs1ld2D4qPi1pGKPaRaxF68Oh8Q+WPjaWLQ==;22.08.2025 08:25;Promer Müsavirlik Mühendislik Ltd. Sti;Sözle?meli;Suat Y?ld?r?m;Suat;;Y?ld?r?m;;syildirim@promerengineering.com.tr;;Active
434a9f4f-1836-f011-b4ca-000d3ab10763;AQqbcGhj4OUjcu9+TRp9sLw52EtAvEzJkjSe1dWVGmTtZlGmTu1lJyehl7fhNQT1y9MEnFZAwgN3+k+iMvETNQ==;22.08.2025 08:25;Promer Müsavirlik Mühendislik Ltd. Sti;Sözle?meli;Serkan Ayd?n;Serkan;;Ayd?n;;saydin@promerengineering.com.tr;;Active
0eb3ae67-1836-f011-b4ca-000d3ab10763;Ma9MEd+AWbg2Pxz2TcKfnt1sZYBZmkpTd7V1voB6pq9+DGwLwG4a6h5nFOg08X9btwhA1Rcejrc5VA4oO85t0g==;16.01.2026 08:59;Promer Müsavirlik Mühendislik Ltd. Sti;Sözle?meli;Tar?k Uysal;Tar?k;;Uysal;;tuysal@promerglobal.com;0535 852 13 18;Active
73d7507a-1836-f011-b4ca-000d3ab10763;QRN/Det9uspgdIuPcQbzJIEp31oBQGoTyUxcoB442V2OVyj3uUDh8xrVkpKXguHo6y2YzYFvt1z38eB657Xqdg==;22.08.2025 08:25;Promer Müsavirlik Mühendislik Ltd. Sti;Sözle?meli;Yüksel Togunç;Yüksel;;Togunç;;promerit@promerengineering.com.tr;;Active
20cb34bf-1836-f011-b4ca-000d3ab10763;2W6e58HeXyNkJ4hOvox6isgM8OJo0GNLIbW7F3vXuC27gx9NhUDgecYNUmRzWrpLzFwUiX9GwC5PpKphAZ/QSQ==;22.08.2025 08:25;Promer Müsavirlik Mühendislik Ltd. Sti;Sözle?meli;Hakan Apayd?n;Hakan;;Apayd?n;;hapaydin@promerglobal.com;;Active
8e97aedd-1836-f011-b4ca-000d3ab10763;sv5jrzI9shUfKxgnUdQWVNsBUOt39dxam8oUCqMFfyLJ2WFzIFeOxFEEy4eAoihe+DbPZ65Q1qCQGio32JEPiQ==;22.08.2025 08:25;Promer Müsavirlik Mühendislik Ltd. Sti;Sözle?meli;Cemal ?çel;Cemal;;?çel;;cicel@promerengineering.com.tr;;Active
47cfc944-87f7-ef11-bae5-000d3ab2ceb1;1dR15oNowXpSJj1MejUZQSCREao4CFcN2+qzOBBby5KsR1RGpXDG0H0BHK46M7vCMIoi/NI810f1d8kCViPvPA==;25.08.2025 09:15;Do?a ?n?aat;V2022 (-);Neslihan Öksüz;Neslihan;;Öksüz;;;;Active
49cfc944-87f7-ef11-bae5-000d3ab2ceb1;XqvdDf2gC7KF0q9RdytvgD0UJuLjrg2yikocp43rwsVBNPFinD1uKZBYL80KRsuPUhm12jQZ9kJyHYWcbikvNw==;25.08.2025 09:13;Detay Mimarlik;V2022 (-);Yalcin Kocacalikoglu;Yalcin;;Kocacalikoglu;;;;Active
4bcfc944-87f7-ef11-bae5-000d3ab2ceb1;Qb4Zczt6sH3uFfd5ODPrSAPx5ilsQ8vLCv5K9iQR1hMyRXJVj9FV7azs+XLMfyDTfmSo+AebJDh7NUW5+VykhA==;25.08.2025 09:28;Idag Proje Insaat;V2022 (-);Semra Erpam;Semra;A?kin;Erpam;;;;Active
4dcfc944-87f7-ef11-bae5-000d3ab2ceb1;QACRTFGoeWt0eX0j4ztfzTaR5s/l9rhWZ9hKmCdfg3PioEwZh4eqI5X8By9v4OLzQVKqcIXwAZpiX2cvIo/I5A==;25.08.2025 09:28;Form Dekorasyon Fikret Tan;V2022 (-);Hakan Tarkan;Hakan;;Tarkan;;haktar67@hotmail.com;;Active
4fcfc944-87f7-ef11-bae5-000d3ab2ceb1;4NekWbP2TfmzjqojPMh/cNgs/WaCSpOsbHb2mgW7adMJVcA8yyPuAtgu4o8IqAUp0XW/0wuYfwhEytIkePTh+g==;25.08.2025 09:28;Giri?im Mimarl?k;V2022 (-);Hüseyin Çelik;Hüseyin;;Çelik;;helincelik@e-kolay.net;;Active
51cfc944-87f7-ef11-bae5-000d3ab2ceb1;jbasFEltDhqHCvmS+jbljuDN44u2pTSuo8iACynQhEmrlWYH16YacsxCv5DYp9yB8cJ1OM1sHBwlQKn5mB+FQQ==;25.08.2025 09:28;Göker Alüminyum Do?rama;V2022 (-);Erhan Önol;Erhan;;Önol;;;;Active
53cfc944-87f7-ef11-bae5-000d3ab2ceb1;XYrZIxOkwFwKYupm7EdIozQoez1QZn+8l0zi2bkQddWdzBkkAezmh/Jde1sGSkiEOE5oiqwNAIrVfkKJ0vPfFA==;25.08.2025 09:28;Target Teknik Ar-Ge In?aat;V2022 (-);Ayd?n Gürbüz;Ayd?n;;Gürbüz;;info@target.info.tr;;Active
55cfc944-87f7-ef11-bae5-000d3ab2ceb1;bTNew2m4M7cMqzeLuHxQW4xOmMmkK/IxVZ+AOtjR002MNJ9nAZ6viKwa/+th5WX4SSX5rFeRiYWL3eCreHVoCg==;25.08.2025 09:28;Target Teknik Ar-Ge In?aat;V2022 (-);?ren Korhan;?ren;;Korhan;;;;Active
57cfc944-87f7-ef11-bae5-000d3ab2ceb1;X14beNtbd6b8sOjCrluLbH9IdjbarRNiJvF+EHNUEX3n1QguPJMEIHfpXEDBA/3uM+aIHPw5F0OeBf/k1T9x9w==;22.08.2025 13:12;Akdeniz Cam Metal Yap? San.Tic.Ltd.?ti.;V2022 (-);Hilmi Akdeniz;Hilmi;;Akdeniz;;akdeniz@akdenizcam.com;;Active
59cfc944-87f7-ef11-bae5-000d3ab2ceb1;MbZHI90j5Gl5gHhnTPfCuXv+LgQb/hOe0QXQiDm81gRnZb3Nssgkvd7P3q7EsyBIHEo0BJPH20q1e218mU1ZsQ==;22.08.2025 13:13;Akros Mimarl?k;V2022 (-);Bülent Onur;Bülent;;Onur;;info@akros.info;;Active
5bcfc944-87f7-ef11-bae5-000d3ab2ceb1;MyQpWl+0dM7I+f4cNnHAcYDXtsRmO8+bCZ6Twk4aB/8RUdZs8i0RmMie53jKpwyb2jMKZSmzQpQgyOBa7ra3eA==;25.08.2025 09:29;Gökhan Gürhan;V2022 (-);Levent Mete;Levent;;Mete;;info@antredesign.com;;Active
5dcfc944-87f7-ef11-bae5-000d3ab2ceb1;7bkivkWWxHeaSu9xhcwwpSPuMZAO5vlwOjceFfzzPz2MmVfZiCHWThvp8CTBmiB+hM1uGm0qNqIXVpxjZ19wIA==;22.08.2025 13:58;Arfa In?. Mimarlik Ve Dek.San. Ve Tic.Ltd.?ti;V2022 (-);Farzi Nar;Farzi;;Nar;;arfa@arfayapi.com;;Active
5fcfc944-87f7-ef11-bae5-000d3ab2ceb1;W/jT7kdBykxABOEOeronA0PTUiBb4pdC9NUYwkX5N3UuHKabfe9f9yHNnF4OFETb/huX1PaYXkVsMi1PS8TLrg==;22.08.2025 13:58;Arim In?aat;V2022 (-);Celal Korkulu;Celal;;Korkulu;;;;Active
61cfc944-87f7-ef11-bae5-000d3ab2ceb1;TvYItVmjL5VNEEM9bPI0F/7HUiTSwZwtkzXfO5gKx3ZlDexcwFPX1oN2cRdV7Gwp9r2vDFR61ER0zw7Uixdg/g==;22.08.2025 13:58;Armada Yat Ve Deniz Malz .Paz.Tur.Tic.Iht.Ihr.Ltd?ti.;V2022 (-);Haluk Köse;Haluk;;Köse;;h.kose@kardelen.setra.net.tr;;Active
65cfc944-87f7-ef11-bae5-000d3ab2ceb1;shUOxAUAp6cbM7TWQaKBQL1KhGBHaExFibhhKmkenb8B35hNvQV0Djp5gMFSmK7VqVSObOsDrUUwU6eqm/4VGg==;22.08.2025 13:58;Armo Mobilya Ve Tic.A.?.;V2022 (-);Fulin Güzeldere;Fulin;;Güzeldere;;info@as-imar.com;;Active
67cfc944-87f7-ef11-bae5-000d3ab2ceb1;MgEgG09Td9t5lP/lzltJ/hl8zWiYWy2NnnzOu2piEZh5q1e8PT3AlqTzPL/ylrnRB1lDdMIBrNkOzk6n9fvaKw==;22.08.2025 14:00;Artuklar In?aat Ve Tic. Ltd. ?ti.;V2022 (-);Hürsel Artuk;Hürsel;;Artuk;;;;Active
69cfc944-87f7-ef11-bae5-000d3ab2ceb1;cZI1t9YSYfa+NwqRzj4i7KtVxVqQyc/Np16zm6xWUpm+GLzTYUSeVLt50i8w/1JPrqXh5tguEUYi3Eg2geTsgg==;22.08.2025 14:02;Atay Mermer In?..Paz.Tic.Ltd.?ti.;V2022 (-);Cafer Tunçalp;Cafer;;Tunçalp;;ataymimarlik@turk.net;;Active
6bcfc944-87f7-ef11-bae5-000d3ab2ceb1;f07hIiVA1athcDoTXBXPw/RgUmQ7hgRLFmQ7nwtp10uC/sgMNjuJHrY/8ure4duH1bmZi8/SvSatQCxkpCcQJw==;22.08.2025 14:05;Ay?e Sema Kutlular;V2022 (-);Ay?e Kutlular;Ay?e;Sema;Kutlular;;skykut@hotmail.com;;Active
6dcfc944-87f7-ef11-bae5-000d3ab2ceb1;QvEL/4iF63Opt7QpDZu1PMJEMPqJfYOEbBUQtDCgn9LtOcPj1EFxhAJHNmrSKhqPQovc/2ikmmfWvTkH0ND4GA==;22.08.2025 14:10;Bilal Ate?;V2022 (-);Oya Ate?;Oya;;Ate?;;info@obmimarlik.com;;Active
6fcfc944-87f7-ef11-bae5-000d3ab2ceb1;EZGipeTOJmKukmnYwWhSm635Axum3Np0ELYJzviQrBsfAQ35M4dZuZTvObkhkcsK9zNnqclchba0ua4YufppKg==;22.08.2025 14:14;Burç In?.Tic. Ltd..?ti.;V2022 (-);Arzu Öztürk;Arzu;;Öztürk;;arzu.ozturk@burcinsaat.com;;Active
71cfc944-87f7-ef11-bae5-000d3ab2ceb1;x3zlwtERWDPyJdr1oSzYX1oHngXdFOvzBbUHLWd0CqLxx2gN9GUZWMqCpjVJkB7hyaI21Zg1X6XVdL8rhvySCA==;13.07.2025 16:32;Cafer Bozkurt;V2022 (-);Cafer Bozkurt;Cafer;;Bozkurt;;info@caferbozkurt.com.tr;;Active
75cfc944-87f7-ef11-bae5-000d3ab2ceb1;/6Jixm8UavBXHOrfe0c2X7LnEiepS1CwQczuzcVYjgUW8u+vp5JESk8SzqRSESttOY+RI8mtA3kYzEMgPZo0EA==;22.08.2025 14:20;Can Çakmakc?o?lu;V2022 (-);Can Çakmakç?o?lu;Can;;Çakmakç?o?lu;;;;Active
77cfc944-87f7-ef11-bae5-000d3ab2ceb1;sPTzdhoFMzBvKwxwHaVtIvx5WIIZv2wlbf8yprg7sxP/lpGP3rckiaN7dEDy51miBqtGdR0Bopg/S05OFmi6HQ==;22.08.2025 14:20;Çat? Yap? Ürünleri A.?.;V2022 (-);Sait Feyzio?lu;Sait;;Feyzio?lu;;info@catias.com;;Active
79cfc944-87f7-ef11-bae5-000d3ab2ceb1;UUN6Ew8NNS9afKGxX3KG/Tu95RKDLVTtuDEF4xiB8usM4PJFIiJAuejCIBmcG5WuSixR7z0I07DpRKlGf4s7LA==;22.08.2025 14:23;Cesi Cephe Sistemleri;V2022 (-);M. Bestoy;M.;Emin;Bestoy;;cesi@cesi.com.tr;;Active
7bcfc944-87f7-ef11-bae5-000d3ab2ceb1;WOx+DqCzprx9jwV4TsT2KrUzJAQfq4q+bjXlk9YWYUSRnJquEM4EdlmZXeoAC4JoS5Rq/fWovQJHM9iDTuAnYg==;13.07.2025 16:33;Cumhurba?. Mim. Ba?. Dan??manl???;V2022 (-);Elvan Karadeniz;Elvan;;Karadeniz;;info@karadenizmimarlik.com.tr;;Active
7dcfc944-87f7-ef11-bae5-000d3ab2ceb1;cZWGiyElLLCnkGwuXLO5/b8bAf015tBJ/Jc2+l3jLTcJPmGmpAruZ8yYnJKxHY3d43Cj244dI6dGlA8wEvl0Qw==;25.08.2025 07:33;Cumhurba?. Mim. Ba?. Dan??manl???;V2022 (-);Co?kun Karadeniz;Co?kun;;Karadeniz;;;;Active
7fcfc944-87f7-ef11-bae5-000d3ab2ceb1;Aey3MYxe2G5knPP869WLlL4p4TqAzc1z4w7FC7/1NIMPbQSDeTZZDNO3VPo6EgVHjhqyFVCKZRUgWYHENGrg+w==;25.08.2025 09:30;Güner Mimarl?k In?aat Prof. Nihat Güner;V2022 (-);Mehmet Dal;Mehmet;;Dal;;info@dalmimarlik.com;;Active
81cfc944-87f7-ef11-bae5-000d3ab2ceb1;v2SpSw+W9Yk61a81zAGxnCIfo9XO7hZf9C6O7b/3nwrgDo7F1DFfL6vQR3TK3Q2e9rLiudbNeN9g00qYK+8qrQ==;22.08.2025 13:12;AK-DA Mimarl?k;Sözle?meli;Çetin Day?o?lu;Çetin;;Day?o?lu;?irket Sahibi;cetindayi@gmail.com;0532 342 38 53;Active
85cfc944-87f7-ef11-bae5-000d3ab2ceb1;VT4vWTcSvWviyrliuBFr1Vk03UndOmXHmBx1jf9xI7E4xzjmr1yKpiJnfbd13VDiFxqGRxB11z9dOc/nHvD6GA==;25.08.2025 09:10;Denizli Belediyesi Etüt Proje Müdürlü?ü;V2022 (-);Hüseyin Türky?lmaz;Hüseyin;Türky?lmaz;Türky?lmaz;;hturkyilmaz@denizli.bel.tr;;Active
87cfc944-87f7-ef11-bae5-000d3ab2ceb1;/RkL6+LhwrcJv3vGgLYYBrueh0YsVPzUmvPEB2zZ0s5BLWR1PQ4WwNLQHZc47QpVDjb3aVWcTEl/yAr8d4ccnA==;25.08.2025 09:11;Denizli Belediyesi Etüt Proje Müdürlü?ü;V2022 (-);;;;;;;;Active
89cfc944-87f7-ef11-bae5-000d3ab2ceb1;N3Mn4pGSmGwIUxiHCPB1nm7Kk0lskWzQv9vnf6gu4nZ03h4UzwpLStOuZ3McATnDbM8E7C5gVQzxCRczuavCEQ==;25.08.2025 09:30;Hakan Ceylan;V2022 (-);Hakan Ceylan;Hakan;;Ceylan;;sirincemal@hotmail.com;;Active
8bcfc944-87f7-ef11-bae5-000d3ab2ceb1;QHcLKqRxBE++/8aNFJiuKUL7NTqTH/alJxZ5svrtKAulIzh6kzkR6qsVLlhfxin1Zx2iMeb+0TiA7D4Kd9Fr5Q==;25.08.2025 09:14;Di?kale In?.Nakl.Müh.Mim. A.?.;V2022 (-);Müjgan Bozyel;Müjgan;;Bozyel;;diskalemim21@hotmail.com;;Active
8dcfc944-87f7-ef11-bae5-000d3ab2ceb1;5hdUOQVmJn74eXpCa/rLBWqHAFY7GA0kUFVOCUwIgYxMo4/24q252XyRx7UnC8+i56WaUa2O927up+lxaJj2Ww==;22.08.2025 14:25;Dönü?üm Iç Mimari Tasarim Uygulama Ve Tic.Ltd.?ti.;V2022 (-);Cemalettin Ay;Cemalettin;;Ay;;info@donusummim.com;;Active
91cfc944-87f7-ef11-bae5-000d3ab2ceb1;EbTxenYz/P8POLqLRHFSH1uFLHgMP+nhtWcbRSJIpj0i5EUPYtM8OLWtlk7z6mCXPDLpbN4jZDQD8Od7RNuKig==;22.08.2025 14:26;Ds Mimarlik Peyzaj Mim.Restorasyon San.Ve Tic.Ltd.?ti.;V2022 (-);Sevim Aslan;Sevim;;Aslan;;info@dsmimarlik.com;;Active
93cfc944-87f7-ef11-bae5-000d3ab2ceb1;MFC0VXZ2xGUuKvAAH+rRYYnwJmVY3PWzu9Q3GGDaNZhy8pEmHv0HTmXsfgmBOE9oahWTfRL4ZF7FBr8S5w66GQ==;25.08.2025 09:21;Zuhal Sirkeci;V2022 (-);Zuhal Sirkeci;Zuhal;;Sirkeci;;;;Active
95cfc944-87f7-ef11-bae5-000d3ab2ceb1;49l76qEN5aJOHer5EgyoAnYApV7qFMB3IvjbnWiA0eEpF4WNid3o9wbITqSHRc2iGIZGz7P+WFayk/d/mGSOnQ==;22.08.2025 14:30;Ejder Neta? In?aat Tur. San. Tic. Ltd. ?ti.;V2022 (-);Adnan Turan;Adnan;;Turan;;info@ejdernetas.com;;Active
97cfc944-87f7-ef11-bae5-000d3ab2ceb1;XXlbsUZ3tU1Z8ODZP+sOIsLCL97Mt6fxRVv6tIrZmNHfSMn/+4jxIXGBnfasWFxDeB7W2/KouTld4vAAJlvCfQ==;22.08.2025 14:30;Ekip Ferforje A.?.;V2022 (-);Ergün Sa?l?k;Ergün;;Sa?l?k;;ergun@ekipferforje.com;;Active
99cfc944-87f7-ef11-bae5-000d3ab2ceb1;/BBJEHtFslIcugByElrHG/MLH4PHCkvD10FPMJp7R/4UGCvNfF3EetmPUMdKzIs+MHpegsNd548A4m/cLGgPPg==;22.08.2025 14:33;Erke In?aat Taah.Proje. Müh..Ve Tic.Ltd.?ti.;V2022 (-);Osman Ertunga;Osman;;Ertunga;;o_ertunga@yahoo.com;;Active
9bcfc944-87f7-ef11-bae5-000d3ab2ceb1;w20vaYHbrZR8ePsO9rMVi5hHm4FNznN5VsOOSP5ImpDxbsUgo92/FTq3+juFONyilfLj0rO8aF2TYiLX5zDEUA==;22.08.2025 14:34;Erke Mim.Müh.Mü?.In?.Tic.Ltd.?ti.;V2022 (-);Mustafa Erken;Mustafa;;Erken;;;;Active
9dcfc944-87f7-ef11-bae5-000d3ab2ceb1;DvQfjcQNVpWWh5xqUyd5ULf1n0B7gJZlCHZNwhaDi6pQVKTxPToffLAECxRD0DQGD1DIFboKEnBfBi1w7QV2sg==;25.08.2025 09:30;Esat Alt?nta?;V2022 (-);Afan Alt?nta?;Afan;Esat;Alt?nta?;;aysegulmlt@hotmail.com;;Active
9fcfc944-87f7-ef11-bae5-000d3ab2ceb1;u0lK4MagdhUDs7AAOOUp7J37YcS8HQA45QYpVlCRFlJDdOviWVXxKmT9rz/hSxWQVwp58BF+OBqp4eDKf7dpvQ==;25.08.2025 09:30;Evke Yap? In?..Mim.Dekor.Tic.San.Ltd.?ti.;V2022 (-);Murat Evke;Murat;;Evke;;evkeyapi@hotmail.com;;Active
a1cfc944-87f7-ef11-bae5-000d3ab2ceb1;auvbiiGuAYeDPIodmOiLecYU4eHbmHDjRAuYAvh8q1wBZGo3h58M2qOyy7ydsB5HnpSDUl+di5m0tBd03ZLfcg==;25.08.2025 09:30;Gezer Endüstri  In?aat  San Ve Tic.A.?:;V2022 (-);Hacer Ka??kç?;Hacer;;Ka??kç?;;hacer@gezer.com.tr;;Active
a3cfc944-87f7-ef11-bae5-000d3ab2ceb1;8dLLL5mME1tNa0ZtjfldaVYBk/Et0KldponOc4MrIb6C5wmBtn02vfSKTRaoRVMPRYai1Uew7RDW1sIlmACT0w==;25.08.2025 09:30;Granit Mimarlik Müh.Mü?.Ltd.?ti.;V2022 (-);Müjdat Say?n;Müjdat;;Say?n;;granitinsaat28@gmail.com;;Active
a5cfc944-87f7-ef11-bae5-000d3ab2ceb1;xZmIz7qbT9oDV7oW5tF1sFLgvvfAa1Bp2DBYGSo1cRizK7dDzNexiK/WFfqjStID5uM0cWT+c/V9be0MgKMepA==;25.08.2025 09:30;Güngör Mim. In?.Tic.Ltd.?ti.;V2022 (-);Feridun Güngör;Feridun;;Güngör;;feridun.gungor@gmail.com;;Active
a7cfc944-87f7-ef11-bae5-000d3ab2ceb1;1iVmzDdoj568s3+bsuTCREijWfz7LBvHimyTed0h6hkVJlzDtcGwqpHiGV5/9HQ6RhpgorVhEVm1Qf+KDnGbyA==;25.08.2025 09:26;Güral Porselen .;V2022 (-);;;;;;info@guralporselen.com.tr;;Active
a9cfc944-87f7-ef11-bae5-000d3ab2ceb1;bU/K1Hqlj7xyQDg6LFeXXk0omvXoRF2gZxcaE+sQGveCbJhNLqR8MyYsLhXRkcVxrGcJ2c6EcEk6/C2YgJyc7w==;25.08.2025 09:27;Hakan Dölgen Mimarl?k Ltd.?ti.;V2022 (-);Hakan Dölgen;Hakan;;Dölgen;;hdolgen@mynet.com;;Active
abcfc944-87f7-ef11-bae5-000d3ab2ceb1;mpnNxMyuP6hrikwe4oNLCGbho4k2q1UCY4Psv+hkJw140CUDgCtlx7Ap4BlYgxCiR7ntCiF1+41DLl3um8dqjg==;25.08.2025 09:27;Hayati Çulha;V2022 (-);Hayati Çulha;Hayati;;Çulha;;mimarnet@gmail.com;;Active
adcfc944-87f7-ef11-bae5-000d3ab2ceb1;rJRjHuhuRZeTP2z3TJS8kYf9w/MqE3yTdKB0gH1uUWY1VoNyoxEztuNhJv2u1RPuch3R4hcn/kKXaujOg8dN7g==;25.08.2025 09:27;Ides In?aat Kal?p San. Ve Tic. Ltd. ?ti.;V2022 (-);R?za Köylüo?lu;R?za;;Köylüo?lu;;info@ides.com.tr;;Active
afcfc944-87f7-ef11-bae5-000d3ab2ceb1;xNv73wsxjJUSVmxWN49cF7GK5Boq3i0PFaNDPUib9pH0bMDEd3USbgMRZbbF+wYlbrPvJ1wTkaXf2/FCVg7K+w==;25.08.2025 09:27;Ides In?aat Kal?p San. Ve Tic. Ltd. ?ti.;V2022 (-);;;;;;;;Active
b1cfc944-87f7-ef11-bae5-000d3ab2ceb1;MVoLy0sViPnJkpaB2N3+ijOHoGYiAK/VyPsqkYq5Wy2QAqjJNXcbmX+JHQqc0rWY2mvnPLLxZSoqmTXJcUZvmQ==;25.08.2025 09:27;Igda? Istanbul Gaz ;V2022 (-);Süleyman Soytürk;Süleyman;;Soytürk;;igdas@igdas.com.tr;;Active
b3cfc944-87f7-ef11-bae5-000d3ab2ceb1;cpbRv/fzxJszB5esgrJ6SQ2i2rwPckOOqVypxEXCl9ADrmG7Pi4QWheEattGFWHBHJuzYTb82i5lq/OsZQHjIA==;25.08.2025 09:27;Imamo?lu Mimarl?k;V2022 (-);Mustafa ?mamo?lu;Mustafa;;?mamo?lu;;;;Active
b5cfc944-87f7-ef11-bae5-000d3ab2ceb1;9xWnNbIDbRIYROPQpZ1GbJGz/GqJtGHrz8Hy+f4o58HcbNWjTBR4t1x0zJ+UDidp4fHfsbkRl6YFtxIifqgMGQ==;25.08.2025 09:27;Inka In?.Pvc.Alü.Do?.Ve Is? Cam Tur.San.Ve Tic.Ltd.?ti.;V2022 (-);Hayrettin Kayaönü;Hayrettin;;Kayaönü;;info@inkainsaat.com.tr;;Active
b7cfc944-87f7-ef11-bae5-000d3ab2ceb1;7L/oj7t2R+fKFPMvv5lQkgfJlsz+LIKzmmPNEeGIl3vpwjVRVT5szfUjtgogaBi4TBLALAKK8eI8dQyY8owHhw==;25.08.2025 09:27;Inra Deniz Mim In?.Dekor.San.Tic.Ltd.;V2022 (-);Serkan Sapan;Serkan;;Sapan;;serkan@inra.com.tr ;;Active
b9cfc944-87f7-ef11-bae5-000d3ab2ceb1;kfWivJ5TZ6Di0+OlMtLnSjudX8UY2DVTupkTCJovPxdyY7HZBAu4M39pSAJn6odPYQgYZbtnXLtCkwqt246wWw==;25.08.2025 09:27;Internet Market Yay?nc?l?k Ltd.?ti.;V2022 (-);Y?lmaz Kuyumcu;Y?lmaz;;Kuyumcu;;;;Active
bbcfc944-87f7-ef11-bae5-000d3ab2ceb1;uv/Qzrc8CjUoGbHugndD3WA/sxB/s5suNvz+VMS54+K3QPkyqZjMmU+jLbS8TsjsOsD0b3UTqA8JTeKXhCWNnA==;25.08.2025 09:27;Liman Tanitim Rekl.In?.Dan?.Tic.Ltd.?ti.;V2022 (-);Hakk? Baki;Hakk?;;Baki;;liman@icmimarlar.org;;Active
bdcfc944-87f7-ef11-bae5-000d3ab2ceb1;h0j36+TJJYoj2e4/Jp/G2OUyu8q6RcubfZQx8n/XJWZarBNbo0go51HnKyF9CvbhJQrzzEisQZPoEMbmSubg+Q==;22.08.2025 14:33;Erk Mühendislik Erkay Do?an;V2022 (-);Erkay Do?an;Erkay;;Do?an;;erk@erkmuhendislik.com.tr;;Active
bfcfc944-87f7-ef11-bae5-000d3ab2ceb1;RFEn7YS5SmW1RKEeGN5aRx0jPu/KmyELiZNfVfeM3+Zm7cLrLrORM/wdtBrO2A92hP2KZwypDdbl0A4QT+vQSQ==;25.08.2025 09:27;Manisa Belediyesi .;V2022 (-);Vacide Merter;Vacide;;Merter;;vacidemerter@hotmail.com;;Active
c1cfc944-87f7-ef11-bae5-000d3ab2ceb1;AEf268RMx8sBkqd3439igvuuv7WMcabWC0ldGHycXjadvPDQju3ElBrCNsNb7KnaJ0/89gWsNbTPB1ilT0w5IA==;25.08.2025 09:27;Manisa Belediyesi .;V2022 (-);;;;;;;;Active
c3cfc944-87f7-ef11-bae5-000d3ab2ceb1;i86TVIO3K/ubifDTFeYwpXEvBQ6d+bV+CIv1fQVFK46binYLo2bgJWk7fIfjA9Fy/tC+k8uFksW3DTz1U2jJ6w==;25.08.2025 09:27;Mbm San. Ve Tic. A.?.;V2022 (-);Demet Aksoy;Demet;;Aksoy;;mbm_as@superonline.com;;Active
c5cfc944-87f7-ef11-bae5-000d3ab2ceb1;cGx/Rxrn8rnQRRu6g+rdMNkKKiNduMSomG7yh+MMKbxF66qhBpRQ7gn2modSGV4GaMLMAHbtmFal0iBv1RO6YQ==;25.08.2025 09:27;Mega Müh. San. Tic. Ltd. ?ti.;V2022 (-);Emin Pek?en;Emin;;Pek?en;;megamuh@tnn.net;;Active
c7cfc944-87f7-ef11-bae5-000d3ab2ceb1;7q8GjqYZbdWuSFslb1wP0xzNMKIN538HMg8CwNPenfxHYKl9Xldh85ODGvqx8QiYc8Qigy2TpA+Il6WRck+qyQ==;25.08.2025 09:27;Modüs In?aat Dekorsyon Ve Aksesuar San.Tic.Ltd.?ti.;V2022 (-);Haldun Uyak;Haldun;;Uyak;;info@modusmimarlik.com;;Active
c9cfc944-87f7-ef11-bae5-000d3ab2ceb1;leI+QoPzhmQvFFFLOXChteeLeDXtGf4N/rRujAJvcbFrbAndxJCeRyRw0hLvOX+2TbExQpA8SK6sbdYDpN2baQ==;25.08.2025 09:27;Mimari Tasarim Merkezi;V2022 (-);S?NEM B?NZET;S?NEM;;B?NZET;;mtm@mtmmimarlik.com;;Active
cbcfc944-87f7-ef11-bae5-000d3ab2ceb1;N3AhreF7yrmpTzz0JLEmGI6FWCIeURpTHBzBc1/jDt1lE7w3Q5jT5vDhhhXD0WSx0T0/mNN7Rx//Om5URcZZ8g==;22.08.2025 13:59;Ar-Nes Mimarlik Müh.San. Tic. Ltd. Sti.;V2022 (-);Erol Yalç?n;Erol;;Yalç?n;;;;Active
cdcfc944-87f7-ef11-bae5-000d3ab2ceb1;C2/saT4W02oigMRh+xJBqueZnfa1GXbM3ErmIRIY6/8OVXdTTX2WuZb/bhCp8rgT02l3hdkcZgtfTQT9az+Thw==;25.08.2025 09:27;Naturel Mim.Dek.In?.San. Ve Tic.Ltd.?ti.;V2022 (-);Derya Erenler;Derya;;Erenler;;;;Active
cfcfc944-87f7-ef11-bae5-000d3ab2ceb1;VLr0tpQZdcxd8tn9SLDaOTnfzH4DZg5g4LPTSwDCYfswo+OOGev985nSvffgsAx9hL0crkOTtLv8GjxJKqsFrw==;25.08.2025 09:27;Nejat Üre?en;V2022 (-);Nejat Üre?en;Nejat;;Üre?en;;uregenmim@hotmail.com;;Active
d1cfc944-87f7-ef11-bae5-000d3ab2ceb1;LlkgXMjhSllGKqjEv7ICtdpiC1LItEf02IPOuvvp1uiE7KYfVBSDOTWtfG9oboHTuzxrIqRlYN3ZvK367PBPEQ==;25.08.2025 09:27;Opart In?.Mim.Dek.San.Tic.Ltd.Sti.;V2022 (-);O?uz Erol;O?uz;;Erol;;;;Active
d3cfc944-87f7-ef11-bae5-000d3ab2ceb1;GkmoqC6++6qrbF25JTPuVIT2Hb3lc5u6TVTs6ep9Ttb1vL3Hbhita2A5HjcZzpK99V6U+3mFkP/O2epxV5mvag==;25.08.2025 09:27;Orcan Mimarl?k (Ekare Mimarl?k);V2022 (-);Sabri Orcan;Sabri;;Orcan;;sabriorcan@ekareyapi.com;;Active
d5cfc944-87f7-ef11-bae5-000d3ab2ceb1;P2WQujvkIM4stFCb0c7KgaiYWbCbKQrW3hmK7WSvG1x6ax+6R2hL5s4KGvo9prHpsS1qKmHfsYdqMolw9bJe1g==;25.08.2025 09:28;Oya Yakar;V2022 (-);Oya Yakar;Oya;;Yakar;;info@berkmim.net;;Active
d7cfc944-87f7-ef11-bae5-000d3ab2ceb1;OM/5xKXR3yg71JxkvmU6DcNukaDFoT8ONcM9Rh5UgeBHCANNnuHX2cIpJod5zR1IvR01nkkSE4B6X7q9zgsMCg==;25.08.2025 09:28;Özay Mimarl?k;V2022 (-);?brahim Özay;?brahim;;Özay;;ozaymimarlik@mynet.com;;Active
d9cfc944-87f7-ef11-bae5-000d3ab2ceb1;9oyRLbTveJl4y/+GxPBXgf4EDDxGgEQ+RiBRysRVt9Cqp4h5u+cCgNAqFGjgPFI9F89/rWPD3elmN5jQ537cXw==;25.08.2025 09:28;Preton Prefabrik Yap? Elemanlar?  San. Ve Tic.A.?.;V2022 (-);Tansu Korkmaz;Tansu;;Korkmaz;;tansu-korkmaz5@hotmail.com;;Active
dbcfc944-87f7-ef11-bae5-000d3ab2ceb1;5PeZy/wWurcrCK5hu/Kn4khFdBjvrPpGMY9qyQmxfS6+FruFYxRo7wUr5hvkETWWQSVrNP3RBFHTzzp5bswGVg==;25.08.2025 09:28;Prokon In?aat Mühendislik;V2022 (-);Serdar Sarman;Serdar;;Sarman;;info@prokon.com.tr;;Active
ddcfc944-87f7-ef11-bae5-000d3ab2ceb1;Fk72GnXdnePGrJFrJ9Bm59IC+SlIz8yViUAWIX/B1o3cKSkIHwr+dTRrilUFCb5D2spxV5XLNfFzBEArunbTZw==;25.08.2025 09:28;?ans Mimarl?k Ve In?.Ith.Ihr.Tic.Ltd.?ti.;V2022 (-);Ahmet ??dirligil;Ahmet;;??dirligil;;info@sansmim.com;;Active
dfcfc944-87f7-ef11-bae5-000d3ab2ceb1;jlcvgfFJrjhtuZ4ql0ROjTsEUK02ixQDBlkg3GVJo8dLgL+vMXpcyXNhJ4/zxMBIMVvPx64PNedM8IO5UUs+Hg==;25.08.2025 09:28;Sayda? Mimarl?k;V2022 (-);R?dvan Sayda?;R?dvan;Nuri;Sayda?;;;;Active
e1cfc944-87f7-ef11-bae5-000d3ab2ceb1;F+FKqZW2pagbaZaXFMfiYdeey5yCUVo217wnZ1t8dT47MxBt2TIJyJBvxvffmUMyDyEmD7NpCK3i1SKfsGUjHA==;25.08.2025 09:28;?inasi Do?an;V2022 (-);?inasi Do?an;?inasi;;Do?an;;info@sinasidoganmimarlik.com;;Active
e3cfc944-87f7-ef11-bae5-000d3ab2ceb1;XvHMvCvWcQlLsrkhbk+Nv+joDu6SjF7U1AkMyol2kSdGHCMntwPLaojeO6l3YKDI/ivv51oFSNimZGNmBUHXcw==;25.08.2025 09:28;Skyline Mimarl?k;V2022 (-);Mehmet Etli;Mehmet;;Etli;;skyline@skyline.com.tr;;Active
e5cfc944-87f7-ef11-bae5-000d3ab2ceb1;QVIN8ldrtLRt8z4u4ZYF4ZdQAYyOn/EElfSzrYF13zVhO3czkZ7vRMOI1rcHq/lrjyjTb098Ns7LrthQZm2AfQ==;25.08.2025 09:28;Snk Mimarlik Dani?manlik Yüklenim Ltd.;V2022 (-);S?NAN KURTBAY;S?NAN;;KURTBAY;;sinank@kablo.com.tr;;Active
e7cfc944-87f7-ef11-bae5-000d3ab2ceb1;TCW0ovliK7K59Aw1f7SUKzec4QE3gaeSpZz4F+4MYeSa2nNKAI5xj1roRtxBAT3yMi+rsem63/p5NRoESe/b5A==;25.08.2025 09:28;Kartal Mimarl?k Oktay Kartal;V2022 (-);Nail Söylev;Nail;Erkut;Söylev;;erkutsoylev@gmail.com;;Active
e9cfc944-87f7-ef11-bae5-000d3ab2ceb1;pKUIvcSKJnM+1c0x+Fy0rO6FKFcjKnWixVlGTDGSMDUC7w1SZZwWickDqBSi/bzqkuLV4m+3AU7E0vKhuTJCrw==;25.08.2025 09:28;Sözen Mim. Müh. Mü?. In?. (Tu?ra Proje);V2022 (-);Ahmet Batur;Ahmet;;Batur;;hakansen06@hotmail.com;;Active
ebcfc944-87f7-ef11-bae5-000d3ab2ceb1;VWBzsLA0IIJnZFlEpZJJT10IZv7S7v6PLlEu5Xo9XCeyWI0Mb+DifLZpjnYRPdS4OA9Sdc744j54qj61WYg/MQ==;25.08.2025 09:28;Süleyman Çetinta? (Karadeniz Mimarl?k) ;V2022 (-);Süleyman Çetinta?;Süleyman;;Çetinta?;;;;Active
edcfc944-87f7-ef11-bae5-000d3ab2ceb1;391iuWeYtcLdeBQ/jBdzHFixKl403GKbUduoXPLycmK3YekJg4lSPW+iPybV4F3waVcftpWxuoWncsF2cVAISQ==;25.08.2025 09:28;Sabri Yener Isiksacan;V2022 (-);Tuncay Say?n;Tuncay;;Say?n;;;;Active
efcfc944-87f7-ef11-bae5-000d3ab2ceb1;B4OjOb5Sc3V2DOnoPNLT/e4XFjPuw+W1Pb/CC8Y/Q18Smah8m76+kqBunJm2O5tHNTPdtpOFI98qL4ke62Ljbg==;25.08.2025 09:28;Tokat Bay?nd?rl?k Ve Iskan Müdürlü?ü;V2022 (-);Mehmet Alt?ndal;Mehmet;Fatih;Alt?ndal;;tunaykoyuncu@yahoo.com;;Active
f1cfc944-87f7-ef11-bae5-000d3ab2ceb1;H8IcbxWrUQuPi4YmprAcBtsMN++l5CFbsTEgJZfVqYRTz8w7UoG8SXyatDgzd5nq+WeWBAVc8qurCOXF0UOfJQ==;25.08.2025 09:30;Tures Turz.Planlama Ve Rest.San.Tic.Ltd.?ti.;V2022 (-);MEHMET ALPER;MEHMET;;ALPER;;info@tures.com.tr;;Active
f3cfc944-87f7-ef11-bae5-000d3ab2ceb1;Pgt/UhhTDBJMikqDKM/rsLqAHvIT5VVdN+k8hM3a09QlCczVSXhOVqXK2Ig8idHe64nIQhUfpwCVpw+AjXxZyw==;25.08.2025 09:30;Türkeno?lu Tic.In?.Taahhüt San. Ve Turz.Ltd.?ti.;V2022 (-);Ali Biter;Ali;;Biter;;info@turkmenogluinsaat.com ;;Active
f5cfc944-87f7-ef11-bae5-000d3ab2ceb1;iV6xe7sO36vB3YNnpmKRiIhHfnUcluBsG0YPpN0PLRYTFaeYzmt2LeaWFZEZ42Ah/mCmA9UsLmOzkBq1TNae3w==;25.08.2025 09:30;Üçok Mimarl?k;V2022 (-);Mehmet Üçok;Mehmet;;Üçok;;ibrkarinca@yahoo.com;;Active
f7cfc944-87f7-ef11-bae5-000d3ab2ceb1;6atmn/H1ZmUvfEo2NXPn7Jh+Z8spLpb9/FHjoZgwKJIdYgSSp70S8dh+DUZE2ZDhvjCSYUevw+RV0YkolSJfPg==;25.08.2025 09:31;Yaka In?aat Tic.Ltd.?ti.;V2022 (-);Funda Çak?rözü;Funda;;Çak?rözü;;fundacakirozu@gmail.com;;Active
f9cfc944-87f7-ef11-bae5-000d3ab2ceb1;zxlitd6d2zpZGdvpgdvrvrc/FlEO2WxnC7zk8R/yRzKefrSNfttO4Spv3lWL8ZLDbASUcFCqdPqU1Pf9ZTrdxw==;25.08.2025 09:31;Yalç?n Proje Müh.Ltd.?ti.;V2022 (-);Hayati Yalç?n;Hayati;;Yalç?n;;yalcinproje@superonline.com;;Active
fbcfc944-87f7-ef11-bae5-000d3ab2ceb1;Fd+u3LNettnuu/zcI9Rjm7x+Eejd+IKf9Ftwhdcmki3zGV3cO1A5JZRcbBospfU233qZ/Om+2IX98lGVt+yA5w==;22.08.2025 14:21;Cemil Özgür Grubu Yavuz Gökhan;V2022 (-);Yavuz Gökhan;Yavuz;;Gökhan;;ygokhan@yahoo.com;;Active
fdcfc944-87f7-ef11-bae5-000d3ab2ceb1;w8alm4jIOPxc7h5gBk+is2Og38LWSA5/bh7+VPNzdDZXdwl0jR1PVSMZycOpAeuxrVhBNWqtGlQey5fsWGsiog==;25.08.2025 09:31;Kadri Ero?lu;V2022 (-);;;;;;;;Active
ffcfc944-87f7-ef11-bae5-000d3ab2ceb1;EKXXUFsQqjh4oNKdSwPl9vkmKmXc7qLRq3jX4009/c8uI5GNaq8wLGNwi9P8pYX+a/2pDB1PksMUCzffIt4fFQ==;25.08.2025 09:31;Istek Vakf? Üniversitesi;Üniversite;;;;;;;;Active
01d0c944-87f7-ef11-bae5-000d3ab2ceb1;3ENEzy9u1lqLsoXex+5/W0jyuy+VemTyrsA1q117Cdrgut4Ri875ioxypt3cbihXWZ2dZ1pGh8zfOeUvvhonMA==;22.08.2025 14:00;Art? In?aat;V2022 (-);;;;;;;;Active
03d0c944-87f7-ef11-bae5-000d3ab2ceb1;cEa+IdsKNRdCvRSYvCoc7KyDEdcJcqle1OJ/azdLSUPrv0d+E0IjVknInJBLfdXnNdDMK5l3ruDkFIXVZD7/hA==;25.08.2025 09:31;Yenkur Ofis Büro;V2022 (-);Can Yengül;Can;;Yengül;;gyengul@yenkur.com;;Active
05d0c944-87f7-ef11-bae5-000d3ab2ceb1;+G8RZq/Nh8ZxdqQdnEnN8lyiRLso1yfwdBPwoU8QhxGoR6NH13VdQmE+wjQj/5cWs5w0wt8KW0Njbjrrs5l2mw==;22.08.2025 12:58;3B Mimarl?k;V2022 (-);Naci Çetingök;Naci;;Çetingök;;aysenacicetingok@hotmail.com;;Active
07d0c944-87f7-ef11-bae5-000d3ab2ceb1;sd8H04Qb7ZgHCJZh8htbRk2pyG+Yp6BI57/ZoM69K3B5zkHojkq17YJ0zDCiKBG481G/A3Z8JbEGuFXVHlfn+Q==;22.08.2025 13:03;Acarlar Havuz Pazar.In?.Tic.Ltd.?ti.;V2022 (-);MURAT ÇAKMAKÇI;MURAT;;ÇAKMAKÇI;;info@acarthavuz.com;;Active
09d0c944-87f7-ef11-bae5-000d3ab2ceb1;wwbiaN32yqBHOCAxVZbzRZYXniXT08gj7wmmxjOsKmoUFHohrThDCrt8Is/xKihTdLhdgdt5OCRzgb0aSKZsCA==;22.08.2025 13:12;Ak?n Mühendislik;V2022 (-);Ak?n Akbay;Ak?n;;Akbay;;akinakbay@ttnet.net.tr;;Active
0bd0c944-87f7-ef11-bae5-000d3ab2ceb1;ljdvC3O7NzIyqRhv+lJwUZHpkGJtU9R7MYOumkwkF+dkCB+XwQDffEn9RcJUVaXgfyHfLtvHjXON3kyaa7NMIQ==;22.08.2025 13:57;Arel Möble Dek.San.Ve Tic.Ltd.?ti.;V2022 (-);Esat Bey;Esat;;Bey;;info@arelmoble.org;;Active
0dd0c944-87f7-ef11-bae5-000d3ab2ceb1;GLgOmDlNlinmPw5iVLsrAoUXm+jETl6Fc9ir/CDWWbc+AjnwnGFVd/P7vb4zsfgMNTRY1U1OxsuhArlJP3ga0Q==;22.08.2025 14:00;Art? Tasar?m;V2022 (-);Sibel Dursun;Sibel;;Dursun;;sibel_dursun@yahoo.com;;Active
0fd0c944-87f7-ef11-bae5-000d3ab2ceb1;er1Jg3a9EtP8k+fRUUpNMm3duyOQ9EfiYVA9L1d2JV+5U0beDP2Ir1ffU7I0QyeTObJGNM7fzvjOzDJ+S9vwRw==;22.08.2025 14:00;Artyol Mühendislik Mim.In?.Taah.San.Ve Tic.Ltd.?ti.;V2022 (-);Sinan Türkkan;Sinan;;Türkkan;;sturkkan@artyol.com.tr;;Active
11d0c944-87f7-ef11-bae5-000d3ab2ceb1;xmCq2+AnPmNudQcxaVTknO1zawFnxj8QqYYkj05KN/zPN8ChtRL0ZnVwGoOeW9aRheYL7IuRYNOKi38y0zTqMw==;22.08.2025 14:08;Berk Yap? Mim.Müh.San.Tic.Ltd.?ti.;V2022 (-);Osman Oktay;Osman;YIld?r?m;Oktay;;berkyapi@msn.com;;Active
13d0c944-87f7-ef11-bae5-000d3ab2ceb1;h0qBA1NyhzQ1DfQU5gUhTpMKqigL/FYVZ8VJOP+hR9MkYCxD297jQoIiPi27R3wa5apkj0d6z9h3kBhMCYWGCQ==;25.08.2025 09:14;Diken In?. San. Ve Tic. Ltd. ?ti.;V2022 (-);;;;;;ilyas@dikeninsaat.com;;Active
17d0c944-87f7-ef11-bae5-000d3ab2ceb1;ZsaY/aASaXVX2TSyUirKRtKIsqw+/NoWzc8ofSTohdN4oSo8686tcVio/Ag/+o0G/OMZIiby656JfppuvmEYvQ==;25.08.2025 09:31;Femka Mimarl?k Ltd.?ti.;V2022 (-);Nurdan Topograf;Nurdan;;Topograf;;;;Active
19d0c944-87f7-ef11-bae5-000d3ab2ceb1;Sg4/0w4CY5zxL2YMccsQPoq9WAFWJgZQU3F1H7euGIktEMsGKi6yseR2ylG1sMP0zgnjrb85j9ci3NWrexWnQw==;25.08.2025 09:31;Form 13 Mimarl?k Ltd.;V2022 (-);?eyma Berke;?eyma;;Berke;;form13mimarlik@gmail.com;;Active
1bd0c944-87f7-ef11-bae5-000d3ab2ceb1;2x7PTXzJgUge7EFUrXvoaSV3rFhuwt+ui4a2WMGWLfC3FeHEpc0I15z6GRfvhvOxvn2fEhG2vtY8NZd1B1CxVw==;25.08.2025 09:31;Gemta? Gezen Mimarl?k Tasar?m Ltd.?ti.;V2022 (-);?smail Gezen;?smail;Hakk?;Gezen;;gismailhakki3@gmail.com;;Active
1dd0c944-87f7-ef11-bae5-000d3ab2ceb1;YgAWy8VS15zknk93EwYDvX2BZP13dLWHvntISjoiXDGpvor1rLw0cFyBbMS6qbsPBhnv84OzrcwIo3fFsUECZQ==;25.08.2025 09:31;Gün Turizm In?aat A.?.;V2022 (-);Osman Büyükgövez;Osman;Nuri;Büyükgövez;;gunmimarlik@hotmail.com;;Active
1fd0c944-87f7-ef11-bae5-000d3ab2ceb1;w0Pomxzb9uZNP6AnOi5m0vLWJlzQxxLZIwh+BMIRTmqwWPrd8nUjNVezvTx9kjnFvVTFIbKrLDSmbn+VAbkw8w==;25.08.2025 09:31;Güner Tasar?m In?. Ve Turizm Hizm. Ltd.?ti.;V2022 (-);Gülhan Dilaver;Gülhan;Güner;Dilaver;;gunertasarim@hotmail.com;;Active
21d0c944-87f7-ef11-bae5-000d3ab2ceb1;OgEbbOLsJSctqHzvNX1dpKyKFjFAW5bw1YoYXLyOyU4rxaVFQR1UMYOeuDROMG55MJjM+sNKd6u1i/bpXBMX1A==;25.08.2025 09:31;Güriç Mobilya Tasarim A.?.;V2022 (-);ÜNAL GÜR?Ç;ÜNAL;;GÜR?Ç;;guric@ttnet.net.tr;;Active
23d0c944-87f7-ef11-bae5-000d3ab2ceb1;QjKJQc5AXHxPxX8OBhSHF9CbF6Am8eclas9aZUf5ZOSkXfoKfQUktgjqEDhQycMQNWBXnFMX3H+We3VWBDlQTQ==;25.08.2025 09:31;Hülagü Turan;V2022 (-);Hülagü Turan;Hülagü;;Turan;;mimhulaguturan@superonline.com;;Active
25d0c944-87f7-ef11-bae5-000d3ab2ceb1;l/QUh6DLQZajTjfl02WmuPIb6Q7T7zJS4yAhxSQbKkICW5barKO6K23wiiUe4DeCqUUWHoOsEjB3In+b6tnIaQ==;25.08.2025 09:31;Hüseyin Yalç?n Kezer;V2022 (-);Hüseyin Kezer;Hüseyin;Yalç?n;Kezer;;projetasarim@yahoo.com;;Active
27d0c944-87f7-ef11-bae5-000d3ab2ceb1;yfdCxwKx1B5u6q89oHuh2XtmIhZsJKVTrNWfRGDBWt0pjlUkBClO6V9zYwQDpTbfth9pEAQtRAmUPyMgiLrIHA==;25.08.2025 09:31;Istanbul Büyük?ehir Belediyesi Projeler Daire Ba?kanl???;V2022 (-);Reha Yüceöz;Reha;;Yüceöz;;ryuceoz@mynet.com;;Active
29d0c944-87f7-ef11-bae5-000d3ab2ceb1;iJ0H0FgzxE0t6bnUYcDdbRC8on3uC0r+ZUe1W1rRX4UzOcaFfEGzLj8H0Bt3WInM0kd0GlN4CMRpH23ZyQaQIg==;25.08.2025 09:31;Kare Yapi Iç Mim.Dekorasyon;V2022 (-);RUH? GEZER;RUH?;;GEZER;;kareyapi@gmail.com;;Active
2bd0c944-87f7-ef11-bae5-000d3ab2ceb1;+3/3kh0tDS9kJuC4lnKV4LDNOdspRFF1Wj6sytn2uaX7JARBMTP5I+2rSNKOeQwUKxreDmFvdLneTCLd3bq01g==;25.08.2025 09:31;Kentsel Tasar?m;V2022 (-);Celalettin Çavu?o?lu;Celalettin;;Çavu?o?lu;;kentseltasarim@yahoo.com ;;Active
2dd0c944-87f7-ef11-bae5-000d3ab2ceb1;1mPLWJA4mwxl523o45jiP0YqMp52WvWJTg6X+nx4LLQszQ31NtyXBgNgfQT8tj6f9HeV68+CFACq7ui7oTMW1w==;25.08.2025 09:31;Küpeda? Mim. Müh. In?. Taah. Tic. Ltd. ?ti.;V2022 (-);?smail Ünsal;?smail;;Ünsal;;kupedagmimmuh@yahoo.com;;Active
2fd0c944-87f7-ef11-bae5-000d3ab2ceb1;MRfRjW0EHPrmwJ+xUGG75oF0xW+1qXBLV7jRgJ/YJ7oT/VjgUtyxqdegFyPOkgZDoMWDBJJpCeDxKX2YAjO+VQ==;25.08.2025 09:31;Levent Mimarl?k;V2022 (-);Levent Gözlüklü;Levent;;Gözlüklü;;mastaba.2003_22@hotmail.com;;Active
31d0c944-87f7-ef11-bae5-000d3ab2ceb1;W5NOj2XeUn5ABRuMsqGysCz3HhmPjYKjI/2AFVVLy4m48TJKIC9hFf2T6KGEL6ozGi2TsI/wmI5iU3AK+XvK9g==;25.08.2025 09:31;Mehmet Parlar Mimarl?k;V2022 (-);Mehmet Parlar;Mehmet;;Parlar;;;;Active
33d0c944-87f7-ef11-bae5-000d3ab2ceb1;KvY7Y/BxudaN1GojIwNxwv3XF6exhwcETYCOdL1qsP00o+DtbmtA93m70/CBalG3H/R0FtshKO2y09+nu7vcqQ==;25.08.2025 09:31;Metal Yap? Sistemleri;V2022 (-);Burhan Ergüner;Burhan;;Ergüner;;burhan.erguner@metalyapi.com;;Active
35d0c944-87f7-ef11-bae5-000d3ab2ceb1;76yRgfnVLfDBZ7SdfXMxn8+dxTefgFhn4Xz/hrIxxmWuaJnmXN59iJTGA5y/3/nNgKC9XLaQB6u+djM17PwfuA==;25.08.2025 09:32;Ops Tan?t?m Hiz.Ltd.?ti.;V2022 (-);Fatma Özberki;Fatma;;Özberki;;fozberki@hotmail.com;;Active
37d0c944-87f7-ef11-bae5-000d3ab2ceb1;r3TGrDS4xYjZhTG1KcMySWeaRK8UmhZM0ku66uAw9P00uPThNPHmveoTd0s01suiF5T7uBeLex0mlhAcjH1aOw==;25.08.2025 09:32;Pimeks Plastik Do?rama Sist.San.Ve Tic.Ltd.?ti.;V2022 (-);Aysu Yavuz;Aysu;;Yavuz;;pimeks@pimeks.com;;Active
39d0c944-87f7-ef11-bae5-000d3ab2ceb1;88X31DIQJdFYL0U6p/Wetq96MH9elXC442SgS7SHw9u9xKoykN1Vsy67K4txd1WANNOdfWgefBoVmxQbVVbdzw==;25.08.2025 09:32;Poliform In?.Proje Taah.San.Ve Tic. Ltd.?ti.;V2022 (-);ABDULLAH ERENÇ??N;ABDULLAH;;ERENÇ??N;;poliform@superonline.com;;Active
3dd0c944-87f7-ef11-bae5-000d3ab2ceb1;MAgzaLNSFAU+d8TvpTtxftXZX0yzOpVSBWuxUDYMgEo2Hy8vLh5/XssfmhQm03COtElwRpuBH3xLgsv9SUIw5w==;25.08.2025 09:32;Restoreks Restorasyon In?.Mim.Müh.Dan?.Taah.San.Ve Tic.A.?.;V2022 (-);ÖZCAN GÜRSEL;ÖZCAN;;GÜRSEL;;restoreks@ttnet.net.tr;;Active
3fd0c944-87f7-ef11-bae5-000d3ab2ceb1;VDCzriMXCWtv0c8Z+O8m/ULVRqy/nTBqnOKqxkXSr8e0mnbWhr5uOzcZObvdeqUOcE7Ryz1c1KNyAzWNBv02yQ==;25.08.2025 09:32;Safran Boya Ve Kimya San.A.?.;V2022 (-);Ayhan Gürel;Ayhan;;Gürel;;;;Active
41d0c944-87f7-ef11-bae5-000d3ab2ceb1;zm8A+zO4eYV2242tAVOvDp/ssghjBu/fgpoqf4KKjlbFPB1ucaaPJ79PDr+veTUA/I7a/fSqXSS6pNcEkeKraA==;25.08.2025 09:32;?ahin Mimarl?k;V2022 (-);Osman ?ahin;Osman;;?ahin;;sahin15osman@hotmail.com;;Active
43d0c944-87f7-ef11-bae5-000d3ab2ceb1;qcqwDYeimd7N1uKXA9bJ17DiOUHf12VQOxMMrLD/IjtIUZTxYsSJFXAjc0gvfVq7k70sWhon94yf9ipukjBbWw==;25.08.2025 09:32;Seç Tasar?m Mimarl?k Hizmetleri;V2022 (-);Seçil Çivitçio?lu;Seçil;;Çivitçio?lu;;secilcivitci@hotmail.com;;Active
45d0c944-87f7-ef11-bae5-000d3ab2ceb1;vKthN3jpByaY/uBtlHvIEJ0N8TjnlRBqRAuFVwckN8fstged+PfgE02CCbdm/A9StrgEudUyQTcvX7pWKZt8pA==;25.08.2025 09:32;Seranit Seramik San. A.?.;V2022 (-);Ay?egül Alter;Ay?egül;;Alter;;;;Active
47d0c944-87f7-ef11-bae5-000d3ab2ceb1;jkyGvnvCnkFud7Ga9Ht/0PA/deKOH38JeU3dIZKfG+pgRIeUINUp3l07CBuca7fHp3PiYOY/WIyue6n3M4Ix3Q==;25.08.2025 09:32;Serdar Bora Iç Mim.Ve Dek.Tic.Ltd.?ti.;V2022 (-);FERDA ÖZATMAN;FERDA;;ÖZATMAN;;;;Active
49d0c944-87f7-ef11-bae5-000d3ab2ceb1;fk17sphkJqHbRKpwap5j/de0E83BKe/6sRbOrEVGCDI4HsbtrZoNsO38IJS44o9039JZuZ7wIFE2ISsE48ubjA==;25.08.2025 09:32;Üniform Mimarl?k;V2022 (-);Hakan Özka??kç?;Hakan;;Özka??kç?;;uniform@isnet.net.tr;;Active
4bd0c944-87f7-ef11-bae5-000d3ab2ceb1;39Pik4TpiGle54s7X3shpQSLJKuCQVX95WZme564WiD3mL/QZLa9H03uz5LodioXYLocX2AyW11Z5I/JKhpxnA==;25.08.2025 09:32;Yücehünkar In?aat Mimarl?k ;V2022 (-);Atilla Adal;Atilla;;Adal;;atillaadal@gmail.com;;Active
4fd0c944-87f7-ef11-bae5-000d3ab2ceb1;VgzimLdKl7NOZoR7YJ39E9/IlNzeQ8uTV4pt9lwY1Z/lAv/DFaxr0xmS2f4YbbTWazgwqgvIQccCp9pRSk22Bw==;22.08.2025 13:12;Akgün Seramik;V2022 (-);Esra Akay;Esra;;Akay;;esra.akay@duratiles.com;;Active
51d0c944-87f7-ef11-bae5-000d3ab2ceb1;KfTjHn/o0iTBemieVZPFCs2WorRPWWl8GpLhwkMR9d1hhsyfk5AtKqH8a/8p1EspR8RzLv+i51rzPQr3xuBL2A==;22.08.2025 13:57;Arb Mimarl?k - Ay?e Ba?;V2022 (-);Ay?e Ba?;Ay?e;;Ba?;;arb_mimarlik@hotmail.com;;Active
53d0c944-87f7-ef11-bae5-000d3ab2ceb1;QHdgb9D20FbUb3f8nwM7lFQqbd8Vgjc3Vf4x32AFxJDbXSg3KPS9YZfyV1nYuEJ97vDNOuysJZ/PJtjT5v1Jiw==;25.08.2025 09:32;I??k Proje) Ltd. ?ti.;V2022 (-);HAKAN BAHADIR;HAKAN;;BAHADIR;;info@isikyapidenetim.com;;Active
55d0c944-87f7-ef11-bae5-000d3ab2ceb1;MGHFtVl36cZlz3sqD/i7nv7MDkQFJqv12O4ddIvYCg2mcpv25926X8CQ/f9o15vwj8S/lkXFr1aYzIci4hLr1g==;22.08.2025 14:17;Çaba Tasar?m Sanat Uygulama Ltd.?ti.;V2022 (-);Çelik Erengezgin;Çelik;;Erengezgin;;celik@erengezgin.net;;Active
57d0c944-87f7-ef11-bae5-000d3ab2ceb1;VSX1Gj7ffNMrK+mxxTlLTt7lmGtdhSC06YozY2JMa/yL0kXQsAEdhDxCgjYuPmoN980T34MWHcEyvN4rVoqEwg==;22.08.2025 14:24;Çukurova Üniversitesi  Güzel Sanatlar Fak,Ltesi Iç Mimarl?k Bölümü;V2022 (-);Erkin Ertan;Erkin;;Ertan;;eerten@cu.edu.tr;;Active
59d0c944-87f7-ef11-bae5-000d3ab2ceb1;JTAPq/wvjnqCHSKybg5WEFU0dBLQ83a4tWOSPlZ9pYr0DmiEuDRu70dgEuAzOBzs/SldIQR0WkTIDM7WeHmdKA==;22.08.2025 14:30;Eke In?aat Sanayi A.?.;V2022 (-);OKTAY KETEN;OKTAY;;KETEN;;oketen@ekeinsaat.com;;Active
5bd0c944-87f7-ef11-bae5-000d3ab2ceb1;8HF4bDlvY1Yz0v0z46AoidMwkyz/MgLZeyg2qmJFupw7LtEg8Az+xJ/NzWZRWXkV4QUq3LsJvC8xe9xVLv1jlA==;25.08.2025 09:32;Fikri Terkan In?.Ltd.?ti.;V2022 (-);Fikri Terkan;Fikri;;Terkan;;a_pasaoglu@yahoo.com;;Active
5dd0c944-87f7-ef11-bae5-000d3ab2ceb1;jc5Xjq3f6CLHWgpoi6D014KCzYG/ph0xBL4NGR4rda8KlfFEXJSbLDKrexyTBDfoLU5lRXF0fcInLEGuIRpH1g==;25.08.2025 09:32;Inanöz In?aat Ve Tic. Ltd.?ti.;V2022 (-);AHMET ?NANÖZ;AHMET;?LHAN;?NANÖZ;;satinalma@inanoz.com.tr;;Active
5fd0c944-87f7-ef11-bae5-000d3ab2ceb1;Re7OxL6PYzw4Lvwxzg9qUURKVk0dopH0OGsLkefrouId+8OdLrEHIsDauGAhrQ6QssH8VfmiS65bQ+kF+Yajsg==;25.08.2025 09:32;Kar??yaka Belediyesi  Plan Proje Müdürlü?ü;V2022 (-);Nilüfer Varl?;Nilüfer;;Varl?;;nilufervarli2000@yahoo.com;;Active
61d0c944-87f7-ef11-bae5-000d3ab2ceb1;//L4Yu/Etg93RRiUbUM9rDL5OGwlxsPF2sxjnS3U1KTLHFXpMZrY03+n0Koh8Wvapy4xLqXCI6TAx0USI1jbOw==;25.08.2025 09:32;Mrc Tasarim Proje Yönetim Uygulama Ltd.?ti.;V2022 (-);Yavuz ??çimen;Yavuz;;??çimen;;info@mrc.tc;;Active
63d0c944-87f7-ef11-bae5-000d3ab2ceb1;gnwUaj+e3x4ZSRncTz+Wk2IyWsw4H2gUtC/ooK+NJsmhvW4ZdMT4eznoEARH9Knk5BB6ztbR2QIPYS2K0/UNqA==;25.08.2025 09:32;Odaba?? In?aat;V2022 (-);Cenk Odaba??;Cenk;;Odaba??;;odabasi@odabasi.com.tr;;Active
65d0c944-87f7-ef11-bae5-000d3ab2ceb1;LQIfiFAgXfqWwkQgdfBOXOBPaoxOLXoOxDJEFvMHsL+csUWR5HOi84mSEc7sT+cJ7Ov8IEeS100loUbya/PzEQ==;25.08.2025 09:32;Sa?l?k Bakanl??? In?aat Onar?m;V2022 (-);Mustafa Y?ld?rmaz;Mustafa;;Y?ld?rmaz;;mustafayildirmaz@hotmail.com;;Active
67d0c944-87f7-ef11-bae5-000d3ab2ceb1;UqVc79LFIINAGJ2Zh7eoy8GYrl7Eb8XAHdI6iSbNVWaQRz1WPNindaNPp7xQlZCgMHrbTczTfJYK/ijpvPuk9g==;25.08.2025 09:33;Sar?alan Mimarl?k;V2022 (-);Ekrem Sar?alan;Ekrem;;Sar?alan;;sarialanins@mynet.com;;Active
69d0c944-87f7-ef11-bae5-000d3ab2ceb1;2HGurPZUGRCMsC6ivE37KMNntR3rQyvssthL92E812b0qDRkGgLY5czPWP3OI251HoqmotftcciWggmO5sNH6A==;25.08.2025 09:33;Saruhan Mimarlik;V2022 (-);AY?E SARUHAN;AY?E;;SARUHAN;;saruhan@saruhanmimarlik.com;;Active
6bd0c944-87f7-ef11-bae5-000d3ab2ceb1;0BPSAvH1zuDXNMbwUB/pwPOeKNO2NnfaTynIbv0R6TjBYeq+MJUJuEEgc/N9kfHm/BBZEAeMGKNgRmjoJu0Nsw==;25.08.2025 09:33;Sothis Mimarl?k;V2022 (-);Semih Dede;Semih;;Dede;;sothis@sothismimarlik.com;;Active
6dd0c944-87f7-ef11-bae5-000d3ab2ceb1;Zo1nWtjGtEbJZzpIjT0FOwgVq4eejmyE930Fd++FxzDa5PlHvpRjcBx+k1RN7X/HrzLnz3rEjIxgp1Jf8Ao6JQ==;25.08.2025 09:33;Süleyman Demirel Üniv. Park Ve Bahçeler ?ube Müdürlü?ü;V2022 (-);Muzaffer Öztürk;Muzaffer;;Öztürk;;omuzaffer@sdu.edu.tr;;Active
6fd0c944-87f7-ef11-bae5-000d3ab2ceb1;zQHh2s+U8gfnJmhZc8gikBdhPqFZw5VwnLSLRLlMIRQp8tMOfuEkuK2giwlOaoVCFjjGDLX5hssXu578+A48bg==;25.08.2025 09:33;Tokat Belediyesi Gider Müdürlü?ü;V2022 (-);?brahim Uslu;?brahim;;Uslu;;fenisleri@tokat.bel.tr;;Active
71d0c944-87f7-ef11-bae5-000d3ab2ceb1;/hMtymRD8P/B3GFSVqGSH7ym4P4HEIBZdKRmE/iRqENDpSUHZ0qoCAWfjL1akw9IyZps0tXYma7atpnAJytAAg==;25.08.2025 09:33;Yalç?n Proje Ltd.?ti.;V2022 (-);Sabri Yalç?n;Sabri;;Yalç?n;;yalcinproje@mynet.com;;Active
7bd0c944-87f7-ef11-bae5-000d3ab2ceb1;IiWe0tYm2MDx1Hg48pne5MbHjSNIsLukO9S+KHskJcP0uQjRxPqrWhxJ80nKxd1svyMnPWXC3/2LJd/+wAgC+A==;22.08.2025 14:02;Atölye ?ema;V2022 (-);Osman Ayradilli;Osman;;Ayradilli;;osmanayradilli@yahoo.com;;Active
85d0c944-87f7-ef11-bae5-000d3ab2ceb1;WjCiq61XMpigZgxhs9o770OCOsS8sa+DeLYKbJGl6BdADDs5mYHwdeeBIShp/8o2lHQn3gEtynIv7d94c3GRGA==;25.08.2025 09:33;Kale Pazarlama Tic. A.?.(Istanbul-Anadolu);V2022 (-);TU?BA ÇAKMAK;TU?BA;;ÇAKMAK;;tugbacakmak@kale.com.tr;;Active
8bd0c944-87f7-ef11-bae5-000d3ab2ceb1;opngJp89G+1aYF1zeymGH4uNLBUcJLxHif6adUwGeEI/e1cu5SL+XJo/Fx59pfyXTb27Hwj5c0jJlZUwjsiLLg==;25.08.2025 09:33;Pendik Belediyesi Etüd Proje ?efli?i;V2022 (-);HASAN GÜL;HASAN;;GÜL;;hsngul@mynet.com;;Active
9bd0c944-87f7-ef11-bae5-000d3ab2ceb1;B+V+AUI0c/b1w5ROTrazrp3CJCLc08kDyLwpSw+rw3gDkjyCEYmTU0l82gtAHT3Yi3/3jhddLXrRNSUc/YXXCw==;22.08.2025 13:02;3E In?aat Mimarl?k;V2022 (-);M. Ademo?lu;M.;Ebru;Ademo?lu;;ebru@3emimarlik.com;;Active
9dd0c944-87f7-ef11-bae5-000d3ab2ceb1;tmZoIiu05NNdEQDJIkgiX6eFR62832gA6mYXYgY4b657o8JVLeu6WzrYC043S/L8Wg4XavvzxjC75zLNpPPgig==;22.08.2025 13:05;AE Mimarl?k Atölyesi;V2022 (-);Ahmet Erdinç;Ahmet;;Erdinç;;ae@aemimarlik.com;;Active
9fd0c944-87f7-ef11-bae5-000d3ab2ceb1;8Pl3CB1uX3HIcwsxU3f9uLmiG2qwzttNpBkYvUNoTEvhsntRCOVlGK5DMmxelWQSaJGtlBumf41CN1CdCWAt6w==;22.08.2025 13:06;Ahenk Mimarl?k Mühendislik Tic Ve San.Ltd.;V2022 (-);Yavuz Önem;Yavuz;;Önem;;yavuz.onem.38@hotmail.com;;Active
a1d0c944-87f7-ef11-bae5-000d3ab2ceb1;Xk7LeLR2TtPgxOdIeMn6SBhiCXakbskrLmTsg/VTYupLvEKEY+04hphsj/3Cur7Sh/cExTMGizeUYNTyNEcQWg==;22.08.2025 13:11;Ahmet Özarman Group (Aslan Boya) ;V2022 (-);Rasiha Gökalp;Rasiha;;Gökalp;;suleymanozerman@gmail.com;;Active
a7d0c944-87f7-ef11-bae5-000d3ab2ceb1;tBF7dGp4w7us3uuBFmedSl7UQe28ZFb/UwLm7rV+veHWEYzsk+yB5GqVyjyRdc/0+8oqwA6hOIFQ4H1hkDXN7w==;22.08.2025 13:36;Alacal? In?aat Sanayi Ve Ticaret A?.;V2022 (-);Tuna Can;Tuna;;Can;;alacali@alacali.com.tr;;Active
a9d0c944-87f7-ef11-bae5-000d3ab2ceb1;iKQYwDqw/CQpEA8GKRq+NLO7tdsnUdGSq0hupN+mCf2J+lSMey8sYoA/y3tJIp1RbNSi6LE/OwHZqDliOAZTYg==;22.08.2025 13:36;Alanya Belediyesi Imar I?leri Müdürlü?ü;V2022 (-);Sebahattin Badem;Sebahattin;;Badem;;skyunal@hotmail.com;;Active
abd0c944-87f7-ef11-bae5-000d3ab2ceb1;MtPZoq5rFcOAhxzSWo3OL4IF1pG4uvSyjVPWYPSbdKKZoo1LhEN6xLMGsPTByi3VRmwGDQ3Z3JUxBhy22cgW6Q==;22.08.2025 13:36;Alata? Mimarl?k;V2022 (-);Ahmet Alata?;Ahmet;;Alata?;;office@ahmetalatas.com ;;Active
add0c944-87f7-ef11-bae5-000d3ab2ceb1;vj20f2iVu2M6v0GYPs4gFqJJN67QzUfTw7p6CmTzau3mXF/IKMSi99OTVuu7ij8FOrup2sQRAwrGj+bIrVR6FQ==;22.08.2025 14:08;Berk Mimarl?k Müh.Hiz.Ltd.?ti.;V2022 (-);Zerrin ?nceler;Zerrin;;?nceler;;berkmim@hotmail.com;;Active
afd0c944-87f7-ef11-bae5-000d3ab2ceb1;007vGwVwt+Gi3RURRF90d8bgSunySMHAR/HjQKMZN/xrllziLwX6EHhfvaF6V5bhZjkwTwpnsfbZlXRbW/psOQ==;22.08.2025 14:08;Be?ikta? Belediyesi;V2022 (-);Haluk Barut;Haluk;;Barut;;halukbarut@besiktasbel.tr;;Active
b1d0c944-87f7-ef11-bae5-000d3ab2ceb1;E0UjibnzuYDFycnCxbIm8gwhNOeGvYH761+CqTUrkddGdyS4B+qp3w2jG5WsVhEAQdjgewd9G3vaUOK18GwGqA==;22.08.2025 14:12;Boytim Boya In?aat Ltd.;V2022 (-);U?ur U?urlu;U?ur;;U?urlu;;hakan.gevrek@geserparex.com;;Active
b3d0c944-87f7-ef11-bae5-000d3ab2ceb1;t5yUL9I6T7jtYXelyA42QHfieCG/QIP5tTOGT80gGgSRCsDbIP+o6qyExzxotMkw7fWTdwwLpCX6U8oVIaTFGg==;22.08.2025 14:17;Ça?da? In?aat Mimarl?k;V2022 (-);Aytu? Bargu;Aytu?;;Bargu;;cagdasmimarlik@yahoo.com;;Active
b5d0c944-87f7-ef11-bae5-000d3ab2ceb1;zPjWqV5Q3+xOsgbVWjI1TYIm3bxsQXNUzFHt4MK3QL9KVHCNRMoaXUQxvlti+C4KsOOwDUpDCj6wIFz6PLmajg==;22.08.2025 14:24;Concept Design;V2022 (-);Aziz Cennet;Aziz;;Cennet;;;;Active
b7d0c944-87f7-ef11-bae5-000d3ab2ceb1;hHTn0x4osi5U7UULIxDJQHyKb+PMMm/MDl9twsW/GRS+PGnz6Fkippbhw39IrrhXo+flXq6Z2LwoN1ALJiQJ2w==;22.08.2025 14:24;Çuhadaro?lu In?aat.San Ve Tic.A.?.;V2022 (-);Mustafa I?lak;Mustafa;;I?lak;;insaat@cuhadaroglu.com.tr;;Active
b9d0c944-87f7-ef11-bae5-000d3ab2ceb1;ziaGF/Z34Gotfxa99Fdd3nC70qMx5qVodoDPR6abxF/4tHT3KRPw6ZjRtvIF6k9PdelkWVPe0l86iM+W6aHC/Q==;25.08.2025 09:14;Dim Dizayn In?aat Mimarl?k A.?.;V2022 (-);Y?ld?r?m Gigi;Y?ld?r?m;;Gigi;;yildirimgigi@hotmail.com;;Active
bbd0c944-87f7-ef11-bae5-000d3ab2ceb1;sMkn3ran48yPiVcnuFP75tpyOXApF8cvEEoI03HiiDLMs5wERzdVVzJ/i7Bd0earws2Bv+fgN5YCOu6B3rEswA==;22.08.2025 14:30;Elif Dizayn Ltd.?ti.;V2022 (-);Yavuz Er;Yavuz;;Er;;mimaryavuz@hotmail.com;;Active
bdd0c944-87f7-ef11-bae5-000d3ab2ceb1;uKh/O6LWepi5YGGe8W5wwg2ohCAe0t39QyXEXq850hWa9H+uFmpcO9zQfCmCzOy0dyohOCXOQxAKo6YnUVqNAw==;22.08.2025 14:33;Erdal Ataerkil;V2022 (-);Erdal Ataerkil;Erdal;;Ataerkil;;;;Active
bfd0c944-87f7-ef11-bae5-000d3ab2ceb1;yYh0MkRAFSl2OfdG0+EiVCayP/zVityRzs4SFy1c+LWnnJGpiU4TEcGutJE0tRcxyGYFF63OHQxUF7OjIusuHg==;25.08.2025 09:33;Ertur Mimarl?k Ve In?.San.Tic.Ltd.?ti.;V2022 (-);Arif Yazar;Arif;;Yazar;;arifyazar1970@hotmail.com;;Active
c1d0c944-87f7-ef11-bae5-000d3ab2ceb1;5UDSdxKXYHIcjmEF9z1jchS8oA5TVqBqRoS9V+A6gLVsIiAYoVVeAGKSai51EUM38Q84NDeG66BlPqORLnoN1Q==;25.08.2025 09:33;Eyüp Belediye Ba?kanl?? Planlama Müdürlü?ü;V2022 (-);Betül Yavuz;Betül;;Yavuz;;betulyavuz@hotmail.com;;Active
c3d0c944-87f7-ef11-bae5-000d3ab2ceb1;ksLKtwoq5EGIbG85S2FO6S2Eb3Cet08m8XM1p1ATD7uBEOyqB4wdSa3U4YzkU1D9Q9oHmIssrb16k4f1f/u/Gw==;25.08.2025 09:33;Fitnat ?entürk (Vipkom Bilgisayar Ve Müh.);V2022 (-);F?tnat ?entürk;F?tnat;;?entürk;;fitnatsenturk@hotmail.com;;Active
c5d0c944-87f7-ef11-bae5-000d3ab2ceb1;4CfYd5vXTY+u/TA83IwT85YlxBohui6yiEaQ0EtYmnvwwY1LCzQAFd0XOKxyIylczuiMOIcsaLdhY70zNVW9bg==;25.08.2025 09:33;Hale Aksoy;V2022 (-);Hale Aksoy;Hale;;Aksoy;;aksoyhale@hotmail.com;;Active
c7d0c944-87f7-ef11-bae5-000d3ab2ceb1;OFTudNuxRjsiKGntxxmEWg/DrDd79JgZR64zd66LuZdc/bgZ7Aa2kf+nlA6BhK98+H2UU2n+yOAlMY153ng+rQ==;25.08.2025 09:33;Han Yap? Grubu Müh. Mim. In?. Ltd. ?ti.;V2022 (-);Murat Y?ld?z;Murat;;Y?ld?z;;hanyapigrubu@hotmail.com;;Active
c9d0c944-87f7-ef11-bae5-000d3ab2ceb1;gapQWYHennSu+C70ZwGJrJnPZ/IY4/ffd2A/Ffd+oiBqM0fmUNOrZmGYKWVcL034KD/EG+PgJhIugD6DT+w0Iw==;25.08.2025 09:33;Hera Mimarl?k Ltd.?ti.;V2022 (-);Cihan Saraço?lu;Cihan;;Saraço?lu;;cihanecem@hotmail.com;;Active
cbd0c944-87f7-ef11-bae5-000d3ab2ceb1;3N/2FeTTXAcR0dD49XgSvlqOE4Y9jutW94dKwJW1f2nv82P1+KLKvi2cqzI8mN48qkf3QMKMJMMAyFnzqiaWDw==;25.08.2025 09:33;Il Sa?l?k Müdürlü?ü Istanbul ;V2022 (-);Ali K?tay;Ali;R?za;K?tay;;ali_kitay@hotmail.com;;Active
cdd0c944-87f7-ef11-bae5-000d3ab2ceb1;wtoV4qD4fCTknL9lFfk9XSz6cAiGdHVZ9XSUPFHUJUFwLk4fKKNW7ZS+l5BZR1ZUkgayNfbQPIQ4w3bvtdflgA==;25.08.2025 09:33;Inta? In?aat;V2022 (-);Hüseyin Talak;Hüseyin;;Talak;;intas@mynet.com;;Active
cfd0c944-87f7-ef11-bae5-000d3ab2ceb1;/Y3oLtIY8iNV8qL5GZOcEmMCYHDThVU+CyL9G/3rUEVSKgwZd+QXaswU60rYUA16qoP5uQkdMg81zkKfEls7RQ==;25.08.2025 09:33;Kare In?aat Taah.Tur.G?da. San.Tic.Ltd.;V2022 (-);Sami Tonga;Sami;;Tonga;;mail@kareinsaat.com;;Active
d1d0c944-87f7-ef11-bae5-000d3ab2ceb1;UHh5TUwU08HmSNubXiW2BVyC5RbENVOnAx0Wzxal5UBPzn5enrcKd9bKCt11T5JwurqycwWcBVPCV4ZhE3Lmzw==;25.08.2025 09:33;Kar??yaka Hisar Ozalit;V2022 (-);;;;;;kskhisarcopycenter@hotmail.com;;Active
d3d0c944-87f7-ef11-bae5-000d3ab2ceb1;lMgeOH4BfupjsoqlLpidCswLwTcGgbVAQbR8TjV1PPpFGPFa4VMMxWpnyyM24aJpV/xeYkHaGDE6CvHWV7vyvA==;25.08.2025 09:33;Mag Sa?l?k Hizmetleri Ve Malzeme Ith. Ihr.Tic.San.A.?. ;V2022 (-);Musa Edemen;Musa;;Edemen;;musaedemen@hotmail.com;;Active
d5d0c944-87f7-ef11-bae5-000d3ab2ceb1;G/6Q/LlI8HlxuSsxZwKa+43MSmQFXKCnL2bbfOELrXXpH8Uw6awxYqa/cYeA5HEimbISMjK3HfcBCUk00EuA0w==;25.08.2025 09:33;Meges Boya San. Ve Tic. A.?.;V2022 (-);Meltem Mavkan;Meltem;;Mavkan;;mmavkan@megesboya.com;;Active
d7d0c944-87f7-ef11-bae5-000d3ab2ceb1;R3nYsN4MQSesYTSuuNhfIjdweT95r6m4GDSwcLdrekPRYqZa0DIy8MSXEfKwoIXR20KBwuBW29qU11qrRiRD5Q==;25.08.2025 09:33;Mimak Mimarl?k In?.Mak.Ltd.?ti.;V2022 (-);Haydar Aktürk;Haydar;;Aktürk;;mimakmimarlik80@hotmail.com;;Active
d9d0c944-87f7-ef11-bae5-000d3ab2ceb1;+XTnHCG82tr387ExPjG3sX3376SH+B6triIR6zIMCSV2piV4Mdu3gDTXE8oHESp+Tsh67+7d78Hns4ZCXQoblQ==;25.08.2025 09:33;Ocako?lu In?aat;V2022 (-);Vahap Ocako?lu;Vahap;;Ocako?lu;;vahapocakoglu@hotmail.com;;Active
dbd0c944-87f7-ef11-bae5-000d3ab2ceb1;te623ZIUs90U7AtOiQil/NbeFaLaisTe7zGQD1D44ceRtaL8Z0fWDV5L0Djh42v86+KQgAmilX9rj8idXsMb+w==;25.08.2025 09:33;Odunpazar? Belediyesi;V2022 (-);Aysun Ayd?n;Aysun;;Ayd?n;;aysunkurunc@hotmail.com;;Active
ddd0c944-87f7-ef11-bae5-000d3ab2ceb1;B59O440hgKpPeEGb5O6F8F0fmtlecLmyo+GkGplTlpHLV7dy9ST3XUg0ZhLbiILung0hviYvXR0GbjxjYlY7nA==;25.08.2025 09:33;Öfg Mimarl?k Bürosu;V2022 (-);Ömer Güler;Ömer;Faruk;Güler;;ofguler@gmail.com;;Active
dfd0c944-87f7-ef11-bae5-000d3ab2ceb1;aiK6Skvu5sayxaOmTEAwj7D3RsmE8XwEnXoRg5AbBJKW1K/ZmqEqjdggPX6bbAvtRihE3zTTYRNqQYgf/p1ZHw==;25.08.2025 09:33;Ofist Mimarl?k;V2022 (-);Yasemin Arpaç;Yasemin;;Arpaç;;ofist@ofist.com;;Active
e1d0c944-87f7-ef11-bae5-000d3ab2ceb1;RxNK/jqMuHlXZ/pCu8nSK+4rYTZkzoIpIyo4GoZEuVwst030nTy+3UdesTZtw6ScgvpJqrYSCcwqpjQklP2rcQ==;25.08.2025 09:33;Özden Tasar?m Ltd.;V2022 (-);Arif Özden;Arif;;Özden;;ozden@arifozden.com;;Active
e3d0c944-87f7-ef11-bae5-000d3ab2ceb1;4Gle72+nrMUNLpjUZPMH4anLHB8bfVwjb4UjR4kWRnNao9/lM8yIl7z6odH2FAlCYTTZX+0DEMrASX8DXBYtng==;25.08.2025 09:33;Silkcoat Duvar Kaplamalar? San.Ve Tic. ;V2022 (-);Göksel Tezcan;Göksel;;Tezcan;;silkcoatl@silkcoat.com;;Active
e5d0c944-87f7-ef11-bae5-000d3ab2ceb1;PppEf15MMzwysnIMiqT2E1wclxPtpgdY8RY+lgGv/Tl5oiT04wCfgJ/JBV1DEj1DUFoTJFv8aoWdTMGkZcPKrw==;25.08.2025 09:33;Treysan Prefabrik Çelik Yap?lar San..Ve Tic.A.S.;V2022 (-);Tolga Akda?;Tolga;;Akda?;;treysan@treysan.com.tr;;Active
e7d0c944-87f7-ef11-bae5-000d3ab2ceb1;PrwAU5By66KS/VqUXP3QLRMKTfYr+DlWmZv7WsiNSJqFm5IDJolW38IKDAUukN84ItmrPTqCuRctNFN4V8XjWA==;25.08.2025 09:33;Türkan Gürz;V2022 (-);Türkan Gürz;Türkan;;Gürz;;turkan.balci@mynet.com;;Active
e9d0c944-87f7-ef11-bae5-000d3ab2ceb1;Gb8gHEeVAyAi3vfwE6p8t5BTX9ylT7eEaCs0GLawPp8RabiATNlsY+e3N8+r4p17Y3UAoxIpp4VDjt9I+7ehuw==;25.08.2025 09:34;Yavuz Mimarl?k;V2022 (-);Seval Yavuz;Seval;;Yavuz;;yasarseval@gmail.com;;Active
ebd0c944-87f7-ef11-bae5-000d3ab2ceb1;yfP+o6b2D4/fBMjp9c4hw/NekgwbHaUrmDLnSl0fFzPKlIzBlOKDhJ9zcGyC8/8UWicc0bFjFWG4L3EQ8EeBpw==;25.08.2025 09:34;Yeni Hayat Müh. In?. Tur. I?letmecilik;V2022 (-);Kadir E?im;Kadir;;E?im;;kadiresim@hotmail.com;;Active
edd0c944-87f7-ef11-bae5-000d3ab2ceb1;OryLzlplOHVgAha5XL65q10w+uJabymGsVgtzHO6UhLcIPVmNyLrmaKC3knEC/benDieET5N9uTUIaMho66I+w==;25.08.2025 09:34;Zoom Mimarl?k;V2022 (-);Atilla Kuzu;Atilla;;Kuzu;;atilla.kuzu@zoom.com.tr;;Active
f5d0c944-87f7-ef11-bae5-000d3ab2ceb1;YSxLJ/LiEkvRaKJtcpPNdbel+kJhTTb9KYOp6qf8BOvPAmfCMJXj1LeurwFRDUS0K9c58xdi8bG1ulNJNF2kng==;22.08.2025 13:11;Akart Mimarl?k Müh. ;V2022 (-);Emel Sönmez;Emel;Akar;Sönmez;;akarsonmez@hotmail.com;;Active
ffd0c944-87f7-ef11-bae5-000d3ab2ceb1;zXhNVNtF1agCHHXNDVEbesbLFwbmK14sGtqYw5C1qILCFXYsUEYclmyHEIAsJTqZkp8dwWfmm0tNYrOu4OoK3A==;22.08.2025 14:06;Band?rma Özbek In?aat Ltd. ?ti.;V2022 (-);Mehmet Özbek;Mehmet;;Özbek;;gokhangulec__@hotmail.com;;Active
2dd1c944-87f7-ef11-bae5-000d3ab2ceb1;lia6kdRqFtswZRWDdg4QD/Ff/dZ69fEUQvV4/p+E7UmWLz/LvF4sv81QhhblKWwGAKbNZb32CUiqWluXwDC53Q==;25.08.2025 09:34;T.C Eskisehir Anadolu Universitesi Muhendislik Mimarlik Fakultesi;Üniversite;EDU;EDU;;;;;;Active
3dd1c944-87f7-ef11-bae5-000d3ab2ceb1;11OxLML1GOimBLRFkekaYxzbmwHl9M9IlJN726AbnJZLVonr0W5DuYY1MVtHrv9+eiJDroQou5PkC0YkKUI0Kw==;25.08.2025 10:35;Kam Ankara Beton Sanayi A.?.;V2023 (+);Ersen Saydam;Ersen;;Saydam;Proje Yöneticisi;ersensaydam@kam.com.tr;0541 324 06 58;Active
3fd1c944-87f7-ef11-bae5-000d3ab2ceb1;R01XTnbrSenwzBYoQEER+9UBPrA4SwAvOkTyObMFdxYBT5/HiR1lE6FzSbhjQiW3x0B/J0IKxPYfCUs8qbOJHg==;25.08.2025 10:36;Kam Ankara Beton Sanayi A.?.;V2023 (+);Süleyman Erdem;Süleyman;;Erdem;Allplan Kullan?c? - Tekniker;suleymanerdem@kam.com.tr;0542 205 33 13;Active
43d1c944-87f7-ef11-bae5-000d3ab2ceb1;fRAC69aKcFb6Ibp+kAFJDO0NB+4cq9baN53Esh3Jtfw1A0p9n+GCFHjHAAdMbIc2EvSF+XYGGAb6fNLT0VGrdg==;25.08.2025 10:39;Kam Ankara Beton Sanayi A.?.;V2023 (+);Salih ?çkedal;Salih;;?çkedal;Sat?n Alma - Muhasebe;salihickedal@kam.com.tr;0530 549 60 18;Active
4dd1c944-87f7-ef11-bae5-000d3ab2ceb1;OEDvlqrca2d2ApAK3bkkcQw0HkIwc9tscrxgN6CngbOrQH+ehjypOj76ENih1pbWZ/Y/JNQqFmOOuKvPm0nqNA==;25.08.2025 09:34;Mira Yap?sal (Mustafa Söyler Mimarl?k);V2022 (-);Mustafa Söyler;Mustafa;;Söyler;;msoyler@mensmimarlik.com;;Active
4fd1c944-87f7-ef11-bae5-000d3ab2ceb1;8cyP2JlGLdEbMA3c/FpP0LxXxj4xADQpSVyvHJv4tI7yP+SCZXL4z52DzCRr6m2I2cKXzxDYfGonniW+3GufBw==;25.08.2025 09:34;Mira Yap?sal (Mustafa Söyler Mimarl?k);V2022 (-);Mustafa;Mustafa;;;;mustafa@mustafasoylermimarlik.com.tr;;Active
51d1c944-87f7-ef11-bae5-000d3ab2ceb1;6TntB48xexF8gfzrDBSikJsCH8gZ6Lfe/0CUrUcPrEJQqpz7yBrQiuIz59JtPKy8hul8n4VTVMNG+AckTXBXHw==;25.08.2025 09:34;Mira Yap?sal (Mustafa Söyler Mimarl?k);V2022 (-);Bülent;Bülent;;;;bulent@mustafasoylermimarlik.com.tr;;Active
5fd1c944-87f7-ef11-bae5-000d3ab2ceb1;IX5mgIpC3DU6JZ9As+Ks8eb50REg8YOb7Zx0yQR0fLOmuTIu3bcaVyWQqo20wG+wv1NJLFGqYRYQgUGdfwuJCg==;22.08.2025 13:57;Arcade Mimarlik Ilkay Baydemir;V2022 (-);;;;;;;;Active
73d1c944-87f7-ef11-bae5-000d3ab2ceb1;vvdt5J2zmn9j0xOAKVJGkajzYiEg+F0T9zJr0hytpvALgDbWH120qDSSX2ONtPNxcecn2BA9ioH+p3YJwbt1Bw==;25.08.2025 09:34;Norm Ozalit Ahmet Karaarslan;V2022 (-);;;;;;;;Active
89d1c944-87f7-ef11-bae5-000d3ab2ceb1;Usd9d0OSv8WpjLwULX5SoI2LYMnzzBX3fPuGN81Zh+2x9poNOU4SPTHvK96+T8Dr8cWzyNC0vUbUF2z9yYxkkQ==;22.08.2025 13:05;Ada Mimarl?k Co?kun Sökün;V2022 (-);Rukiye Güvenmez;Rukiye;;Güvenmez;;adamobilya.adana@gmail.com;;Active
8bd1c944-87f7-ef11-bae5-000d3ab2ceb1;ihjYeYY2ZG8SHGM9PH2kAasXBtlA+Bu+u2YBZo0GlEWU6fiJYEdJnaOSBOhq5oITjnBKpAd3X7JTJ4JHz0wU3A==;22.08.2025 13:37;Alkan Mimarl?k;V2022 (-);Çetin Alkan;Çetin;;Alkan;;alkan_mimarlik@hotmail.com;;Active
8dd1c944-87f7-ef11-bae5-000d3ab2ceb1;e/OkwF5/mHshPnH76ygrHMPFS8NKSzSXr52R+Pgs06QHlifJeFKdVspHU+0RwyKiBKR8Ia/2o5bV3DXbYnag7g==;22.08.2025 13:40;Alpa Design;V2022 (-);Alp Güvenilir;Alp;;Güvenilir;;alpguvenilir@gmail.com;;Active
8fd1c944-87f7-ef11-bae5-000d3ab2ceb1;nODkHB9BG32VDtQgowoiNJL64sdD1f/T/hNUoLWiQwvBzaFllxg6Y38aOQz/ftrGG9PMZMGqvhkgphEFyVWbNw==;22.08.2025 13:58;Aresta Mimarl?k;V2022 (-);Bülent Akta?;Bülent;;Akta?;;arastamimar@hotmail.com;;Active
91d1c944-87f7-ef11-bae5-000d3ab2ceb1;awYPDPTIQv8zC3eYDpyLIclTdWDOFG4yDRkHvKqQgwKOXlkoYVFpADndDfjNPOypKykx8Nn0tA3pHPmeez3L9Q==;22.08.2025 14:32;Ena Mimarl?k;V2022 (-);Feridun Aygören;Feridun;;Aygören;;feridunaygoren@gmail.com;;Active
95d1c944-87f7-ef11-bae5-000d3ab2ceb1;XXzeoU8+9reANAcZSaYuwrpb/VIAEtyY+CALvUBaX2Xa65JLxOFGFJIMB0/tiTNQwwnirtiwzovqWBXbZpMvvQ==;22.08.2025 14:09;Betek Boya Ve Kimya San. A.?.;V2022 (-);Feza Avc?;Feza;;Avc?;;feza.avci@betek.com.tr;;Active
97d1c944-87f7-ef11-bae5-000d3ab2ceb1;Bc5+CKE3I8byxQ2BEuct0OTBuDnrOlV5Rgvn6RgQHIWhYouq+wKQ+VfAE0AUv538ox8m0zRtBC/4bXeZWy/xEA==;25.08.2025 09:34;Yidiz Mimarlik Ali Erol;V2022 (-);;;;;;;;Active
99d1c944-87f7-ef11-bae5-000d3ab2ceb1;XGGk33KfO/N/AqcjkTZswPhliPbvIXXcbakZdsBS9SD3korU+VvJz1NiLGGa2a4XSkWqwCbZlT5mMzRi+nMCVA==;22.08.2025 14:10;Biat In?aat A.?.;V2022 (-);Ali Çetiner;Ali;;Çetiner;;alicetiner73@hotmail.com;;Active
9bd1c944-87f7-ef11-bae5-000d3ab2ceb1;vQ8F7BwPo0uTMJMX+nz0QacZzxA45FKZOrblsCXO05jq6HmpA0dA6djCPiT6anWOyYIPwZ1loDkxYEpgXSrMWA==;25.08.2025 09:35;Gintek In?aat;V2022 (-);Recep Dadak;Recep;;Dadak;;recepdadak@gintek.com.tr;;Active
9dd1c944-87f7-ef11-bae5-000d3ab2ceb1;TmYnCqmqZ3AxYi2DAYgHgMD0zFkhFJI+xbxEl6TnvF7m2UyKqZLeezf7iM+tFmfnDfe6bOsnUsGxVfUfkm1FMg==;25.08.2025 09:35;Gmd Mühendislik;V2022 (-);Meriç Sapç?;Meriç;;Sapç?;;;;Active
9fd1c944-87f7-ef11-bae5-000d3ab2ceb1;WUp7oWJy+SDYuFr8TsflyLn0cweAFrulPZi3ZEYjMGlIAz7DB5EE8hSqQ46ku2AUkNfDnkSIPhIuArSi8r/o8w==;25.08.2025 09:35;Gordion Grup  (Kge Ortak Giri?im);V2022 (-);?lkay Dursun;?lkay;;Dursun;;info@gordiongroup.com.tr;;Active
a1d1c944-87f7-ef11-bae5-000d3ab2ceb1;IBgfWfrDV6kHWR9D6XmTBBiLGSumnD8CjLc4aTl0nJjKZudxZjRF+SAKndjHZaK82s8jVCfWZznW2GcJJG35NQ==;25.08.2025 09:35;Hayal Mimarl?k Müh. Prj. In?. San. Tic. Ltd.?ti.;V2022 (-);Yalç?n Meral;Yalç?n;;Meral;;mimar.yalcinmeral@gmail.com;;Active
a3d1c944-87f7-ef11-bae5-000d3ab2ceb1;RLfGRLqSjEX6GWM4qWQZ92BCG7n13eBkt9973rSeIsyobsLB7TXexV0n+VAu7jgROJ7IIf7t5Pgy+gooTMINAw==;25.08.2025 09:35;Osmaniye Il Sa?l?k Müdürlü?ü ;V2022 (-);Ahmet Asena;Ahmet;;Asena;;ibrahimdemirturk@gmail.com;;Active
a5d1c944-87f7-ef11-bae5-000d3ab2ceb1;9ePKGrRV4vpk4p7CL/dAJV1nWnMuPMDUbD4je33AFnD2Xtl9PDD5TdK/gsVNSD8ZS3MVpTb59dDvusxGhzuJGQ==;25.08.2025 09:35;Karyapsan A.?.;V2022 (-);Songül Akta?;Songül;;Akta?;;songulaktass@hotmail.com;;Active
a7d1c944-87f7-ef11-bae5-000d3ab2ceb1;DTwkz1i2BkpgL5xZ4l7o1TXsGXH8ZO7dF448ufIxQlJ9h7PE8Z56Djko9Tv6VXhVBzp1D/ErWFk7eAF9STGh9g==;25.08.2025 09:35;Kür?at Aybak Mimarl?k;V2022 (-);Can Çak?r;Can;;Çak?r;;info@logoconstruction.com.tr;;Active
a9d1c944-87f7-ef11-bae5-000d3ab2ceb1;bZlvNUUrg4TFqOWHvdk/KFlMtTMj+ChZ0MjHb9EZJD5Pd8iKxJJqPwufT+BDVJdmhQcEoFo+AkmpHTS8kj8J0A==;25.08.2025 09:35;Lgt In?aat;V2022 (-);Muammer Gencer;Muammer;;Gencer;;buge@lgt.com.tr;;Active
abd1c944-87f7-ef11-bae5-000d3ab2ceb1;ah10B48QammjYwQXzwCqG/g1Rd66PO01SChg+qV1bJgjLcuYb5fDs0eMyhwg2QF6XyG7IFQ2rJsvWdW0yWi2Ww==;25.08.2025 09:35;Met-Ser ;V2022 (-);Emin Metin;Emin;;Metin;;metser14@hotmail.com ;;Active
add1c944-87f7-ef11-bae5-000d3ab2ceb1;a3oCooG70AtNZs0C/VzaYIGC9eJTfOIi5AeNZkXQScDg137HfL1oiAxdKacOSjRapKocz6L7z25ODrOYuKpylA==;25.08.2025 09:35;Muratpa?a Belediyesi Yap? Kontrol Müd.;V2022 (-);Abdullah Akbaba;Abdullah;;Akbaba;;abdullahakbaba@gmail.com;;Active
afd1c944-87f7-ef11-bae5-000d3ab2ceb1;Ntrf4ATB+VvleVAGjeRC8UvxIypBd0ZWRUB/LtPWe2cnc7VNuUW6JRcbyi0LPt23tOkgvmDjEOC5DUIzjDLLTg==;25.08.2025 09:35;Orson Mimarl?k Atölyesi Ltd.;V2022 (-);?brahim Tütenyurt;?brahim;;Tütenyurt;;orson@orson.com.tr;;Active
b1d1c944-87f7-ef11-bae5-000d3ab2ceb1;cV+dZqgwL0G48nWWrkLzX22oh46JF0/OtEEEpBt9PaaAdhJW7E/RhXHwnui1LfQDf5K42/ve0h3gxLyEcT8B3A==;25.08.2025 09:35;Samko Müh. In?aat;V2022 (-);;;;;;;;Active
b3d1c944-87f7-ef11-bae5-000d3ab2ceb1;PU9aPrUebOeVidUpNQPm5sBc2pgiHEWWZdCYouEc1wQF3/1wAyBzY6IBoIq7hW2CpnNfeTwOvW5Qm/rIihS1xQ==;25.08.2025 09:35;Tasar?m Mimarl?k Mühendislik Tic.Ltd.?ti.;V2022 (-);Kerim Soytürk;Kerim;;Soytürk;;kerimsoyturk@hotmail.com;;Active
b5d1c944-87f7-ef11-bae5-000d3ab2ceb1;DbyXE6Vhw+lV3l6mwPAGjmr1+uoOf2piEMTb7KuUNjCSH55h66vMoh5uQxWoDn2X2AftCpKf+goLjy7xQNTVYA==;25.08.2025 09:35;Ta?yap? In?aat Taah. San. Ve Tic. A.?.;V2022 (-);Yalç?n ?ahin;Yalç?n;;?ahin;;yalsahin79@hotmail.com;;Active
b7d1c944-87f7-ef11-bae5-000d3ab2ceb1;RjqySwWRAS3M1y1DAa8RtH2XV9RhZ+CIvVITTTmIwsmeQtqlCEeqplRutdKM0rpBfOAb/DwB4n7M6m2qfzOlFA==;25.08.2025 09:35;Tempo Müh.Hiz.A.?.;V2022 (-);?lyas Ganiç;?lyas;;Ganiç;;proje@tempo.biz.tr;;Active
b9d1c944-87f7-ef11-bae5-000d3ab2ceb1;XrnLBIluscIET5ueCWenh6fGoUh2SkH8uSYm27H8Z5iXY1doJtE2LfwPKEKqspfjMVnlQOfW5fn0JDbpmifkEQ==;25.08.2025 09:35;Trot Mimarl?k;V2022 (-);Hilal Erbakan;Hilal;;Erbakan;;hilalerbakan@superonline.com;;Active
bbd1c944-87f7-ef11-bae5-000d3ab2ceb1;FDZKbhYv+XBv7STpWSF8jVDkfjxv7YD2lPmPhV7FAxv2/fy1Jclm6ZhrsgWWH8V5tN2+8iAIMHKcmhLgkX8HxQ==;25.08.2025 09:35;Vaha Mim. Müh. In?. Turz. Tic. Ltd. ?ti.;V2022 (-);Durali Keskin;Durali;;Keskin;;info@vahamimarlik.com;;Active
bdd1c944-87f7-ef11-bae5-000d3ab2ceb1;YQ/Ktl7bZq0RBPw/gI+V/9SsXmHTT3m28rU0e/+P6X9jpWQ17TDSL74kiACVBxsmv3vsze3NPUk0P16TQEKVCg==;25.08.2025 09:35;Yüksel Paker;V2022 (-);Yüksel Paker;Yüksel;;Paker;;yukselpaker@gmail.com;;Active
bfd1c944-87f7-ef11-bae5-000d3ab2ceb1;GpKzi94YylRD713W0atnE7UJ+vsn5xWdF4s5l34zdvuCgmkw5Np9wJHQpYpyYRV2NjBHF6ImD0PAF0OlLRegLg==;25.08.2025 09:35;Mavi Mimarl?k Mühendislik;V2022 (-);Özlem Yavuz;Özlem;Uyba?;Yavuz;;ozlemmavimimarlik@gmail.com;;Active
c1d1c944-87f7-ef11-bae5-000d3ab2ceb1;YtEELO1JTxS4mH1wrNFglsxnhSXiJIra5xzg4VWhBTG6hE/glWYvzrtDiTH4JPlyrOrHhbMtgTbzV1dY5GK05Q==;22.08.2025 13:44;Andaç Ye?men;V2022 (-);Andaç Ye?men;Andaç;;Ye?men;;andacyegmen@gmail.com;;Active
c3d1c944-87f7-ef11-bae5-000d3ab2ceb1;KHaSjyVrW+4JqpvQsFIBV36lk21PxFXEWLor/oA3/OhwlcG+kmnlu/vSNP3ojbI/APG01BZmE+++rWGyxc/wKg==;22.08.2025 13:44;Ankara Büyük?ehir Belediyesi;V2022 (-);Ahmet Akkaya;Ahmet;Naz?m;Akkaya;;sblorc@hotmail.com;;Active
c5d1c944-87f7-ef11-bae5-000d3ab2ceb1;3cVFABPQEzphODpQOsdAGgAWbdiOUjElKu3BUckaqADmMRrcwP3UzIooK3WkloLJLWD2uj4oeFQiXKOOAo3qoA==;22.08.2025 13:58;Ar?l Mimarl?k ;V2022 (-);Mustafa Yücelen;Mustafa;Behçet;Yücelen;;yucelenb@gmail.com;;Active
c7d1c944-87f7-ef11-bae5-000d3ab2ceb1;WxymkEISaDI8Qg6oHIUPhm3kEDUEX3xJkTx+HQoNf+V1Gx64Upx0o9AG9GeoGtgVQgscTGWDYHiLPKveLF2A+A==;22.08.2025 14:20;Çelebi In?aat Tah. Tic. Ve San. Ltd. ?ti.;V2022 (-);Muzaffer Çelebi;Muzaffer;;Çelebi;;muzaffer@celebiyapi.net;;Active
c9d1c944-87f7-ef11-bae5-000d3ab2ceb1;NM2t+Ow9qIGZlanrajbBVprT+iR+ob5BJ4QFFVHD6gnvAvvJXO9O7/gncZLRnBvkk+T29WFGktYQfjfLhzDzMQ==;22.08.2025 14:33;Erkas Ins.Muh. Mimarlik Ldt.Sti. Ayla Karagoz;V2022 (-);;;;;;;;Active
cbd1c944-87f7-ef11-bae5-000d3ab2ceb1;J0GsbWjtNIji8MsVuw+rojRrO9m/gaysM3lfePSQYJHHnejAQEmbdy9p1CO4oPhCBpJd/nW8zcg+WA+p7j6EtQ==;22.08.2025 14:02;Atakan Insaat Atakan Coban;V2022 (-);;;;;;;;Active
cdd1c944-87f7-ef11-bae5-000d3ab2ceb1;yD9dyLG0/MFDZ85sQYlUO5PpaBq0/7FNTq2bBKCDJHX9NBH71DN2Aka/5RYOGU/86HY6TLXtaisuAC9NvvX93A==;22.08.2025 14:22;Çerçi Haytaç In?aat Tic.Ltd.?ti.;V2022 (-);Bülent Çerçi;Bülent;;Çerçi;;m.bulentt@hotmail.com;;Active
cfd1c944-87f7-ef11-bae5-000d3ab2ceb1;97mWe2dWK5ASbnzC26GuRLZ/c7GXC7f6CjkH2Jk9E7PVfuwGUWc+3GxPzP+i5gnpYmUOeJjGhOa8qi/IaJmX5A==;22.08.2025 14:11;Biz Cevahir Insaat Yasin Gezer;V2022 (-);;;;;;;;Active
d1d1c944-87f7-ef11-bae5-000d3ab2ceb1;+5gu0u1GPXNuWeDeqkTKkdGXJKZxwM8vYLr7FTFr8GX7EEMDXJpnpOOeIwxc7mHzmjz8U6BnZpJ4OYHxp1SUWA==;25.08.2025 09:10;Deniz Mimarlik;V2022 (-);;;;;;;;Active
d3d1c944-87f7-ef11-bae5-000d3ab2ceb1;PTyIoXjpugj3af+mQ3oy/GWHS38uB8bfolJAPcI93EQxmKt2womb04/ihQuQ/zWDkJxujhcRsx+wAOfZvEt8gw==;22.08.2025 14:26;Edim In?aat Ve Tic.Ltd.?ti.;V2022 (-);Cumhur Yücel;Cumhur;;Yücel;;ycyucel@gmail.com;;Active
d5d1c944-87f7-ef11-bae5-000d3ab2ceb1;dHADaC15RPd9KEc/oOg9Dz1THqv1oN2l4Z2ZE9KDq1V1znrqBkgehWHlHXVHe/0p62vFgoYwKUU1FHCGasCuPA==;22.08.2025 14:33;Ensari Mobilya San. Ve Tic. Ltd. ?ti.;V2022 (-);Kubilay Ensari;Kubilay;;Ensari;;kubilayensari@gmail.com;;Active
d7d1c944-87f7-ef11-bae5-000d3ab2ceb1;LjvEdSYfj+FM/4L5M3f31vxb3ITwDx6tyQAdOx6WBP0EO5qYmaaKhvmP1UXTyVDZxlGn1qW2+vA8tWMBJHnQfA==;25.08.2025 09:35;Galip Kaya ( Bar?n Mimarl?k Müh.);V2022 (-);Galip Kaya;Galip;;Kaya;;gkmimarlik@gmail.com;;Active
d9d1c944-87f7-ef11-bae5-000d3ab2ceb1;nCAqDemTyqwZ02XXHJVzfg+lm6Fa3SWrLaVY95MdaWq9rHjo7qJpb5iwauFKhEtNvWORVTbJdZWjSscYvraF8A==;22.08.2025 13:44;Anka Mimarlik Ali Kahraman;V2022 (-);;;;;;;;Active
dbd1c944-87f7-ef11-bae5-000d3ab2ceb1;OQqEhVw5m+SjhtQJJCVMNh2iKIKfYiLs8ZZgFZrY5JuuDd9iymQbSSI4k2Cc1+Y+1okhG/wAFfIlxggiYbkTnQ==;25.08.2025 09:35;Gotik Dan??. Mim. Müh. In?. Tic. Ltd. ?ti.;V2022 (-);Serpil Y?lmaz;Serpil;;Y?lmaz;;gotikyapi1@gmail.com;;Active
ddd1c944-87f7-ef11-bae5-000d3ab2ceb1;5N3mVmZ78sQ7WeoNevyg+tEh4rPZtbxj4NPvqaGcU+LZranpQFG54fipFI0LG1r4WM0aQ8s95bPHRreNEq9m6w==;25.08.2025 09:35;Hendese Mimarl?k In?aat Ltd. ?ti.;V2022 (-);Mesut Kemal;Mesut;;Kemal;;mesut-kemal@hotmail.com;;Active
dfd1c944-87f7-ef11-bae5-000d3ab2ceb1;5x10iW0q/CNf8Od5N5vDQH5KCkaVmVuCQlAAzavT8YiShe5+CTwmmoqjGP55vEt3UxX8xKEnRELMcumaE0tzgA==;25.08.2025 09:35;K?na? Yap? End.A.?.;V2022 (-);Hamdi K?na?;Hamdi;;K?na?;;iletisim@kinas.com.tr;;Active
e1d1c944-87f7-ef11-bae5-000d3ab2ceb1;Vj+iR7NukM4nkGMWOE4tDHu0j2eONqjeF6SjiLE0uKh1r2gIu3DFbJbhAi7PHsflJz1pAqBcedjLTb/+VCYZXA==;25.08.2025 09:35;K?r?ehir Il Özel Idaresi Bay?nd?rl?k Müdürlü?ü;V2022 (-);?eref Alpaslan;?eref;;Alpaslan;;seref_4040@hotmail.com;;Active
e3d1c944-87f7-ef11-bae5-000d3ab2ceb1;sxOtK0andlScoFAF50+4n5T3nMENDVzsOol9w8S+xM9nbfms6BzxBfpSXcYL/8FZxTXJuJF1frkHdaROyGNhSw==;25.08.2025 09:35;Kvg Group;V2022 (-);Ömer Bisen;Ömer;;Bisen;;obisen@kvggroup.net;;Active
e5d1c944-87f7-ef11-bae5-000d3ab2ceb1;pmEr4DH9e6p+YnSN03zT7jO8z/vYAr/JX4agAcFI1zrneS1I6jt/xSak8RAqkDx49WOz7d0BlJupqyeJACIopg==;25.08.2025 09:36;Özgün Tasar?m;V2022 (-);Serhan Özsel;Serhan;;Özsel;;serhanozsel@gmail.com;;Active
e7d1c944-87f7-ef11-bae5-000d3ab2ceb1;c2GOuivRRb0NFyiza8WzSQM0OZU5NLHktOt1yUXfZso3UKEWWtPWPJ7WG65SWGhg3SCQjPY+T78jwwHqYIM94A==;25.08.2025 09:36;Sadettin Gündüz;V2022 (-);Saadettin Gündüz;Saadettin;;Gündüz;;gunduz24@gmail.com;;Active
e9d1c944-87f7-ef11-bae5-000d3ab2ceb1;87Ft4Y81HcHj3qkNfibAvidtzqOsJqSimBQHgPnqROb8T7WLSAbEekMGDxvyt/7Xfiw6evzxvaip9llx4up5eg==;25.08.2025 09:36;Tigma Mimarl?k Dekorasyon Ltd.?ti.;V2022 (-);Tu?ser Arabac?o?lu;Tu?ser;;Arabac?o?lu;;ildem@tigmamimarlik.com;;Active
ebd1c944-87f7-ef11-bae5-000d3ab2ceb1;dgQEzmuQmr+XPJEM505N8fR2cdkBp9E1UWm0cmHwuRxo56eFSn7gXKMAF+XorUe8T/g++f2QcrTA5cVgAkKoDg==;25.08.2025 09:36;Yap?ta? Ltd.;V2022 (-);As?m Güzel;As?m;;Güzel;;asimguzel1@hotmail.com;;Active
edd1c944-87f7-ef11-bae5-000d3ab2ceb1;yhAzXgPSmdmV6OTwbSoWGnyrwAhguSrG6aGt/cUZGZVmYx0exCAbcnQfuxVe6Sd9vQFvbEC5qZMEmXKj+RKgnA==;25.08.2025 09:36;Y?ld?z Mimarl?k ;V2022 (-);Ayhan Y?ld?z;Ayhan;;Y?ld?z;;yildizmimarlik3@hotmail.com;;Active
efd1c944-87f7-ef11-bae5-000d3ab2ceb1;Hrt+Ate5r/c1hEWl/P2h2D64QKW1GgOwid1wjB6o14UEru/brwoejdhr7Jl3KADdywnTqMm7fV2PwcTToCGS1g==;25.08.2025 09:36;Vardall? Mimarl?k Ismail Seza Vardall?;V2022 (-);;;;;;;;Active
f1d1c944-87f7-ef11-bae5-000d3ab2ceb1;eHM6OBUQI7lKhSyuPp1nGGR/43UebcboP7+GEwSEnuClj3fLRYMhejro7gocNm7nTGj1Afwlk6FwpgDeOuPzgg==;22.08.2025 13:03;Abika Yap? Tasar?m Izol. Mim. Müh. Mü?. Ve Tic. Ltd. ?ti.;V2022 (-);Selçuk Korkmaz;Selçuk;;Korkmaz;;selcuk.abika@gmail.com;;Active
f3d1c944-87f7-ef11-bae5-000d3ab2ceb1;ZZFm5dnVS9Rbk3LO2S26OeX2pgLOhcoADCkn9rCnoBJW+g1gf6gfr6VNXqjK+SOV0Qn+8DeudG0WLWsSe1kF6A==;22.08.2025 13:12;Akhisar Belediyesi Fen I?leri (Allplan);V2022 (-);Mehmet Bakkal;Mehmet;;Bakkal;;mehmetbakkal84@gmail.com;;Active
f5d1c944-87f7-ef11-bae5-000d3ab2ceb1;dJRf3Nn45DD+GyU+h5KcT/dfZSmIa+OFj5jjL/ymvpCdwXmic0VS19mmXgTz9qCGhlTwkarmyrdRFoe+Xhv8/A==;22.08.2025 14:08;Berk Yap? Ltd. ?ti.;V2022 (-);Selim Lümal?;Selim;;Lümal?;;berkyapi@gmail.com;;Active
f7d1c944-87f7-ef11-bae5-000d3ab2ceb1;/AUAN4FGZ7zZIUYTMKwUZiSHogz5CStm11h3pQ5nOKlMBH0uFtale7GrCCSqcU3upu3RgfMIy7LjfOQNV0xy9g==;22.08.2025 14:10;Betonel Prefabrik Beton Elemanlar? Sanayi Ticaret A.?.;V2022 (-);Burak Uyaro?lu;Burak;;Uyaro?lu;;ozenci@betonel.com.tr;;Active
f9d1c944-87f7-ef11-bae5-000d3ab2ceb1;uyn93muqgpq3EXM7jb/WlX2sw7ZBeGE+2r1Sk8bjJX2N5arApkY+NtMZb8mK1UVhBnnGveGAlRPnnv6c99l55g==;22.08.2025 14:10;Bilecik Belediyesi;V2022 (-);Halit Do?an;Halit;;Do?an;;halitdogan@hotmail.com;;Active
fdd1c944-87f7-ef11-bae5-000d3ab2ceb1;m/E6zgcHU5syhcEARMAi/+xVUBA4gWE/MqONZuuU0K/QmCRFFqA5syAVPwT6HtUvuUiZ4RvtjlPp1KE8BxUNYA==;22.08.2025 14:16;Bursa Il Özel Idaresi Imar Ve Yap? I?leri;V2022 (-);Levent Rona;Levent;;Rona;;leventrona@hotmail.com;;Active
ffd1c944-87f7-ef11-bae5-000d3ab2ceb1;2vmr4i24PhlwUJ09z8ShwF8lFivueJFkkvU/mcG6zILToFPMbJ+6sTymlIo4psBOi0/dIgvdBC6fm9ihoINoHA==;22.08.2025 14:30;Ekinta? In?aat;V2022 (-);Derya Yeltekin;Derya;;Yeltekin;;dtufan@ekintas.com.tr;;Active
01d2c944-87f7-ef11-bae5-000d3ab2ceb1;fichp3vy7UaAa4JIrDJBremKHFuxmqhG/di0dAasWPX+fP8bytmHLvk7ElDmC4FqUqZB7SygfTsZT+70CdJJvw==;22.08.2025 14:33;Eray Nilüfer (Net Ke?if) ;V2022 (-);Eray Nilüfer;Eray;;Nilüfer;;eraynilufer@gmail.com;;Active
03d2c944-87f7-ef11-bae5-000d3ab2ceb1;Z3Q6heNqPKgeaIFX1/+jtdV1s+Q3gFVizHSqXcmUvepT0VNGrqyV5TAifodO7pm/7ecFzHb15yOST8DiXlKpqw==;22.08.2025 14:33;Erda??  In?aat Tic. Ve San. Ltd. ?ti.;V2022 (-);Hakan Erdo?an;Hakan;;Erdo?an;;info@erdagiinsaat.com;;Active
05d2c944-87f7-ef11-bae5-000d3ab2ceb1;7ZJjx7OZ1NopaPFlSgDqnok9M3em8RV2UyJhT4T7f8eJCxvnwJ5WDJdgmU1Q/Saq+on2XK1NPtV33afgkdcuYA==;25.08.2025 09:36;F. Selcuk Evci Ortakligi Tüge Öncel;V2022 (-);Tüge Güne?;Tüge;;Güne?;;tugeoncel@hotmail.com;;Active
09d2c944-87f7-ef11-bae5-000d3ab2ceb1;6v5OrVCShpJBFAVeZoxqy0+ldlGxJePoVB3HtUelhaZnSOM0UGyL57gTOoVZaqSlP0eCNYI09bJ5zIIig8S1Vw==;25.08.2025 09:36;Kadir Yörük Mimarl?k Ltd.?ti.;V2022 (-);Tahir Pusmaz;Tahir;;Pusmaz;;umitoner38@hotmail.com;;Active
0bd2c944-87f7-ef11-bae5-000d3ab2ceb1;Ig/oiEXFdrYv/wQwULK/+TFGg9T++d7pIJ5sz7iVY+67TsbNh5mVDZ1f+H4J1BIp7Jp0bar2MSL/vVkWpzIoVw==;25.08.2025 09:36;Makas In?aat;V2022 (-);Kemal Makas;Kemal;;Makas;;info@makasinsaat.net;;Active
0dd2c944-87f7-ef11-bae5-000d3ab2ceb1;urwgs7MJTDzGX7j3Gagxgi6msvULrP3sbuePjg5ReBYkWSj271VOMYvEwTAgOQpZkhHleAQpper9+jDRArGRBA==;25.08.2025 09:36;Marshall Boya Ve Vernik San. A.?.;V2022 (-);Müfit Akgün;Müfit;;Akgün;;ozlem.uzun@akzonobel.com;;Active
0fd2c944-87f7-ef11-bae5-000d3ab2ceb1;QyS8F1l21bGcjnaEAG5FuTkyRfDfeZnanscGoKtoYK4pyRBWA7RSYNNJ1QcnXsx4Wm8dX7xaQ5Qhfi/iamH8iw==;25.08.2025 09:36;Murat Be?p?nar (Teia? Genel Müdürlü?ü);V2022 (-);Murat Be?p?nar;Murat;;Be?p?nar;;mrtbespinar@gmail.com;;Active
11d2c944-87f7-ef11-bae5-000d3ab2ceb1;0RSOmGn9jqU/zwWtauAwgDxrie6zLZfmiadijVMfqrHRl1RW4jajQjx6/GEI10xN9ZBeunwT/07NwH9/ExuM8A==;25.08.2025 09:36;Mustafa Ek?i In?aat Tur.San.Ve Tic.Ltdi?ti.;V2022 (-);Alper Bay;Alper;;Bay;;insaat@mustafaeksi.com;;Active
13d2c944-87f7-ef11-bae5-000d3ab2ceb1;Yen982ioYHvjjopLaO03dnq9Q6J8qtpjYG4CSRsk0+SJyfjZFxqzRsCdK8wexOFqmLaTfTHFw4jeJ3wSub4PBA==;25.08.2025 09:36;Parlaklar Pazarlama Ta?.San.Tic.Ltd.?ti  ;V2022 (-);Nuri Parlak;Nuri;;Parlak;;mehmetparlak@hotmail.com;;Active
15d2c944-87f7-ef11-bae5-000d3ab2ceb1;MoG3s2fZQcXSz/vkxRjjcVFCyfZe+TIdNnbGQSc0Rr5wmKQGEI50et7bnhCsBHHcITmmFHb/2v3fBW12Gu+flg==;25.08.2025 09:36;Soyak Yap? In?aat San. Ve Tic. A.?.;V2022 (-);Serkan Kara;Serkan;;Kara;;skara@soyak.com.tr;;Active
17d2c944-87f7-ef11-bae5-000d3ab2ceb1;rp1Sxe2wpYD19KN3EkYU/ZYwXhWZ6Jjyh2OWvLK9cu7hw777GXJ011DWA2ZCKOnOSWgFEIMmCt21/NwGohZWMQ==;25.08.2025 09:36;Yap? Tek Proje Müh. Mim. In?. San. Tic. Td. ?ti.;V2022 (-);Cengiz Haluk;Cengiz;Haluk;Haluk;;cengizhaluk@hotmail.com;;Active
19d2c944-87f7-ef11-bae5-000d3ab2ceb1;8/ElORXdolAStmVnIa3y+AmZmPvB8lmSFDHYxi3TIwPXxUtxkbjCPYtFQCpVOTNotUhT7Kej1ovr6lmcaxit1w==;25.08.2025 09:36;Yozgat Belediyesi Park Ve Bahçeler Müdürlü?ü;V2022 (-);Harun Aslan;Harun;;Aslan;;haslan66@hotmail.com;;Active
1bd2c944-87f7-ef11-bae5-000d3ab2ceb1;LJPtK+hIJgwA4qszzZn/Cj0hK4UD4hrY3332GCuvqq/7VZxL9dRJjxwh54X8AX7fJl5TJdKf46jDPF4aTgEsuA==;22.08.2025 13:36;Alaturka Mimarl?k Ltd. ?ti.;V2022 (-);Mehmet Sava?;Mehmet;Sava?;Sava?;;savaskatitas@hotmail.com;;Active
1dd2c944-87f7-ef11-bae5-000d3ab2ceb1;xPFI8XV+eZsmfG0ElQ2eLw54zRcskxCImoMwmgonGn9nAb2dtbwdmXQLPsG3097wtfClPBge7siDrceZAAbMzg==;22.08.2025 13:37;Ali I?keçeli Mimarl?k;V2022 (-);Ali ??keçeli;Ali;;??keçeli;;aliiskeceli@hotmail.com;;Active
1fd2c944-87f7-ef11-bae5-000d3ab2ceb1;RwVo65PIkw1n7KyE+3fc2XCAyHw+H878OwCpVG2q9WVdsPsmANoiB9ZOM2hPtylN0coHs6fIIasnnURo5T8DnA==;25.08.2025 09:36;Istanbul Vatan Saglik Hizmetleri A.S. Kubilay Ensari;V2022 (-);Gamze Baysak;Gamze;;Baysak;;uhgproje@gmail.com;;Active
21d2c944-87f7-ef11-bae5-000d3ab2ceb1;vFllmts0VJPu7z/+wS1Eze8iZ8Nm7bwSHQ9sHd/VknlXMIlm7pxQl8/Mu9tLGeePLEMOISc6NtPvrfh9TDa1Ug==;22.08.2025 13:40;Alt?n Çini Ve Seramik San. A.?.;V2022 (-);Erkan Akar;Erkan;;Akar;;;;Active
23d2c944-87f7-ef11-bae5-000d3ab2ceb1;JIdkCOBOlOGEwNsFTydcGHHDjBUO0W3NFOEpSMReS1mznB9Z7AcL0c5Fznv9VYze8wdo1bLocMAFOoPXilkXEA==;22.08.2025 13:40;Altuncu Mimarl?k;V2022 (-);Nedim Altuncu;Nedim;;Altuncu;;mimarnedim@hotmail.com;;Active
25d2c944-87f7-ef11-bae5-000d3ab2ceb1;MjNWwUJqGDlipddEo0yg+MnZYJrQjT0jaxnLSTiePXS9MioQiCkjE9Hw5jtQfCHHemhRtSxYMWxnmxX6zNGaDw==;22.08.2025 13:57;Antakya Belediyesi Fen I?leri Müdürlü?ü;V2022 (-);Semih C?b?r;Semih;;C?b?r;;semihcibir@fenerbahce.com.tr;;Active
27d2c944-87f7-ef11-bae5-000d3ab2ceb1;d1W7+adQ7BjshQ4cF5AV2gQPOVTPvVSnpjgYc8gsS3V3dpM2cHax4gBKcmYSikEviJ9xWBS/7XBFS/4XYAhFSg==;22.08.2025 14:00;Art?m Tekstil In?. Tic. Ltd. ?ti. - Artu? In?aat Tic.Ltd.?ti.;V2022 (-);Osman Üstünal;Osman;;Üstünal;;bilgi@artimmimarlik.net;;Active
29d2c944-87f7-ef11-bae5-000d3ab2ceb1;u7pwdcUHEEP/9loV5dCyvZik/5dYDD2S0DC4dzfLQeydQ++vqvnpDIZRPJrYNoQg0hSZFMiN42MxlfhRMrb19w==;22.08.2025 14:02;Atlas In?aat San. Ve Tic. Ltd. ?ti. (Toki 2 Lisans);V2022 (-);Arzu Han?m;Arzu;;Han?m;;info@atlasinsaat.com.tr;;Active
2bd2c944-87f7-ef11-bae5-000d3ab2ceb1;xyj+/76xr5pO3k2ayl0GAqIv4Z9RP4Sobe7ObIpldcxcCp4hoNvkd0eUoAHA19/WNKgLDESR/PId2eg8FusFpw==;22.08.2025 14:05;Ayyap? In?aat San. Ve Turiz.Ltd.?ti.;V2022 (-);Ahmet Sayar;Ahmet;;Sayar;;dturgutc@gmail.com ;;Active
2dd2c944-87f7-ef11-bae5-000d3ab2ceb1;1PyO7q3x8a0YkQu2h03KiU6dtH12AMCxuVfsaLDZxstym7hlQFtMqNuto0wS6AWNQ5Tqg05o0qq0kD4xUalqrA==;22.08.2025 14:05;Ayyap? In?aat San. Ve Turiz.Ltd.?ti.;V2022 (-);Burak;Burak;;;;burak@ayyapimimari.com;;Active
2fd2c944-87f7-ef11-bae5-000d3ab2ceb1;/zyOmFt7uVCXuAkpT8mHWKr///CGGBhzBYEf+mK1Z0Csah9BRRiMZfe52C10aXX+KRPX2breZL47MuA1GUKPBg==;22.08.2025 14:06;Ba?ak?ehir Belediyesi;V2022 (-);Serkan Çelik;Serkan;;Çelik;;serkan.celik@basaksehir.bel.tr;;Active
31d2c944-87f7-ef11-bae5-000d3ab2ceb1;uabG7zAJzJxHXRB51jDT/dAWI1HZ369Aj5gKTDb1rPM5tMQO3DpYt1usy9O6GNsVCbFhuCooFo5ffmmmJes10Q==;25.08.2025 07:35;Dank Iç Mimarl?k;V2022 (-);Cahit Musal;Cahit;;Musal;;info@dank-design.com;;Active
33d2c944-87f7-ef11-bae5-000d3ab2ceb1;uxWr2D90XWdE3toIZY0pcJevh/vNJCU7vXiTwBoPGGaPqlN9jaCluxHXQlxZOEM1fLlyM/tHOE+g2SDsNHwQ4w==;22.08.2025 14:26;Düzey In?aat;V2022 (-);Suayip Korkmaz;Suayip;;Korkmaz;;korkmaz@duzeyfuar.com;;Active
37d2c944-87f7-ef11-bae5-000d3ab2ceb1;eFRMUMF1r4UUEgDK8nwIhzzK6qZrCf/W8YuF74Ab7x0rdDSCnOOC1dsdxRzpYK6jC0Wc49D070DnpyPyqlcUNA==;22.08.2025 14:32;Enart In?aat Mühendislik;V2022 (-);Ömer Çelebi;Ömer;;Çelebi;;oce2005@gmail.com;;Active
39d2c944-87f7-ef11-bae5-000d3ab2ceb1;DZON82QYbM96qDpHcCROgzYIgiPfoMmaTgDr71ofutrPgx6JpNurkbu1HzdboPRSGQvmPPrP+C+BEH/He2p9PQ==;22.08.2025 14:32;Enka In?aat ve San.  A.?.;Sözle?meli;M.Bülent Gürsoy;M.Bülent;;Gürsoy;;bulent.gursoy@enka.com;;Active
3bd2c944-87f7-ef11-bae5-000d3ab2ceb1;ioczw06GDB6UR01VblaoM/iZNYSd57JdvEM6EB9x8cAfj3Os+fh0QbXxy1Rg17pBiR3uMD3IY+1S6D5qx2Z55w==;25.08.2025 10:46;Enka In?aat ve San.  A.?.;Sözle?meli;Atakan Karabük;Atakan;;Karabük;;atakan.karabuk@enka.com;0555 237 27 29;Active
3dd2c944-87f7-ef11-bae5-000d3ab2ceb1;VwA9KOIUKAW2Qx8S8lIICRMaCbcpCIb3zwRAc7zFdJEuDNS7QEHFuTXBhDKCjHTEKQTXOTENakZmfNTx5XJ35A==;22.08.2025 14:32;Enka In?aat ve San.  A.?.;Sözle?meli;Ahmet Turan ??beceren;Ahmet Turan;;??beceren;;ahmet.isbeceren@enka.com;;Active
3fd2c944-87f7-ef11-bae5-000d3ab2ceb1;yHyYUJva/OIS5W/heYCof92agNeA4OeXYiCA51Xg7Kt/n9av46hFabsEny6vKaKPIMNNpYzo+0/ZZI/f1zb6DA==;22.08.2025 14:32;Enka In?aat ve San.  A.?.;Sözle?meli;U?UR_DENIZ;U?UR_DENIZ;;;;ugur.deniz@icloud.com;;Active
41d2c944-87f7-ef11-bae5-000d3ab2ceb1;WuRt5wIby0DNfB6iElQy9tkQI1W2qtsNDjjYxAKh8Mvpjrv3ADT2NRvHBoyvi+QORSYLJAOFXdvp3jYiQSVOig==;22.08.2025 14:32;Enka In?aat ve San.  A.?.;Sözle?meli;NURCAN_SA?LAM;NURCAN_SA?LAM;;;;saglam.nurcan@gmail.com;;Active
43d2c944-87f7-ef11-bae5-000d3ab2ceb1;haEcK67AQaLYNAaT+3nfMUrQDdvVXbhTY/QGv7DdJT5/eQrV5tDvKBBYXBQmrEIP4zKLm0E7zaGutLuKKgvOCA==;22.08.2025 14:32;Enka In?aat ve San.  A.?.;Sözle?meli;Murat Sungur;Murat;;Sungur;;murat.sungur@enka.com;0532 458 36 94;Active
45d2c944-87f7-ef11-bae5-000d3ab2ceb1;1aEx9KOqsHXReGmVER96R/YLUnUd0g/RAMa2y3K6ddfl4y0IT2xFxbRyCaDP9f00eVYTo8xj2YI/rrxmtOiqtA==;26.08.2025 07:30;Enka In?aat ve San.  A.?.;Sözle?meli;Bü?ra Arslan;Bü?ra;;Arslan;;busra.arslan@enka.com;0538 437 88 98;Active
47d2c944-87f7-ef11-bae5-000d3ab2ceb1;L6xSh66yHID0Q34IROFjE5NfwyHZuQolFntiKjt2lldOv7d7rZe5EBttf8y8JqTeqTJtmE+2Ckh29MjEoLw7pA==;22.08.2025 14:32;Enka In?aat ve San.  A.?.;Sözle?meli;Çi?dem Y?lmaz;Çi?dem;;Y?lmaz;;cigdem.yilmaz@enka.com;;Active
49d2c944-87f7-ef11-bae5-000d3ab2ceb1;60dL+mw9EDA/YA9MYdhzQq2lbVp1HoU3b1R+j4IPvG5jBNTihjiVh0gCUe4uq12eQ7YfuUui50SPFy6wxcAp2w==;22.08.2025 14:32;Enka In?aat ve San.  A.?.;Sözle?meli;Talha Umut K?l?ç;Talha Umut;Umut;K?l?ç;;umut.kilic@enka.com;0530 732 15 97;Active
4bd2c944-87f7-ef11-bae5-000d3ab2ceb1;NolpQhCqZqALW8PsGGtMvhEUd8go7j0G98XvMyOpdL5BR+NLcHvbRS+v8uSjFVtrFi8EEXAzjFdm9k2RMixNug==;22.08.2025 14:32;Enka In?aat ve San.  A.?.;Sözle?meli;Rukiye Görgü;Rukiye;;Görgü;;rukiye.gorgu@enka.com;;Active
4dd2c944-87f7-ef11-bae5-000d3ab2ceb1;cv/M/w8NEOKnGGF+o5Py6mgvjNW/nIucModce8s2u51mcr2p+Y2tuN5mT8oFbeu2Rs797SiHCW3sI2I2hG76nQ==;22.08.2025 14:32;Enka In?aat ve San.  A.?.;Sözle?meli;Mehmet Uyan?k;Mehmet;;Uyan?k;;mehmet.uyanik@enka.com;;Active
4fd2c944-87f7-ef11-bae5-000d3ab2ceb1;G8pytiyXhaBhHu9ldv91wr2FmhyLGjkwhFSSUbxO5qcMS+6r47xwt/Ts/WjbjPWuVHl80YdsuZqDEV55BtP4Yg==;22.08.2025 14:32;Enka In?aat ve San.  A.?.;Sözle?meli;Murat ?ahin;Murat;;?ahin;;murat.sahin@enka.com;;Active
51d2c944-87f7-ef11-bae5-000d3ab2ceb1;07+xcMyIofertlsUFOk7VE+1/augrs2hzcfYE+fHhjvu5ZtVMy51mjnQbR4t1uHX/TINiClQqar3eY1UCmB8lw==;22.08.2025 14:32;Enka In?aat ve San.  A.?.;Sözle?meli;Hasan Özbay;Hasan;;Özbay;;hozbay@enka.com;;Active
53d2c944-87f7-ef11-bae5-000d3ab2ceb1;zjA7CmA6Wr4FXu4IUzZ1WliRHGv1327mRcq6AastOwnifqUwD37G3xZGqz69giLSHKM7RnSkoEqgE/c6I1uL7w==;26.08.2025 07:30;Enka In?aat ve San.  A.?.;Sözle?meli;Celal Alt?nay;Celal;;Alt?nay;;celal.sap@enka.com;0535 516 07 95;Active
55d2c944-87f7-ef11-bae5-000d3ab2ceb1;hNA0xu0XDDzHze4YLr/NKTLMmi6hQggv0IXheQrO8d9b+3UO3nTBuEYuwPsQTfzUGM+7R8RNoQMqLsD1GPnbbA==;22.08.2025 14:32;Enka In?aat ve San.  A.?.;Sözle?meli;Göksu U?urlu;Göksu;;U?urlu;;goksu.ugurlu@enka.com;0554 904 07 40;Active
57d2c944-87f7-ef11-bae5-000d3ab2ceb1;HEdZIyuV9TwytTJH6SkQkS+yOtX5s+V7UXgfZGvcDBwQTtfxWT2v5j7ph6twb44Il60a0neeU02UZ1o+34bjnw==;22.08.2025 14:33;Erkan Güngör Mimarl?k;V2022 (-);Erkan Güngör;Erkan;;Güngör;;sekogungor@gmail.com;;Active
59d2c944-87f7-ef11-bae5-000d3ab2ceb1;1BxRF8mMrObIjirCUFzJiUH5SJVkfKmG3Yql39atQ4brNGV89rG4qzKXzED67gr2l7Vi6o+MxzYowVDElnaKcA==;22.08.2025 13:43;Aluform Pekintas Aluminyum San. Ve Tic. As. Tayyar Okur;V2022 (-);;;;;;;;Active
5bd2c944-87f7-ef11-bae5-000d3ab2ceb1;drG8ShbmaXeiApCGd5JEBu6ehOl5xDdnRTZdMkLwkVG6fa88W9z1J0yljneKo7bSQlgzMshHQTsRtRNpqZ86rA==;25.08.2025 09:36;Esin Sancar Topçu;V2022 (-);Esin Topcu;Esin;Sancar;Topcu;;mimaresin@hotmail.com;;Active
5dd2c944-87f7-ef11-bae5-000d3ab2ceb1;jnGz4YhDfHebpjltjR4x85ESfa/kD+bTafc8kG0Zn4L/JwmSVutyuJXGRfvEvE2SNdn8uOTpNziWbcG/eo16BQ==;25.08.2025 09:37;Galata In?aat;V2022 (-);H. Kahyao?lu;H.;Sinan;Kahyao?lu;;sinan@galatainsaat.com.tr;;Active
5fd2c944-87f7-ef11-bae5-000d3ab2ceb1;X5b5yNe0p4N02DnKuaGRyLXjM+PseApMaIXCExKYnbLw/eJs3X9TvhM49W2hEUvYFASLMD9+2xntDhwrGWXAfw==;25.08.2025 09:37;Hafele Sanayi  Ve Tic.A.?.;V2022 (-);Samet Bahar;Samet;;Bahar;;samet.bahar@hafele.com.tr;;Active
61d2c944-87f7-ef11-bae5-000d3ab2ceb1;OUbKNgD0TC56dcbRnQ4NUEfglpiiAmj0F26ytYVdBJIucf4DCRpRr1gyyG27pPWBc6ATljqJwO7nXtc4kzI2fg==;25.08.2025 09:37;Mba Mimarl?k Hisar In?aat;V2022 (-);Mehmet Büyükalbayrak;Mehmet;;Büyükalbayrak;;alemdar61@hotmail.com;;Active
63d2c944-87f7-ef11-bae5-000d3ab2ceb1;CSEC4gNUDQW2Bin1Z3OhrXP1iwgzg7Y/RbJ3xpvv9UbW7rPXLFQ1dZXDceVO+Ovus8IvAYM7gBWXArjjdaJlvw==;25.08.2025 09:37;Mbk Yap? Taahhüt In?aat Mim. Müh. Hiz. Ltd. ?ti.;V2022 (-);Mehmet Baki;Mehmet;;Baki;;m.aliemresoy@hotmail.com;;Active
67d2c944-87f7-ef11-bae5-000d3ab2ceb1;Q6lL26qH/gHqafu6D9www3mwwNYAU+JXYDUiEAwqtAyzyCKG5xnuJdRuEEPbHIckb1BO2Qi++OEUhvWqv08V6Q==;25.08.2025 09:37;Mideko Mimarl?k In?.Taah.Tic.San Ltd.?ti.;V2022 (-);S?tk? Turgut;S?tk?;;Turgut;;mideko@midekomimarlik.com;;Active
69d2c944-87f7-ef11-bae5-000d3ab2ceb1;E5ApqEbgfNi1aEdcZTjbQgh6wHNToGl+dcMbNPhNEBIG2sUs7qk13XbImjD1w+vhoM4fOMMSQtNoCMpHkDsjJA==;25.08.2025 09:37;Minerva Ltd.;V2022 (-);Sevil Özgener;Sevil;;Özgener;;sevilozgenel@hotmail.com;;Active
6bd2c944-87f7-ef11-bae5-000d3ab2ceb1;7a3Twy9N9lNbDL5LbnMHxY6/naEMDhQodW2AnZ/BK8HRio9t6PAErXUr3NhZkLL6z6PnWai/goWqt7iH9W7skQ==;25.08.2025 09:37;Mipet Mimarl?k (Ocakl? In?aat);V2022 (-);Nejat Ate?;Nejat;;Ate?;;;;Active
6dd2c944-87f7-ef11-bae5-000d3ab2ceb1;qVHZVHPeM1h+HzEoTUNTV62QokfbZcE6y+0cw19T8Tz+j8ejHKsviI21ySzPvRhADCgXQKACfVivlMdAQ45LvA==;25.08.2025 09:37;Serhatli An Insaat Ve Tic Ltd Sti Buket Serhatli;V2022 (-);;;;;;;;Active
6fd2c944-87f7-ef11-bae5-000d3ab2ceb1;DonIeSTsqCRhq9fjGsicd++S8x2ntmgNhMK11lbPrKoBCdBXG/aRkED3Ix3JZ/ul26rWKQFlE/ardJadl1zZqQ==;25.08.2025 09:37;Nakka Mimarl?k - Çizgili Kedi Mimarl?k;V2022 (-);Bülent Sancak;Bülent;;Sancak;;b.sancak@gmail.com;;Active
71d2c944-87f7-ef11-bae5-000d3ab2ceb1;3R+i3wBAzSvRjhSdfh1nOGT36/gbaqUCwu8pA/gMCxPg7+6oobbtoL2m+ksYxb2AgilvEiPMPWbCozl3XCdu/A==;25.08.2025 09:37;Ölçü In?aat;V2022 (-);Göksel Adem;Göksel;;Adem;;goksel_adem@hotmail.com;;Active
73d2c944-87f7-ef11-bae5-000d3ab2ceb1;6ZmEH84of71Mbtw5n6PcpXnq6mme0Msil0KZJP54S8g3zKVbu1l9EDVsHCrdEZ/XDFb66kpYmrt1Y8s3Yy+LHg==;25.08.2025 09:37;Orkim Ortaklar Boya San. Ve Paz. A.?. (Bianca);V2022 (-);Mehmet Özer;Mehmet;Salih;Özer;;msozer@biancaboya.com;;Active
75d2c944-87f7-ef11-bae5-000d3ab2ceb1;W/12zA6zWi0Z4WU4grHaa9uDSR1zMWr87ZAMFgdvSPuLVEEPc0YNk3RVDH5c1hgMbXnnUUYx6d/pBOHcWaerDQ==;25.08.2025 09:37;Pera Mühendislik;V2022 (-);Ba?ak Bumin;Ba?ak;;Bumin;;basak.bumin@peraconstruction.com;;Active
77d2c944-87f7-ef11-bae5-000d3ab2ceb1;7X/hiAFAfhs3JRwxyoh+WEWIE3kwUSgt7E2iDB8Ip+pUjIT0IH+bEd+W4Yv4ryOZ8bl3eFMPx0zqAD204wvrvg==;25.08.2025 09:37;Polisan Boya San. Tic. A.?.;V2022 (-);Nur Yazgan;Nur;Azade;Yazgan;;n.yazgan@polisan.com.tr;;Active
79d2c944-87f7-ef11-bae5-000d3ab2ceb1;Q24VwOtt+tL7sMdw3uGfbu7Bb395iPZHUXsKZTswLOnIbxT7Q4seLt3woP2/hqD7VKubtX9ySEZfnK0axLcVWw==;25.08.2025 09:37;Rd Yap?;V2022 (-);Recep Demirhan;Recep;;Demirhan;;rdmimarlik@hotmail.com;;Active
7bd2c944-87f7-ef11-bae5-000d3ab2ceb1;gMr06QEv1wMUsqkhyZqTuax8HyXTzsHz5G6bBmJvwbP0eV9u5TWeZ8Ya0CBa6IvqbhTw/F0iAPqk9JeHEkL+VA==;25.08.2025 09:37;Sar?ca Alüminyum San. Ve Tic. A.?.;V2022 (-);?efika Saraç;?efika;;Saraç;;teknik@sarica.com.tr;;Active
7dd2c944-87f7-ef11-bae5-000d3ab2ceb1;G7TGl9KbChkIM/lrNRFdPnFBUpK07RbdNynL36YfOugnYT5Zq2XfgOA3P017unJ3QGW3smn1N2GqrZYbJ+mFPw==;25.08.2025 09:37;Seçer In?aat Tas. Mim. Müh. Hiz. Taah. San. Ve Tic. Ltd. ?t.;V2022 (-);Serdar Ç?ral?;Serdar;;Ç?ral?;;serdar@secer.com.tr;;Active
7fd2c944-87f7-ef11-bae5-000d3ab2ceb1;z5s1SHYwlWowlQQMftVepWQqCHKsBJkevNMqO3n2nEL1+Yxq2Hpel/eDHDneJe94SCLEHy/vhgK1f+x7Irnx7g==;25.08.2025 09:37;Seçer In?aat Tas. Mim. Müh. Hiz. Taah. San. Ve Tic. Ltd. ?t.;V2022 (-);?mren Ç?ral?;?mren;;Ç?ral?;;imrenciralisoylu@gmail.com;;Active
81d2c944-87f7-ef11-bae5-000d3ab2ceb1;81QmkvI8oxmrUO70I5P0NjMmO2NX6Z9fRIhTgZaskmsRQzRBH2mHAm6TSmGTG9b8rsa0xcOBiupiHdLz4Ca6lQ==;25.08.2025 09:37;?ener Yönetim Mimarl?k;V2022 (-);?ener Yönetim;?ener;;Yönetim;;seneryonetim@gmail.com;;Active
83d2c944-87f7-ef11-bae5-000d3ab2ceb1;y5ZxVyqzwEexWFpW4zyIVzSo85x54aW5QOWQMOsU8j7g01E4ioxVHPWlXC7Ji54sgCjGD34Z7ystdPW8TxYNAQ==;25.08.2025 09:37;Soma In?aat;V2022 (-);Mert Özdemir;Mert;;Özdemir;;info@somainsaat.com;;Active
85d2c944-87f7-ef11-bae5-000d3ab2ceb1;+mwyWO1M20lyfObVpnmocpxycEjLIC1aEGfaEXpiunxCdZH1vODjr92RsYhDL2ru6fJlRYV1yfBuKLEqbNLBYA==;25.08.2025 09:38;?ule Uyar Mimarl?k;Sözle?meli;?ule Uyar;?ule;;Uyar;;sule@suleuyar.com.tr;0532 212 97 74;Active
87d2c944-87f7-ef11-bae5-000d3ab2ceb1;YrVeZhE1BvTVjCMH61cim/4Wnvdq/L/WVvsMiLse3FcT0DD9r+QvYitYn93aRdJKjuFG0QYkTQvW3n2U1kgy/Q==;25.08.2025 09:38;Tayyar Kavukçu;V2022 (-);Tayyar Kavukçu;Tayyar;;Kavukçu;;ayferabazoglu@hotmail.com;;Active
89d2c944-87f7-ef11-bae5-000d3ab2ceb1;1IqP1miaGLDnLvOpO9i5A63frlPxBsua7lyrkRIK957Uz84bVG0tY64VLznTndDUQ+O9XZGSStad019whizr3g==;25.08.2025 09:38;Tiba Mimarl?k;V2022 (-);Turgay Erdem;Turgay;;Erdem;;tiba@tibamimarlik.com;;Active
8bd2c944-87f7-ef11-bae5-000d3ab2ceb1;KoPf+GuMVgpeK6lSgsuIguHa1Qt5oJ+N7cD4sni4Jqsz94t+RhtFAWhwEXM6JtqzKSqvNK1sMH2hLGYpXYMNVA==;25.08.2025 09:38;Üç Y?ld?z Mimarl?k Müh. In?. Ve Malz. San. Tic. Ltd. ?ti.;V2022 (-);Volkan Üçy?ld?z;Volkan;;Üçy?ld?z;;ucyildizmimarlik@gmail.com;;Active
8dd2c944-87f7-ef11-bae5-000d3ab2ceb1;k2fhVH1ARAESHCBi039L+3tyO+pVzofOOY1QMiG4/spLWESMzxTRlxTH2UDeZZntf2Bv3sQMj6oPEKRBOY8NSQ==;25.08.2025 09:38;Oba Mimarlik  Dumlupinar Mah. Sunak Sk.;V2022 (-);;;;;;;;Active
91d2c944-87f7-ef11-bae5-000d3ab2ceb1;20/BQKC2YhOCUosntcM23hdZxeQBG77skPs1I44cissq8ESIDkXqRxMKQ528+gAOgFpHlZ/LY75hrZ7bkmRyWA==;25.08.2025 09:38;Yavuz Canöz ve Ortaklar? (Beka Mimarl?k);V2022 (-);Hamiyet ?ahin;Hamiyet;;?ahin;;info@bekamimarlik.com.tr;;Active
93d2c944-87f7-ef11-bae5-000d3ab2ceb1;MJRhem2MSAZ1pMxwv1eHFtl3HK38yex8eZd4QvzQjFg2U2b1+y78tdhdZAqM2qTJYC7ftJVK/g+FRp1nt2ISFg==;22.08.2025 14:26;Dumanli Mimarlik;V2022 (-);;;;;;;;Active
95d2c944-87f7-ef11-bae5-000d3ab2ceb1;e2l157qfBttP16QaPy/eOWNP/TkOzI+/97NIQK+pYymxEh5BcQbT8CdE6+UJ80cn3nX4372iea5hlwx3sRQqvg==;25.08.2025 09:38;Zonguldak Belediyesi;V2022 (-);Erhan Darende;Erhan;;Darende;;info@zonguldak.bel.tr;;Active
97d2c944-87f7-ef11-bae5-000d3ab2ceb1;7PFHbOGaCuAE+pKZwwhJT7IRIUL1iTpiy174BkzZdCCoz3ryXLZqwNPrIGSKq8vsE3EL7+qEJAmx6ibxalsUTw==;22.08.2025 12:58;3 Em Yapi Insaat Ltd.;V2022 (-);Mustafa Güngördü;Mustafa;;Güngördü;;info@3eminsaat.com;;Active
99d2c944-87f7-ef11-bae5-000d3ab2ceb1;MDuj3GR/L5vHpdHJTTr/cRZji7q6rbsv866cjCuIOpA9CAizk199KFmI1G3xbFGabTOD/E8wzM/cIRMCPxFQbg==;22.08.2025 13:05;Adem Karagöz;V2022 (-);Adem Karagöz;Adem;;Karagöz;;comte_adam@hotmail.com;;Active
9bd2c944-87f7-ef11-bae5-000d3ab2ceb1;7aYJ3xnRsFbBqmywCcWaHL0669ocGe4Jt2bXusQHjSBj5X9hmm4JgYG4Zw/p8vc9Jvq9kNVK/rlfRaL4oWc6pQ==;22.08.2025 13:06;AFM In?aat Ltd.;V2022 (-);Fuat Demirçal?;Fuat;;Demirçal?;;afmmuh@hotmail.com;;Active
9dd2c944-87f7-ef11-bae5-000d3ab2ceb1;6Njiy6JG1ivpH7RxonzEeXosifPzb2I7DjNryOEsMtAZYHon3IXXXJNn//+Q+WS2PAU4I9x5daAFzuwHA/SarQ==;22.08.2025 13:12;Akdeniz In?aat ve E?itim Hizmetleri A.?. (A?ao?lu In?aat);V2022 (-);Enver Türkel;Enver;Burak;Türkel;;burak.turkel@agaoglu.com.tr ;;Active
9fd2c944-87f7-ef11-bae5-000d3ab2ceb1;GipKIggo1ir2cLsVp3mGO+zJxJDzo1WB+doZtTW5JQEh9alZoHMI+UlKRm6bGiMz9c0glN1+mKcnDVfUF3jwzg==;22.08.2025 13:43;Amasya Çevre ve ?ehircilik Müd.;V2022 (-);Seçkin Alt?nça?;Seçkin;;Alt?nça?;;saltincag@gmail.com;;Active
a1d2c944-87f7-ef11-bae5-000d3ab2ceb1;BJxvrIF5bLkbxVMueSJaG7f2KUtfQuip5MfJlTILzgRQy3LM0um+6kWTHmwua+FDvQlVr9ZsX24PR9Hdto4okA==;22.08.2025 13:43;Amasya Il Özel Idaresi;V2022 (-);Gökhan Genç;Gökhan;;Genç;;gokhangenc5@hotmail.com;;Active
a3d2c944-87f7-ef11-bae5-000d3ab2ceb1;Mq6Ym4fqm3pYj0XMZms6ZO1tigUaRofCkz+r2fggmGugQE53uIfoCiQG07M4bts8gLcjbSdKvHAPhKDGW3u4TQ==;22.08.2025 13:56;Anna Fresko Mobilya Ma?azas?;V2023 (+);Anna Fresko;Anna;;Fresko;;info@annafresko.com.tr;;Active
a7d2c944-87f7-ef11-bae5-000d3ab2ceb1;GsrYpN3F0gXSZePYWeux1f7d8LiJu9Ak67omMxZ4DVLnxHYqw71H4Kqmr18yJFnQCrKh3Lhg8h8U/w0/eeIa1A==;22.08.2025 13:57;Antra Mühendislik Ve Mü?avirlik Ltd. ?ti.;V2022 (-);Dursun Özsaraç;Dursun;;Özsaraç;;dozsarac@antra.com.tr  ;;Active
a9d2c944-87f7-ef11-bae5-000d3ab2ceb1;gDbLmHVURgOBV0YOT4EcEkH1I7UPoIvXp/CIKEkV2VzWQuu+y6Y1oDSTU2m0l3V+xdEf5lyj/Y02WuEjxoBpjA==;22.08.2025 13:58;Arnavutköy Belediyesi;V2022 (-);?lkay Sar?;?lkay;;Sar?;;arnavutkoy@arnavutkoy.bel.tr;;Active
abd2c944-87f7-ef11-bae5-000d3ab2ceb1;KBIFi1ndN08BfiOjHgTsUMSEtIfYktcQbV/SMEocsiBd0NXWx1PEn2kYwqKxeUquBX/2EdzNnwBOwBC6ceXvyg==;22.08.2025 13:59;Art Beton Ve Zemin Ltd.;V2022 (-);Adnan Taylan;Adnan;;Taylan;;taylan.musavirlik@gmail.com;;Active
add2c944-87f7-ef11-bae5-000d3ab2ceb1;QoFhhyIJkhlo52jru0g2JJDcs6NjUymoS8zZaN1emnULrZV2C/CYKVBVQ6xHoV1JsBlbi+9mxB6N/L2UrWflKQ==;22.08.2025 14:05;Bahçelievler Belediyesi;V2022 (-);Fikret Vural;Fikret;;Vural;;fenisleri@bahcelievler.bel.tr;;Active
afd2c944-87f7-ef11-bae5-000d3ab2ceb1;/9Jg38vG0k/mEDCd3qHkO/2oqFwcO9CNmj0109lz+xjHNeLcYI0avd/+8GAMo7qaTAT9RxHmNKFlwICuyqz0Cg==;22.08.2025 14:11;Biriz In?aat Taah. Tic. San. Tic. Ltd. ?ti.;V2022 (-);Erdal Tezil;Erdal;;Tezil;;erdaltezil@gmail.com;;Active
b3d2c944-87f7-ef11-bae5-000d3ab2ceb1;2yH4qrfEkwFK5loa7W5QaAsTwgWYrrXMvZiOeonGqBGtyQa47j3HabwTXxApuFm9smYH60RpEwrj1TxnzoZoQw==;22.08.2025 14:20;Canyap?m Müh. Mim. In?. Ltd. ?ti.;V2022 (-);Bayram Can;Bayram;;Can;;info@canyapim.com.tr;;Active
b5d2c944-87f7-ef11-bae5-000d3ab2ceb1;Yr7kV6iVeGjtM+S+khVI8zSj6IboGWzCAyhQIFmRFc0YRg4zX3oeNDAOgU3ZPZKa1A3x/sN+pvsb9P5IGxeMhQ==;22.08.2025 14:20;Casati Boya Kimya San. A.?. (Dyo Sat?n Alm??);V2022 (-);Hanife ?entürk;Hanife;;?entürk;;hanife.senturk@casati.com.tr;;Active
b7d2c944-87f7-ef11-bae5-000d3ab2ceb1;wQUrinpYrST3AJQcypLbNjxVkEhND7lxjagB7upJyB4rO66qwtwyHBIcEj+dQ1BrSoYeosSnbTW0j6QpAtpLtg==;22.08.2025 14:24;Cosmo Organizasyon Turizm Iç Ve Di? Tic.Ltd.?ti.;V2022 (-);Denizhan Mutlay;Denizhan;;Mutlay;;denizhan.mutlay@cosmomice.com;;Active
bbd2c944-87f7-ef11-bae5-000d3ab2ceb1;9M1nuNkYVTnYAxG+ZCtfozFR23V8jx02QDGsvnU4sKXeXXVSM69l7C4EnJrIPsU/ov7Hvw8/GqoVahnOBayoug==;25.08.2025 09:38;Yusuf Gürç?nar;Üniversite;Yusuf Gürç?nar;Yusuf;;Gürç?nar;;yusufgurcinar@gmail.com;;Active
bdd2c944-87f7-ef11-bae5-000d3ab2ceb1;pr/VE1xhtrFg9r5ghl6cdYQbtGdyfha0zzlx9TgZ0nvNBSSgDQozIRTqivfrHxYCEgBkYuTf4wZVCYQDCJMMjA==;25.08.2025 07:36;Dap & Eltes Ortak Giri?im;V2022 (-);Gökhan Y?ld?z;Gökhan;;Y?ld?z;;gokhan.yildiz@dapyapi.com.tr;;Active
bfd2c944-87f7-ef11-bae5-000d3ab2ceb1;+eV4MT5SVVKQpOAuQRDSrgOgB1dn/4AoUxBw/c9Iu/colYCsry1uXZyXj/TO1lGSsvd8euuNtKNGeaJ9XAT+tQ==;22.08.2025 14:30;Ekinmed Ltd.Sti.;V2022 (-);Sinan Ödev;Sinan;;Ödev;;sinanodev@hotmail.com;;Active
c1d2c944-87f7-ef11-bae5-000d3ab2ceb1;YSoyzvIA4pSHjDM2A9uAys2xP4ey/8Q8RcLGzcK2fIb9U/WUT+7IJhsYgZfGXp7wAgKVdiQGleZRckbDfsjSIQ==;25.08.2025 09:38;Fatma Say?n Karahan (Gürsu In?.Ltd.);V2022 (-);Fatma Karahan;Fatma;Say?n;Karahan;;fatmasayin@hotmail.com;;Active
c3d2c944-87f7-ef11-bae5-000d3ab2ceb1;xqO1ynN3crnfp3hrb6XIBtuMy3Kiz3hty32cYna6XiHFLSe/Taz+UtbbcVLe3Zimy5Ks+BkmK5qEEFjJ2odYYg==;25.08.2025 09:38;Gül In?aat Turizm Ve Tic. A.?.;V2022 (-);Yunus Sebkan;Yunus;Emre;Sebkan;;yunusemres@yandex.com;;Active
c5d2c944-87f7-ef11-bae5-000d3ab2ceb1;8YHF+CF4Gzg6YgUMyw+vjvICl1qN1DIsc23rDEzBPdCMIO906N59W88B5nrKgeVH3oD+DSeVLK3y2NHKvpWcVw==;25.08.2025 09:38;Halimo?lu Fasarit Boya San. Ve Tic. A.?.;V2022 (-);Ozan Kaya;Ozan;;Kaya;;ozankaya@fasarit.com.tr;;Active
c7d2c944-87f7-ef11-bae5-000d3ab2ceb1;Hf6l6SKWUnVALzMoT1v4GJm8R/v2MU81xi+IjuPylD8vaw4f+9+LTPxN3OoQnuB2Xhda8vXX4qYdc4ZIO70LTA==;25.08.2025 09:38;Il Özel Idaresi Gaziantep;V2022 (-);Özgür Pursunlu;Özgür;;Pursunlu;;pursunluozgur@gmail.com;;Active
c9d2c944-87f7-ef11-bae5-000d3ab2ceb1;KvbDhRq5fcJgjbIchIDAeR35JNRhY3FEcWhUw7Bt/ZgH/bgXVxtaJmSUOK42nRW6jL0AOD54UCuuF3aU8laZAA==;25.08.2025 09:38;Il Özel Idaresi Hakkari;V2022 (-);Salman Kaya;Salman;;Kaya;;bilgi@hakkariozelidare.gov.tr;;Active
cbd2c944-87f7-ef11-bae5-000d3ab2ceb1;q7Zpxb0IL2GyMRP2OwpTAGzrx84W+IJwpjMir1xeGZUcCyaTlEeq4vJPwNOMv/JOc0if5rNpHKBz4blkmk/6KQ==;25.08.2025 09:38;Il Özel Idaresi U?ak (Çevre Ve ?ehircilik Il Müd.);V2022 (-);Af?in Y?ld?r?m;Af?in;;Y?ld?r?m;;afsin_79@windowslive.com;;Active
cdd2c944-87f7-ef11-bae5-000d3ab2ceb1;Lp9nwIUbOJVINQrMKYcpiYJgeKulHp508Nyi+WyEXb7WS6coGPYFizDieNdDf2Vh5RrYqySXwbtGlIrf7wGzAg==;25.08.2025 09:47;Il Özel Idaresi Yozgat;V2022 (-);Serkan Bozkurt;Serkan;;Bozkurt;;;;Active
cfd2c944-87f7-ef11-bae5-000d3ab2ceb1;U+Zd8y8XGT9mTwTl+g5GPAiw2v5xd7PhkdMFS+j5Gf6ZWS4eao/VrdrGa3sZm8J+T6Q39c9OcdWXjeI8rs0q2g==;25.08.2025 09:47;I? Merkezleri Yönetim Ve I?letim A.?.;V2022 (-);Y?lmaz Uzun;Y?lmaz;;Uzun;;yilmaz.uzun@ismer.com.tr;;Active
d1d2c944-87f7-ef11-bae5-000d3ab2ceb1;CCF+8VPXauXBNrg9td0F3dTxTqYsr9zOWXhhOh5vFyJAkzdzEHlCfZllwSqhxdeZ28AZwc0k6jvnFcwVKiY/aw==;25.08.2025 09:47;I??k Mimarl?k;V2022 (-);Burak Gökhan;Burak;;Gökhan;;burakgokhan@superonline.com;;Active
d5d2c944-87f7-ef11-bae5-000d3ab2ceb1;NMm0QQA7pyUQ2+n8S0P2BT3GQG1LftdCz9N/YQuUNTOOWMxRc720RTWWaC6jjZIePpKMZISF5u/AHSB4m5vB2g==;25.08.2025 09:47;Kayseri Il Halk Sa?l???;V2022 (-);Murat Yakut;Murat;;Yakut;;yukgoker@hotmail.com;;Active
d7d2c944-87f7-ef11-bae5-000d3ab2ceb1;cEWhTiQwBG+Nm8uq7tCi65FB6lVXVTIWs8KwocubbwZ6RC5WdlFM83chlTlFPWdHkBKSjOYWg/1YLM6WGz3VFw==;25.08.2025 09:47;K?l?ç In?aat;V2022 (-);R?fat Y?ld?z;R?fat;;Y?ld?z;;rifatyildiz@msn.com;;Active
ddd2c944-87f7-ef11-bae5-000d3ab2ceb1;Elmun7mczPPWxnmNUM0G7kw4N3y0UJ2QGB71eSye1Td7f+NyyytMrUvGEGfCs13GDQjOpmGwEi7DClNazNRWKQ==;25.08.2025 09:47;Kür?at Erdo?an;V2022 (-);Kür?at Erdo?an;Kür?at;;Erdo?an;;kursat4@mynet.com;;Active
dfd2c944-87f7-ef11-bae5-000d3ab2ceb1;67F+OJQmq44EXQHWKHG7EXZdOZX46lMabcmqrAFJjjYRUOXg/ww8MNnO9pLUWPaaoeF9OEqocBzXn9BuTpeXZg==;25.08.2025 09:47;Ku?çuluo?lu Mim. Müh. Peyzaj  In?. San. Tic. Ltd. ?ti.;V2022 (-);Murat Ku?çuluo?lu;Murat;;Ku?çuluo?lu;;k.mimarlik@hotmail.com;;Active
e1d2c944-87f7-ef11-bae5-000d3ab2ceb1;9Uod9pG4HxeCl/9m1/2VOXc7UwXkKrExR8uOMp3p4c5jM1N6mNo2lEAd2Fr02lEINEBIpbO0MMexDmZhdvRcjA==;25.08.2025 09:48;Megaron Mimarl?k;V2022 (-);Harun Çal??kan;Harun;;Çal??kan;;megaronmimar@gmail.com;;Active
e3d2c944-87f7-ef11-bae5-000d3ab2ceb1;5B1VPVLoKPydoNOCTx70cZfBCyQVvp+Pme202DqxZssiyn3SKZ0b9dRIKHr/r8UCKNvqbQ4r7gx7/NqhI+10og==;25.08.2025 09:48;Megaron Mimarl?k;V2022 (-);Cemile;Cemile;;;;cemile@megaron.com.tr;;Active
e5d2c944-87f7-ef11-bae5-000d3ab2ceb1;F3xyebPsTKB+Xc7tMxdrofKhGtsIPmaHvNi+1G0uC/qakQJS9IzDUt2a6x5EmyjtZb1efSgKwQ2RuNB8xN6k2Q==;25.08.2025 09:48;Makro In?aat Tic. A.?.;V2022 (-);Ömer ?entürk;Ömer;Faruk;?entürk;;o.senturk@makroinsaat.com.tr;;Active
e7d2c944-87f7-ef11-bae5-000d3ab2ceb1;5uM+rwdtCxYEjy1S0i6tsueehNMnCBmIqgEQh/TIPxjb+zhhMe1QjY1XtTEaKpMcZFjLPZbhZxv4Lx2OzhFxFg==;22.08.2025 14:23;Cihad Abdiler;V2022 (-);;;;;;;;Active
e9d2c944-87f7-ef11-bae5-000d3ab2ceb1;w1dr3fX/UdJ0cpsY7Bs24G17seXDrw3fIdGWpHlS80K6ADFinbgUvE+IvzdpPqaOZhvauZVPrLFbqgnG2QdYLQ==;25.08.2025 09:48;Mega Yap?m Tic. Ltd. ?ti.;V2022 (-);Levent Tutluo?lu;Levent;Mustafa;Tutluo?lu;;lv.tutluoglu@gmail.com;;Active
ebd2c944-87f7-ef11-bae5-000d3ab2ceb1;8G1vhr4PlmYs4FA43zcD9W4I7pObOmD7Ni5QzUQN3vnv+4vQBSWwM9NEUz249kIjUoEzU+4cCWDymLikAy9JjA==;25.08.2025 09:48;Meliksah In?aat Mimarl?k Müh. San. Ve Tic. Ltd. ?ti.;V2022 (-);Hatice Saraç;Hatice;Sumeyye;Saraç;;s.m.nartok@gmail.com;;Active
edd2c944-87f7-ef11-bae5-000d3ab2ceb1;qrOvFcBWqxUivb9RxPsC16XuUFxWZi3BuOFs2jmMeIzfPTierEQzIJkjF53KLVywAPj4A1b6drLw1/auXJ/Isw==;25.08.2025 09:48;Meriç Elektrik;V2022 (-);Adem Meriç;Adem;;Meriç;;adem@mericelektrik.com;;Active
efd2c944-87f7-ef11-bae5-000d3ab2ceb1;jfthKcFWPzQdjE3ubTfPc7gBZGHa3WSiew/h8uxwJLP5sHN/+j8npacGS3LOYklYH4GHI8SkohvAGDqYck0hCA==;25.08.2025 09:48;IMO ?stanbul Mimarlar;Üniversite;Belgin Diril;Belgin;;Diril;;mimarist@mimarist.org.tr;;Active
f1d2c944-87f7-ef11-bae5-000d3ab2ceb1;ud1k0g1qQTlRX1OdrVI9s1ZSHVaddIRGJQ5Qriscuv3nR3W0mGy4tgYQtYMM8a94TX7BSTOJIHsfNx5ZGPztyQ==;25.08.2025 09:48;Muberra Özç?nar;V2022 (-);Muberra Özç?nar;Muberra;;Özç?nar;;durumim@gmail.com;;Active
f3d2c944-87f7-ef11-bae5-000d3ab2ceb1;DZQcqW37QjzvKNPDHk8O4XshO6XUj5vCYOgkh4l0xGb81j/fODCOoNCol+CKVEZ9pl19cwwKEQSsAxo8N2StEw==;25.08.2025 09:48;Mya Mimarl?k In?. San. Ve Tic. Ltd. ?ti.;V2022 (-);?lknur Yalç?n;?lknur;;Yalç?n;;ilknur@myamimarlik.com.tr;;Active
f5d2c944-87f7-ef11-bae5-000d3ab2ceb1;3GzUQrHgCWXTJjHUElcLvtIaP6LkkvQoWiYzfiFa5nrSWHKQOT0CTyFK4OtfPh6uCmkKm/qSXceSxORbvG8oCQ==;25.08.2025 09:48;Niksar Belediyesi Tokat;V2022 (-);Kür?at Gümü?ay;Kür?at;;Gümü?ay;;gumusayakg@gmail.com;;Active
f7d2c944-87f7-ef11-bae5-000d3ab2ceb1;pi1jU+pKkP34SLzEsDluZtKNG8+gu7bbbXUd/I5qfVkwV6Rm8FDyhdWgZJ7CPPIkJXZtRz6S+Kb63knaGUzLjA==;25.08.2025 09:48;Om In?aat;V2022 (-);Can ?im?ek;Can;;?im?ek;;can@ominsaat.com;;Active
f9d2c944-87f7-ef11-bae5-000d3ab2ceb1;Or10PvbfWs0KbsmiN2W/8XIO+Eva2qi52cWlut6aIBcJncam8zf90UFBQG4ivlCfF8yCcvuc0s20z38cI0Oz1Q==;25.08.2025 09:48;Osman Ertu?rul Ural;V2022 (-);Osman Ertu?rul;Osman;;Ertu?rul;;osmanuralmimarlik@hotmail.com;;Active
fbd2c944-87f7-ef11-bae5-000d3ab2ceb1;MrWxQ7xrmn8Oh56zez6JpO12wytJiLw6Gn4Bm7WfRDfyd6h0tFoM+XtrOIy3sMCNl6cSRJKW0E5kMsqxT0Iyvg==;25.08.2025 09:48;Osmangazi Belediyesi;Sözle?meli;Arzu Yaman;Arzu;;Yaman;;arzuyaman@osmangazi.bel.tr;0530 425 32 90;Active
fdd2c944-87f7-ef11-bae5-000d3ab2ceb1;hR369W9KHh24lpHnloYwvQ/3BdTAr9UQ4e1OCwyqZT/pKv+LtHJCsuTOCZUDbK9ze8SPqRulDtcLSeaOr6Ul+A==;25.08.2025 09:48;Osmangazi Belediyesi;Sözle?meli;Selma Bahtiyar;Selma;;Bahtiyar;;selmabahtiyar@osmangazi.bel.tr;0531 746 37 37;Active
ffd2c944-87f7-ef11-bae5-000d3ab2ceb1;iNSj+wcoPYziKstmTzycyPM+nP/fYg0gWjjf0rTbYGmoDb5R1h0SNJw/99ztc7haXARsqvLSw0kkwbIEtczWtg==;25.08.2025 09:48;Osmangazi Belediyesi;Sözle?meli;Selda SAVCI;Selda;;SAVCI;;seldasavci@osmangazi.bel.tr;0532 680 07 36;Active
05d3c944-87f7-ef11-bae5-000d3ab2ceb1;opAugLs69R1Q/sOa7iqya8bYS9lwwui/ntlfCDu0oHdZqpKAQ7qHmjcHTzrnMGzGsrQIS1vHc5SLhneKdlMbUg==;25.08.2025 09:49;Özlem Tarkan Çamurcu Mimarl?k Bürosu;Sözle?meli;Özlem Çamurcu;Özlem;Tarkan;Çamurcu;?irket Sahibi;ozlemcamurcu@hotmail.com;;Active
09d3c944-87f7-ef11-bae5-000d3ab2ceb1;9PlPVmOveq4aAj3jQzG0d52jFPUbHrtei8gJx5wfGV0qxX1vnt0rA57+OEp4Sv73MehBNSJumB/J39tTNJsmbQ==;25.08.2025 09:49;Promeks Mühendislik In?aat Ltd.?ti.;V2022 (-);?brahim Y?lmaz;?brahim;;Y?lmaz;;ibrahimyilmaz24@gmail.com;;Active
0bd3c944-87f7-ef11-bae5-000d3ab2ceb1;fb91DUQyPcFZJvU+kjvpVG8hskr+w/qtFpJVLRO1WuWID6nHZBd6prwZMROB22HaZdAeRL5z7ModEk58T0B3OA==;25.08.2025 09:49;Prosem Mühendislik;V2022 (-);Kamil Karaa?aç;Kamil;;Karaa?aç;;info@prosem.biz;;Active
0dd3c944-87f7-ef11-bae5-000d3ab2ceb1;Ev1P/VjI95e9WUBCL8sX1sJSLUT8ap5A+lRcRJhKDWWBnUNIRnQIELHsPl7LytzGb91jceHLy41yQq4qmhKxXQ==;25.08.2025 09:49;Renda Helin Çilalio?lu;V2022 (-);RENDA Ç?LAL?O?LU;RENDA;HEL?N;Ç?LAL?O?LU;;rendahelindesign@hotmail.com;;Active
11d3c944-87f7-ef11-bae5-000d3ab2ceb1;p9zX4HInQfDLC+/sL0n1QwW1mZjkCw7Q15leH+LLMxHyHsjEZj5z2k5WGS27GmEF7JP4wxjbx6sVarKKCqOGzA==;25.08.2025 09:49;Özdemir Mimarlik  Dumlupinar Mah. Keten Avdan Sk.;V2022 (-);;;;;;;;Active
13d3c944-87f7-ef11-bae5-000d3ab2ceb1;p08RX/c0E76Dnyzggx+Ap9kY4BaNpgGqPxyTDCxKNEKq8KyR5bTepv0PHDoTgCdgvPlXrExTWfg6jhOtiqlWcw==;25.08.2025 09:49;?anl? Urfa Il Özel Dairesi (Allplan);V2022 (-);Zehra Erdo?an;Zehra;;Erdo?an;;erdogan.zehra@gmail.com;;Active
15d3c944-87f7-ef11-bae5-000d3ab2ceb1;jqL8X86pZwzj6Y99LFTngWsqufvuyywCIMbkreOFygcseesi54ZePFAeTT5WWSbrryXQgUdEX0DN2EZfS6z0aA==;25.08.2025 09:56;Sencer Yap?;V2022 (-);Orkun Sencer;Orkun;;Sencer;;info@senceryapi.com;;Active
17d3c944-87f7-ef11-bae5-000d3ab2ceb1;Z5wzFIHCR1dKZ1kaStL65kW858Ev8CbM1DZw/pnlqvl+BfzyEWPP1O6RzEOYYiMTOyg2FRoJOOq66c5BZVyqIw==;25.08.2025 09:56;Sevil Aksoy Mimarl?k;V2022 (-);Sevil Aksoy;Sevil;;Aksoy;;seviltabak@gmail.com;;Active
19d3c944-87f7-ef11-bae5-000d3ab2ceb1;vE9elBs6lCmjMrxwYnsZSie1vghc85lPP6rgsI99V9YRZHe5MTA0+fTmTt3NxAohgyb0aIGgMvdeTtgpvtqcpA==;25.08.2025 09:56;Pmp Proje Halim Yalciner;V2022 (-);;;;;;;;Active
1bd3c944-87f7-ef11-bae5-000d3ab2ceb1;uEB1iBJN96o1JIgMPgHrKpeI//YDUIIn7h9yLEFvwnhyaE6wXQAIGnYkI+1NaRyEOR0ioo//1TH2OPeIHONT3w==;25.08.2025 09:56;Siirt Belediyesi Fen I?ler Müdürlü?ü;V2022 (-);Metin Atabay;Metin;;Atabay;;y.cecen@mynet.com;;Active
1dd3c944-87f7-ef11-bae5-000d3ab2ceb1;+FKvv0/rRCLkcBTHzNBVDX5U0iwKDAMAume6OXWV8/sa43NV4kGnrVh+9McOMJYI5J5ybzHA0j+Q2/OQZLIReA==;25.08.2025 09:56;Simge Mimarl?k (Bal?kesir);V2022 (-);Serafettin Engüdar;Serafettin;;Engüdar;;engudar@yahoo.com;;Active
1fd3c944-87f7-ef11-bae5-000d3ab2ceb1;40A2CXaAarv8t6oq8yxHediXUaQna1O0Rtfx59F0x+1wuE+K3eSxXgn9lA8jXy+mbWo6YAfzm35ihMWxs+kRuw==;25.08.2025 09:56;Sivas Röleve ve An?tlar Müdürlü?ü;V2022 (-);Engin Öztürk;Engin;;Öztürk;;sivasrolove@kultur.gov.tr;;Active
21d3c944-87f7-ef11-bae5-000d3ab2ceb1;J5stzYRxuxKvR391G9W5xC/MqVeDkfLvDaPKl/PEV20gn4ZO099nSjjjWVEcf4tC1ncfKCF/lQwuSIi/YFohew==;25.08.2025 09:56;Tek Yap? Pvc In?. Dek. Tic. San. Ltd. ?ti.;V2022 (-);Nedim Demir;Nedim;;Demir;;arife_tangal_2000@hotmail.com;;Active
23d3c944-87f7-ef11-bae5-000d3ab2ceb1;RCdXgkDagi3Ub+X/L3aRWffh8RSkrIHZHkfqjtyr70LVA4eX4pYZfsX81eaNdrrzwPAe4GMYhfFXPMnnUDszCQ==;25.08.2025 09:56;Teknik In?aat;V2022 (-);Atilla K?rbaç;Atilla;;K?rbaç;;a_kirbac@hotmail.com;;Active
25d3c944-87f7-ef11-bae5-000d3ab2ceb1;rrU1waBufxesEyqLqlXprghF+VozhqQ2WWuazTMVuuzJyl95Jkdm1ITn8NXR99FQOsBg073JXepeEjo+aafvHg==;25.08.2025 09:56;Tg Mimarlik Insaat Tahir Gürbüz;V2022 (-);Tahir Gürbüz;Tahir;;Gürbüz;;;;Active
27d3c944-87f7-ef11-bae5-000d3ab2ceb1;3kAe6hEGqaLLnqjpaou+oWGrbXaxBbY6Z8IOtI7pv2jaoU7RrzEUoktPYEzlUIx4MQbeyq2Lbyidzr6C6nDzFg==;22.08.2025 13:05;Adil Ongel Mim. Ve Dek. Ltd. ?ti.;V2022 (-);Cihan Ongel;Cihan;;Ongel;;info@adilongel.com.tr;;Active
29d3c944-87f7-ef11-bae5-000d3ab2ceb1;EIMi1/xRBb1is/6zhgeAxGePwo1l0nn7qcH0X7QnlATokJSEnuLumUPuc/2Dyw90EcBqDGC5IMf4fnZQk337GQ==;22.08.2025 13:56;Anta Mimarl?k;V2022 (-);Hava I??k;Hava;;I??k;;arincakkin@gmail.com;;Active
2bd3c944-87f7-ef11-bae5-000d3ab2ceb1;IEci5yet+gwztM3XqslNKSwa73nmdXImqPylfWxN6lT8XmdQ1Gfi2Qs3HSJZ+WneuHERaivoYrmCgzZ/luanjA==;25.08.2025 09:56;Fe Yap? Mimarl?k Fügen Özer Ba?c?;V2022 (-);;;;;;;;Active
2dd3c944-87f7-ef11-bae5-000d3ab2ceb1;z2/BKmktUtbJN7KT0HUZ12DWbsOoQn8qV/KxUNrVBN06Me7a4RdEXSdkq76S20W9lmqtGX58sdmw4+zQSa3YMg==;25.08.2025 09:57;Estetik Mimarl?k Özlem Duru;V2022 (-);;;;;;;;Active
2fd3c944-87f7-ef11-bae5-000d3ab2ceb1;R7jdXeiU/p+dIMu5ZkLVqob/jV3n4z1MRmTzs3fMBaICcTjer6/ZpdAaT1/Aa8FQ36iV4mRQdqezjaR/5kGYFg==;22.08.2025 14:00;Asçelik Müh. Mim. Ltd. ?ti.;V2022 (-);Serhat Aslan;Serhat;;Aslan;;serhataslan@hotmail.com;;Active
31d3c944-87f7-ef11-bae5-000d3ab2ceb1;+Ygli8hCCsqjdkMdvyiIDGOr7atRoU11DCAE9Yq1FqhRanQN0kjaFiBoFKbFbOv/BSsrD7A6I1u7iMrDZ7lOiw==;22.08.2025 14:00;Asçelik Müh. Mim. Ltd. ?ti.;V2022 (-);Bilsen Alkanaslan;Bilsen;;Alkanaslan;;;;Active
35d3c944-87f7-ef11-bae5-000d3ab2ceb1;ME1FnRqF6D6uB60Yy/5vHV34QsQNvFdsO2KkJLhRG+w0KuPAPb1EcS/F3Jeb8iL25jtW8t5NWbXKIaO13uvqCQ==;22.08.2025 14:05;Ba?c?lar Belediye Ba?kanl???;V2022 (-);Hasan Güner;Hasan;Selim;Güner;;bim@bagcilar.bel.tr;;Active
37d3c944-87f7-ef11-bae5-000d3ab2ceb1;zX7zazTL081zu6JKfTPptNkRByA80+JL16Nigs16KX5TK1PzHqk5fWFs4L4J5XXx/3TH9Olo0LGLHMz7LxYGyQ==;22.08.2025 14:20;Can Turizm In?aat;V2022 (-);Ercan Evren;Ercan;;Evren;;erevren1932@gmail.com;;Active
39d3c944-87f7-ef11-bae5-000d3ab2ceb1;H+LfMka3oFLZ8Y451/xwyLexPL87rheMvjxEyaH3a/XCR6uSwa2mqRNNTTCGh6C1vZOLdoxMvigZPbOqtev0bA==;22.08.2025 14:26;Dumlup?nar Mimarl?k;V2022 (-);Bora Dumlup?nar;Bora;;Dumlup?nar;;boradumlupinar@gmail.com;;Active
3bd3c944-87f7-ef11-bae5-000d3ab2ceb1;eT7nZvPTDyUu0GdYEXfpLGl4E8JA/Kzf3llNdP9vUIU5HKGtRdRfpCSJRiRruAtSi5QfJN6/I+6gjZLyGrvRVw==;26.08.2025 07:30;ESM Proje In?aat Taah.Tic.Ltd.?ti.;Sözle?meli;Ekrem Sezen;Ekrem;;Sezen;?irket Sahibi;ekrem.sezen@esmproje.com;0532 612 43 54;Active
3dd3c944-87f7-ef11-bae5-000d3ab2ceb1;yJNsXXkhfQZmXHnrU+QcKVuBMaukksA/rNuXrHW4nyMVqZxy0IuuGneac/uRWULahLwxerKDdJo4IxUlvHDoqg==;25.08.2025 09:25;ESM Proje In?aat Taah.Tic.Ltd.?ti.;Sözle?meli;Seçil Alt?ner;Seçil;;Alt?ner;;secil.altiner@esmproje.com;;Active
5bd3c944-87f7-ef11-bae5-000d3ab2ceb1;DnpGTvYJ0y+dMJEJYojswPF2iFrxRN4hRd1WCoEztaBhE3sWuS1leDQZzaipyV55sfHr7zHHV26JjznZVepqZg==;25.08.2025 09:57;Gökçeli Mimarl?k ;V2022 (-);Ömer Gökçeli;Ömer;;Gökçeli;;mimar_gokceli@hotmail.com;;Active
5fd3c944-87f7-ef11-bae5-000d3ab2ceb1;TUqx76EilDPawNThjOyE5w5ZsiujwPlNW5ho4bB1gcoehKSbTpFk9FB8LPCxbNJRlpUsVxRh8XUjrG82bdwf8g==;25.08.2025 09:57;Homeplus Mutfak;V2022 (-);Figen Demircan;Figen;Erda?;Demircan;;homeplusmimarlik@gmail.com;;Active
61d3c944-87f7-ef11-bae5-000d3ab2ceb1;YLHqtqHHGo/Ik8gew8xs5WIgyI0u8qUaAB9S5qU+joi4FaXcig2Cg/w5NsI2fJbY4A+AFYQ32gXZK8+UdNiOTg==;25.08.2025 09:57;Karay In?aat Mimarl?k;V2022 (-);Okçun Ergin;Okçun;;Ergin;;okcunergin@ideemimarlikinsaat.com;;Active
63d3c944-87f7-ef11-bae5-000d3ab2ceb1;+d8La8pzasxvmlxVMpHbvTj5gu3Z4E1992cJaslYTu5LG61q4b5jfss/y6JzDCZEWEKmR3bEiJBLImgOztUtCw==;25.08.2025 09:57;Il Özel Idaresi Ordu (Allplan);V2022 (-);Bülent Çivelek;Bülent;;Çivelek;;bulentcivelek52@hotmail.com ;;Active
65d3c944-87f7-ef11-bae5-000d3ab2ceb1;gE6VZBuNpTSRpp9arib8kEauO11YMY+d20GRMY/wlUEKl9k4q2uWG98BoDofqkc86PIe3hHsknh/xeq+4Z5tog==;25.08.2025 09:57;Zonguldak Il Özel Idaresi ;V2022 (-);Murat Karaman;Murat;;Karaman;;mrtkaraman@gmail.com;;Active
67d3c944-87f7-ef11-bae5-000d3ab2ceb1;hlhbDIjdCrsi/UxX8mllNQM68kVrSQPXHlFbxpZXn1a0QxRqnjOU4rnrr2iQ1wddMNrrZRGRE9jmGqW5100C7A==;25.08.2025 09:57;Kocaeli Gebze Vi (Imes) Osb Mustafa Acar;V2022 (-);Mustafa Acar;Mustafa;;Acar;;mustafacar@gmail.com;;Active
6bd3c944-87f7-ef11-bae5-000d3ab2ceb1;JkVvpeMMwa8Rc71iShLH3VDs3+zzeuEU2PPQ9spbE3WQ9DY5v4xWgvxo0ZU39jRMwZ1qF0UvbW9Ma13ADX0N4A==;25.08.2025 09:57;Imke Mühendislik;V2022 (-);Mustafa Kele?;Mustafa;;Kele?;;imkemuhendislik@gmail.com;;Active
6dd3c944-87f7-ef11-bae5-000d3ab2ceb1;tPVj0yQILPJ9FDHBHfruu3grlwzGgQKhSSgVo2+rp65ZRsvuqBQjvYMrTW0jKE8F6N1shtvY2bXuQ5aPV8XC3A==;25.08.2025 09:58;Kan Mimarl?k Ve ?ehircilik San. Ve D?? Tic.Ltd. ?ti.;V2022 (-);Güne? Kan;Güne?;;Kan;;guneskan@kanmimarlik.com;;Active
6fd3c944-87f7-ef11-bae5-000d3ab2ceb1;fI6D3JUIqP0fjSNBXKAJPYBLJauHSIciaiRumX9NAS76rnE51yXavIDG9wqqPSwfrj+3ZsFA9kOtSAxaOm62Ag==;25.08.2025 09:58;Nanda Yap? - Çevre Tasar?m;V2022 (-);Gül?ah Demir;Gül?ah;;Demir;;info@nandayapi.com.tr;;Active
71d3c944-87f7-ef11-bae5-000d3ab2ceb1;JSYCydCGwWd0GPtVJ3lKa2dULTHbI/yQBfBmrmZwamoGtXbKh/u6tIqilUF56Ln02YqMmvCVh1udoI0hooLcqQ==;25.08.2025 09:58;Oymal? In?aat Mim. Müh. San. Tic. Ltd. ?ti.;V2022 (-);Hüseyin Ayf?n;Hüseyin;;Ayf?n;;huseyinaydin@aydyapi.com.tr;;Active
73d3c944-87f7-ef11-bae5-000d3ab2ceb1;HuICwXB4NVIUtEaauR0ZubQHSc/F10e6Gat7BY7DNaE66EAF31F3mhT2vqS1jHbORo2wZFLsrP7FhMOIAHGh5Q==;25.08.2025 09:58;Selimo?lu Group;V2022 (-);Meltem Ek?i;Meltem;;Ek?i;;mimarmeltemeksi@gmail.com;;Active
75d3c944-87f7-ef11-bae5-000d3ab2ceb1;dbJUM0tzUi7jrTb+ki906F6Ut9V1WjNadMH78ew4PBTFfY71s+IONfDNzyHmHGjRex/MnS8hnxBumfGkYcmUlg==;25.08.2025 09:58;Sepin Mimarl?k;V2022 (-);Yavuz Selim;Yavuz;Sepin;Selim;;sepin@sepinmimarlik.com;;Active
77d3c944-87f7-ef11-bae5-000d3ab2ceb1;Gg8mg4zk+lz1uu5iFu1ZbhYdAvoasXscRDF6wSObfTXmEqaOtPJcmGcEv909fX+jpc5cwcyQucCy9AUvBLpj6Q==;25.08.2025 09:58;Uluderbent Belediye Ba?kanl???;V2022 (-);Emin Dikici;Emin;;Dikici;;emindkc@gmail.com;;Active
7bd3c944-87f7-ef11-bae5-000d3ab2ceb1;W8RzXtiSEG/guJPVs6tar/gyLBncMQjpXfBfKOWOy5kcza8eraTijbQI6G+i0qCLXOKq2h+rd3lMIbZ1KAI6Jw==;22.08.2025 13:44;Andelip Mim. Müh. Hizm. In?. Taah. Tic. San. Tic. Ltd. ?ti.;V2022 (-);Azime Ç?rak;Azime;;Ç?rak;;azimecirak@hotmail.com;;Active
7dd3c944-87f7-ef11-bae5-000d3ab2ceb1;WCDySFOEgfy74sZ0A7DA6Om8eVx/yWOLrI1fumNqpLhcrTOTkq1CXG1PAroF7r6gl6t3YAoU5g9Z/L1RHiPOew==;22.08.2025 14:00;Asf Yap? Müh. In?. San. Tic. Ltd. ?ti.;V2022 (-);Mahmut Uçmaz;Mahmut;;Uçmaz;;mahmutucmaz@asfyapi.com;;Active
7fd3c944-87f7-ef11-bae5-000d3ab2ceb1;q73Fnh+WqKwJC2jFwQMICKTK7L442dbYZYFrK6LMGY3fYaWiUcpSkNqadUevbcyaRH9ZOXK3P4lMrY1FcwTJTg==;22.08.2025 14:02;Atos Mobilya Ltd.;V2022 (-);Gökhan Akayd?n;Gökhan;;Akayd?n;;mkaynak@osmanlikahvecisi.com;;Active
81d3c944-87f7-ef11-bae5-000d3ab2ceb1;0V73z+CFYw8LjVfw1oaFHswlqElQFkmwSXLDENYWsCkmJndaXqxeWifm2NQ+ACBF4LPW5PGGhvL8ai/YGxOUMA==;22.08.2025 14:04;Aydo?du Mühendislik Plan In?. Ve Tic. Ltd. ?ti.;V2022 (-);Emrah Aydo?du;Emrah;;Aydo?du;;emrahaydogdu@hotmail.com;;Active
83d3c944-87f7-ef11-bae5-000d3ab2ceb1;1UI84yv+ggyEsWfkvbOWgKdBi9tb2+I/w+oa5nOyFTTQ2S23V91uYwN99+G8H/m9HM+NmBdHI2/Vr3OVIqJgHA==;22.08.2025 14:08;Bdk Mimarl?k Aynur K?l?çsoy Budak;V2022 (-);Aynur Budak;Aynur;K.;Budak;;ferhatbudakk@gmail.com;;Active
85d3c944-87f7-ef11-bae5-000d3ab2ceb1;shh3+Fbsj0PDbRycCz6T+w4FXN6AUI0uk1xpylileSPPUbi4wz7niwVvnxnK39AEhXLFND1etOG3cy4FOEtQ7A==;22.08.2025 14:08;Belekoma Mimarl?k In?aat Turizm;V2022 (-);Nermin Erçolak;Nermin;;Erçolak;;nerminercolak@hotmail.com;;Active
87d3c944-87f7-ef11-bae5-000d3ab2ceb1;UMr2IHMuqAVvbR5y8kY+ortaQ+L8um3t3GGJXvUav+w1ztHrqxpbKPITsNjcal9XHaa7FvKSBeDet7bWXzk6ag==;22.08.2025 14:10;Bilgece Mimarl?k Iç Mimarl?k Tasar?m Dan.;V2022 (-);Bilge Puskulcu;Bilge;;Puskulcu;;bilge@bilgecetasarim.com.tr;;Active
8bd3c944-87f7-ef11-bae5-000d3ab2ceb1;n8vXZ1h+nhQmyG4Sx/gtqoFvynP1K7pjCRQxRl6EyBI/c2rmShe3PC9bdh48X/cHZU3JNlULJRxqCR37eqGtGw==;25.08.2025 09:14;Dna Mimarl?k Ltd.?ti.;V2022 (-);Nail Atasoy;Nail;;Atasoy;;nail@dnamimarlik.com.tr;;Active
8dd3c944-87f7-ef11-bae5-000d3ab2ceb1;3cFgqJ8zzigf7MUA19lBTz2uppUacXbzmeh55cIWNhI2R9RibQW7OAVX7hhHrZaqQD09GiCYpJj6wkhaGYFhBw==;25.08.2025 09:16;Do?u? Otomotiv Servis Ve Tic. A.?.;Sözle?meli;Evren Özel;Evren;;Özel;;EOzel@dogusotomotiv.com.tr;;Active
8fd3c944-87f7-ef11-bae5-000d3ab2ceb1;L5OXCnnAroIYcTWirfA1IbMGLA0xFDM+VGCnaRjBYRXfa1rvlF6yVKqMCPp40eR95QxBlLY8X6MnJhZAcemI9g==;22.08.2025 14:26;Ebil E?itim Yaz?l?m Dan. Ltd. ?ti.;V2022 (-);Ayfer Ayd?n;Ayfer;;Ayd?n;;ayfer_aydin@ebilegitim.com;;Active
91d3c944-87f7-ef11-bae5-000d3ab2ceb1;JUgfZix7AK3tBFpnQO5MHy50CfIr45XGVJdRZojmdjtZ+ZZIHYGhZQCFvC/BjmDGq7NlR3PmrVOnlVTuVlwJXA==;22.08.2025 14:30;Elit Prefabrike Beton In?aat;V2022 (-);Sunay Dramer;Sunay;;Dramer;;elit@elitprefabrike.com;;Active
95d3c944-87f7-ef11-bae5-000d3ab2ceb1;XphrBCZhKxlAO4CfGIu9eMPmpe2C2rd8/sRupp8dUJ5kn4Jr5bEx6PglTgIvOJPU+ybINCImvlkOk94M5Lrd0Q==;22.08.2025 14:33;Ergin Petrol ;V2022 (-);Müge Ergin;Müge;;Ergin;;muge.ergin@erginevler.com.tr;;Active
97d3c944-87f7-ef11-bae5-000d3ab2ceb1;twO0XAa6iLgq947NdJIS/4LZkzOKC4Cv9jYweU4E28oTVyA5UOtbGss/FlEiNbtVvUIOaLbfkvr6ZaHXdjG4Xg==;22.08.2025 14:33;Ergin Petrol ;V2022 (-);Osman Ergin;Osman;;Ergin;;osman ergin@erginevler.com.tr;;Active
99d3c944-87f7-ef11-bae5-000d3ab2ceb1;r24Rw3qDcUs0eL42DDtNMtQWktC5OWJ2JRkJD1v7vB23cLSzzKF2PQ8xrdm007vUnrjPURNROzYRNoFRYQF7HQ==;25.08.2025 09:58;Fatma Özlem Nalça;V2022 (-);Fatma Çolak;Fatma;Özlem;Çolak;;viramimarlik@gmail.com;;Active
9bd3c944-87f7-ef11-bae5-000d3ab2ceb1;ZGoHbTCwO+oYyqXy+iJYfybnZvIqV2xnhm1Qls986/2JuZG6w7GIIrUVTk+csEhQT+c2LN5oJUjGVI8FWNnIMw==;25.08.2025 09:58;Fce Mühendislik;V2022 (-);Fatih Co?kun;Fatih;;Co?kun;;fatihcoskun@fcemuhendislik.com;;Active
9dd3c944-87f7-ef11-bae5-000d3ab2ceb1;3FcqKP2NXfwQfeJPzl2GIM8K95urirc3LkGYqxutXxRieKARHoX7ogpNvRzLPNHuasBLXcadMiw6bzdps7XZfw==;25.08.2025 09:58;Festo San. Ve Tic. A.?.;V2022 (-);Yasin Ard?ç;Yasin;;Ard?ç;;yasin_ardic@festo.com;;Active
9fd3c944-87f7-ef11-bae5-000d3ab2ceb1;tNibknSMibMNvodugdcbKdOWjlGGakQZTzJq2E7sSrM2WC5w6QmWTZPlObMNXyMkkA6p+3j6yKz6r15fkUi3JQ==;25.08.2025 09:58;Filiz Ocako?lu;V2022 (-);Filiz Ocako?lu;Filiz;;Ocako?lu;;ocakoglu@gmail.com;;Active
a1d3c944-87f7-ef11-bae5-000d3ab2ceb1;aGujUU0iVSHJSKNvYVVXFjlHAzDNNVfvXdliXjmOffiA43hn1k0gthPETMEmB/K/YLAoNH3z2eGAmouhzcbHmQ==;25.08.2025 09:58;Genkon Mühendislik Mü?avirlik A.?.;V2022 (-);Osman Sal?c?;Osman;;Sal?c?;;;;Active
a3d3c944-87f7-ef11-bae5-000d3ab2ceb1;xa9rJsz8+qM9/DJkr/s+JbzB/8YCHmhpDcKli9uhnzVgv9/OgWAc/s4FNF3Yeo+oJXc5AphcjGn4bBaqwg6+lA==;25.08.2025 09:58;?dea Yap? Ürünleri ve Tic. A.?.;Sözle?meli;Yu?a Akyol;Yu?a;;Akyol;?irket Sahibi;yusaakyol@ideanuova.com.tr;0532 235 05 00;Active
a9d3c944-87f7-ef11-bae5-000d3ab2ceb1;AEwvrQI8AbokhewX8ZvJW6LWtedFTznX5HV0SyP4F55Rjtl86XmTOCvketNhh6VC2aIFHeVVofu4CxAYyVHi2g==;25.08.2025 09:58;Igt Mühendislik;V2022 (-);Metin Marmara;Metin;;Marmara;;t.ayten@igt.co.at;;Active
add3c944-87f7-ef11-bae5-000d3ab2ceb1;Y7V5XWvPuGjrK4W4n4MRkNzrSS2aBTqqgfQ0hwvzlfSBTRTNNfvPDtNFZfEGQfpPNc0lUQw9Yuie1mGbrUUglg==;25.08.2025 09:58;Itü Enerji Enstitüsü;V2022 (-);Hatice Sözer;Hatice;;Sözer;;sozer@itu.edu.tr;;Active
afd3c944-87f7-ef11-bae5-000d3ab2ceb1;IhqIiOf2BEfGnhjhrsRPWp13HRo/PNm8eorMmVKTjUmXnyc+aOZgxOTNS1QRo9/5VTRP6BUF4fvT/Sbi2XD8RA==;25.08.2025 09:58;Karakaya Mimarl?k;V2022 (-);Yalç?n Karakaya;Yalç?n;;Karakaya;;karakayamimarlik@hotmail.com;;Active
b3d3c944-87f7-ef11-bae5-000d3ab2ceb1;TWtgG0hPJUzfz4ioG3OshuIPRFF5fbpN271iqrvrHV9TLB+p8XEYkNL70DF+EgHKbxff0aSMuB3d1gUxPI7RFg==;25.08.2025 09:59;Kuvvet Telgezer;V2022 (-);Kuvvet Telgezer;Kuvvet;;Telgezer;;telgezerkuvvet@gmail.com;;Active
b5d3c944-87f7-ef11-bae5-000d3ab2ceb1;zo485IELFKAbby6HRJjyLx+gV95m7+CwGtskjDGbEOa5lhmyUgO6oALPfax7vgIcgvZ1d/2VmJziL512fsuyoA==;25.08.2025 09:59;Ulusoy Insaat Cetin Ulusoy G.Pasa Yokusu Saruhan Is;V2022 (-);;;;;;;;Active
b7d3c944-87f7-ef11-bae5-000d3ab2ceb1;xPID6u5BghyKN5eK6D8JM4DXEA8QZOB1mmCIb0vjPLQjdoQ8BIRXGYwKYqPjLOCl29nwHlqcqWIeAslrEcZ1eA==;25.08.2025 09:59;Mutlu Çiftçi Mimarl?k;V2022 (-);Mutlu Çiftçi;Mutlu;;Çiftçi;;mmrmutlu@hotmail.com;;Active
b9d3c944-87f7-ef11-bae5-000d3ab2ceb1;geccm1rCQKTkObXWzMcQabX2QJAGRVXOtW13wAz0gqMs1sMGvyR4nhWJhjJr9OCnS7ITPCF4d6WIjNzDdb4THA==;25.08.2025 09:59;Mypark In?aat A.?.(Cuma Bey Ayr?ld?;V2022 (-);Cuma Polatk?ran;Cuma;;Polatk?ran;;cuma@parkinsaat.com;;Active
bdd3c944-87f7-ef11-bae5-000d3ab2ceb1;aa/v3CNkPyYu6dAKd/279OFtxz780EACJ3pz95fqhatzQ/mv1vbgl5xU/Xt9NNM/rpqneF77E9mhaeaEnQM7Ng==;25.08.2025 09:59;Nhl Mimarl?k Hizmetleri Ltd. ?ti.;V2022 (-);Nihal Güven;Nihal;;Güven;;ng@nihalguven.com.tr;;Active
c1d3c944-87f7-ef11-bae5-000d3ab2ceb1;sImHTkB1BmvM2E6xsKVXxGhUg565/FSdx0ts8znaePhfuh27w3HP7mXqgwWV9GyBkaL8odL/b9eDHGbZdPUfSQ==;25.08.2025 09:59;Nita? Proje Taah. Dan. Iç Ve D?? Tic. Ltd. ?ti.;V2022 (-);Hilal Kahraman;Hilal;;Kahraman;;naim-sahin@hotmail.com;;Active
c3d3c944-87f7-ef11-bae5-000d3ab2ceb1;oiDyHMn1m+7CHm7GiHyZ91XtrDmqqTD0gUe/H7ixiwi55kunxhFfqaFB7RnMEeNzcsZMURGQRH3i5Q/A8uFtyg==;25.08.2025 09:59;Özbay Mim. Müh..San. Ve Tic. Ltd. ?ti.);V2022 (-);Mesut Bayram;Mesut;;Bayram;;mesutbayram20@hotmail.com;;Active
c5d3c944-87f7-ef11-bae5-000d3ab2ceb1;LHMIvoTyxf+cRHU14aZJh34CmTY/C5Dooj0UoH8WAYAvS+Rug7z6y7FO2XudOG4JSF9ee83R6L6ZmPXpVFP6Ww==;25.08.2025 09:59;Rgn Mimarlik Ins.Dis Tic.Ltd.Sti.;V2022 (-);Faruk Argün;Faruk;;Argün;;farukargun@gmail.com;;Active
c7d3c944-87f7-ef11-bae5-000d3ab2ceb1;NNsi7kDN4LhkzN6x4ydc88UobwCp1CbTRaYtTy6FPk48W1YUdcHHdwFoBlVAfLO65BJw4OtimRTOEor5lSJoFw==;25.08.2025 09:59;Rönesans Mae In?aat;V2022 (-);Sevhan Köse;Sevhan;;Köse;;sevhan.kose@ronesans.com;;Active
c9d3c944-87f7-ef11-bae5-000d3ab2ceb1;Y5lyypwiqIGG2dITv3F1tVfLEZh+Jnu+K366aNHTuRH/edXSkRMOZW/KR4hWAjqKNuiOzWWqOwqtseJd2LBTMg==;25.08.2025 10:01;Sivasl?o?lu Mimarl?k;V2022 (-);Fato? Sivasl?o?lu;Fato?;;Sivasl?o?lu;;fatossivaslioglu@hotmail.com;;Active
cbd3c944-87f7-ef11-bae5-000d3ab2ceb1;JHqKuYjWyNbQIE6fZoUe4gPGJc629nWsp9QOwFFHw8akOShFjPrClaA0ajfkhhu4POGqoL4yn9RWO6oUQmOK7g==;25.08.2025 10:01;Tekin In?aat;V2022 (-);Mahmut Tekin;Mahmut;;Tekin;;mltekin@gmail.com;;Active
cfd3c944-87f7-ef11-bae5-000d3ab2ceb1;cOR0SK/9mD2iesoJHsWOUVfer4SIuwmURcv2ZaLTjna75JNRut7py9vPuIE2SGA9SxfCMxXAwu//maKeFJOp2Q==;25.08.2025 10:01;Ya?mur Mimarl?k;V2022 (-);G. Nalbanto?lu;G.;Ya?mur;Nalbanto?lu;;gynalbantoglu@hotmail.com;;Active
d1d3c944-87f7-ef11-bae5-000d3ab2ceb1;qnPcvce7Uixi9fdydsiX4yFvCH+H6O4hFKv/+m87MudXVCJYkvhfz2qt91I+5RRqI23eqQUS932hHKlZNXQZMg==;25.08.2025 10:01;Yahyagil Ins. Mim.San.Tic.Ltd.Sti.;V2022 (-);Hasan Yavuz;Hasan;Sevki;Yavuz;;hasanyavuz@yahyagil.com;;Active
d3d3c944-87f7-ef11-bae5-000d3ab2ceb1;Czx1Sq7fZUOaUUg9gfRAUwex+Dftyp2mcyXQcraaEIYW6VhdkAAT327Tm65XIfU1BScdLqk6B9V1W5lhyaSAMA==;25.08.2025 10:01;Lotus Bina ?n?aat Müh. ve Mimarl?k Ltd. ?ti.;Sözle?meli;Nazife Küçük;Nazife;;Küçük;Mimar;yaren_ltd@hotmail.com;0533 320 16 29;Active
d9d3c944-87f7-ef11-bae5-000d3ab2ceb1;qaFVu2FzLkO+A5tTAh1+feieQ/HN4hGg6pQNtHrIMDeaECIS3exgbWdffvOTpff9v4luKsziO9wdpRafMVBTeg==;25.08.2025 10:01;Znr In?aat Ve Tah. Ltd. ?ti.;V2022 (-);Levent K?l?ç;Levent;;K?l?ç;;znrinsaat.levent@hotmail.com;;Active
dbd3c944-87f7-ef11-bae5-000d3ab2ceb1;RbQwyQOAcBknfMGfISOAgqv1KMZNkFchVnuul1oozGwNVovp4yzh9QG/aieQp2jF2xy6v6O/JexC/7L1K7lrKQ==;22.08.2025 13:11;Aka Mimarl?k ve In?aat;V2022 (-);?akir Aynac?;?akir;;Aynac?;;sakiraynaci@gmail.com;;Active
dfd3c944-87f7-ef11-bae5-000d3ab2ceb1;YqYAYho/lGh5kWPtA3i2yFQGLdX0aKeSxi1Ih9vcicTixbUT6As/3XBoWWkF2GzciNgNoFez4Rf5xbf9L+z1fw==;22.08.2025 13:13;Aksiyon Tasar?m Mühendislik;V2022 (-);Muhammed Sucu;Muhammed;;Sucu;;msucu@bet-is.com;;Active
e1d3c944-87f7-ef11-bae5-000d3ab2ceb1;6YVf3EEFRexkmlSOMwN1X/uWLvkavYPUvyIXYKG7Ja2GzN/VUC6Y8dxjJ7IFwy+greasqrlZsZ6K2xfy61QO8w==;22.08.2025 13:36;Albayrak Turizm Seyhat In?aat;V2022 (-);Haluk Cebir;Haluk;Kemal;Cebir;;halukcebir@albayrak.com.tr;;Active
e5d3c944-87f7-ef11-bae5-000d3ab2ceb1;xlM3c7jB3BSOoYpnh9vBmRZRr1L6QzayQdeaM4FimBcDd3qhMk8EZ52SKtAj9ldCXAyBLS3jE+gpi6M1dUTZ/A==;22.08.2025 13:37;Albayrak Turizm Seyhat In?aat;V2022 (-);Ali Ünver;Ali;Eren;Ünver;;ali.unver@albil.com.tr;;Active
e7d3c944-87f7-ef11-bae5-000d3ab2ceb1;w+184ImeBCgxghS7i6n1VXDbUYeQNYyMYracccVDvMvxY4LzXfbBlVcp7lK3SQdrG4xvtN4k8MeYZGZ3OABJvA==;22.08.2025 13:37;Alp Mimarl?k;V2022 (-);Alp Özbay;Alp;;Özbay;;alpozbay_msu@hotmail.com;;Active
e9d3c944-87f7-ef11-bae5-000d3ab2ceb1;d6Y0bW0WYTMSyrpMJ6W7o0C+BaKjTWzreqw6GJRpNi56Fv8SdgFDYapVYfxCrVVYt5cW5m8iBq80aQ/7Pq63Ng==;22.08.2025 14:01;Atabar Mühendislik Mü?avirlik;V2022 (-);Özlem Yal?m;Özlem;;Yal?m;;ozlemyalimmimarlik@gmail.com;;Active
ebd3c944-87f7-ef11-bae5-000d3ab2ceb1;D0yMqVmAIuqmw1ieleljlq6JJc8YcrgSNVYZOdag3UYURB0waQ9njSZ9BBzg9T4mmJPUIUnuSDAc1OgkhZDWqw==;22.08.2025 14:03;Attila Kandan;V2022 (-);Atilla Kandan;Atilla;;Kandan;;atillakandan@yahoo.com;;Active
edd3c944-87f7-ef11-bae5-000d3ab2ceb1;TI+0gr2Kw5HOaE7MpcO2JNCxVPstkTOBdSYczilOK/QbUR0WVmJQDfYrV7hJdMj83pIZ6xq49coTm5nTkig5Pg==;22.08.2025 14:04;Ayhan Bülbüller;V2022 (-);Ayhan Bülbüller;Ayhan;;Bülbüller;;ayhanbll@hotmail.com;;Active
efd3c944-87f7-ef11-bae5-000d3ab2ceb1;9s5scT9NjTftpLFgixzDJxvzfOK0f7xuh7lb9EGmtvY1cxtVHqXUKOJmSfircxE2wlkWbDN9/fHPOL6UDkU/7Q==;25.08.2025 10:01;Ideal Yap? Metin Bülbüller;V2022 (-);Metin Bülbüller;Metin;;Bülbüller;;metinbll@gmail.com;;Active
f3d3c944-87f7-ef11-bae5-000d3ab2ceb1;l16kzMbicquvnqk6/8eT1DtSOGNqJKHXSiotD4rhTACgJlXHK6ctwtvz3iPeHbwcX+86RJ5/r2/6OrFZ6LJJvg==;27.08.2025 07:35;Cengiz Ulus Mimarl?k;V2023 (+);Cengiz Ulus;Cengiz;;Ulus;;cengizulus@yahoo.com;;Active
f5d3c944-87f7-ef11-bae5-000d3ab2ceb1;E+sSbCTc93/BIuCqJkgK6sEjQjjPvQGnw/N2Uv385EHhTTOnci/kCEwJ5+0VIr39wPjCmtDcgaW6AiAYFGtLvA==;22.08.2025 14:23;Cevahir Holding;V2022 (-);Hale Bulut;Hale;Bulut;Bulut;;hale.bulut@cevahir.com.tr;;Active
f7d3c944-87f7-ef11-bae5-000d3ab2ceb1;IAUVNxcacS9Hg40QpREC4lVIxjZDroqx2TXcm0IDU0YAx7/Rs9arFjZwOz2XEBiR3q9OT5x65IDNkHw0jaSszg==;22.08.2025 14:23;Cevahir Holding;V2022 (-);Abdulhamit ?lan;Abdulhamit;?lan;?lan;;abdulhamit.ilan@cevahir.com.tr;;Active
f9d3c944-87f7-ef11-bae5-000d3ab2ceb1;aXXI40mchsxCoT3q4xaTQGsaovZBvRoFHMc6s4G4TIsawscZj6pfWMKDKi0qcKNabdXCy98k10hxBEK5Ut72kA==;22.08.2025 14:23;Çita? Çevre In?aat;V2022 (-);Serif Akkurt;Serif;Ali;Akkurt;;;;Active
fbd3c944-87f7-ef11-bae5-000d3ab2ceb1;cRv9I77mHRqYuOFcCKgyMG5YcTTXtYvpNFyIP0jO0amYZynpPCwVWNg/QVSbcOwbeJOhIFdIpJqooq4M2qooFw==;25.08.2025 07:39;Demircio?lu In?aat;V2022 (-);Alaattin Demircio?lu;Alaattin;;Demircio?lu;;a.dmcoglu@gmail.com;;Active
ffd3c944-87f7-ef11-bae5-000d3ab2ceb1;owDOfsCnaUbJSe1kCRSr3uqegLzAaQu3Ps8ifzEuESlIxadee94zpWrZp9ZPjFnq+VrrOe7sqOMZEjHU/HxuyQ==;25.08.2025 09:12;Desfa Mimarl?k;V2022 (-);Faruk Demirel;Faruk;;Demirel;;desfa.mimarlik@gmail.com;;Active
01d4c944-87f7-ef11-bae5-000d3ab2ceb1;K3mERMQ1FCva/rBGnHgpQKpF6sB77m3Zl9rRPMwDSO/v+8sA53LV1LOTOold/eL6ZWNjogCidFdRVrsAjG02ew==;25.08.2025 09:16;Do?u? Üniversitesi;Üniversite;Eren Erdener;Eren;;Erdener;;seryildiz@dogus.edu.tr;;Active
03d4c944-87f7-ef11-bae5-000d3ab2ceb1;rLkKTO8hIuNDeLbxfsfrjvw6aNlSd3L7+7fLHNAYMTjQhZcU6no4mXeson3PYnz/Qd9RHiaTX2Ivg3YaP0a5Jw==;22.08.2025 14:26;Dumankaya In?aat;V2022 (-);Akçan ?affak;Akçan;;?affak;;akcan.safak@dumankaya.com;;Active
05d4c944-87f7-ef11-bae5-000d3ab2ceb1;W8jQ54FTTiDUYqP9JnoYVQre9w/7RSo+4WOe5lFkqWzaB1nw3D8cSSqTIByCYIYr4VTI3CKigAIBSTdxurZDyw==;22.08.2025 14:30;Elegant Yap?;V2022 (-);Murat Dugece;Murat;;Dugece;;murat@elegantyapi.com.tr;;Active
09d4c944-87f7-ef11-bae5-000d3ab2ceb1;jsZwJu2z9/uiaPaZdduDv26hGDYksBhO2v6Z2YMlJno+fJpKmZPliSBTJaodLYpQ4Yn1TP32ksNfxMw41qfoQA==;22.08.2025 14:10;Bilkent Universitesi Mimarlik Fakültesi Ramiz Akgün;V2022 (-);;;;;;;;Active
0bd4c944-87f7-ef11-bae5-000d3ab2ceb1;ZW+7Ro386dcZCKZPz0+Qt6YP6sVhygmH8ZHsCKv2sqn7Vqhr6xsBts+5jn0+Yr2y3NB0rqSHxOywwJINZRkhDA==;25.08.2025 10:02;Orta Dogu Teknik Üniversitesi (Middle East Teknical University) Herr Zafer Önder;Üniversite;;;;;;;;Active
0dd4c944-87f7-ef11-bae5-000d3ab2ceb1;VwTE+wvxJSljZI7l/A+xGZm9jEaeVa8GtNCly/nEffz3CM6wNVdxuJ8blK43WdSQf1Q8aJjE4PrrnUlxEqP5QQ==;22.08.2025 14:36;Erol Sermet Caliskan Mimarlik;V2022 (-);Erol Çal??kan;Erol;Sermet;Çal??kan;;erolsermet@hotmail.com;;Active
11d4c944-87f7-ef11-bae5-000d3ab2ceb1;VAPgY2gCx2IMOuvcjwIg/8reluM2G3rC4xBe7MIzyIXihV5TSdoskghsJGvbOCvVJ7G4WzdKPwMuVAIT2oo3BA==;22.08.2025 14:04;Aykul Mimarlik  Eskikuyumcular Cd. M. Yesilli;V2022 (-);;;;;;;;Active
13d4c944-87f7-ef11-bae5-000d3ab2ceb1;B3OoLdctahCBGXZsQTKvO3aGQZKxv1ENVY1vRz2j9f6Q7WidROMe1VGjK9ZIsEd7SgKgsTLp4UI+6edaiKXIqA==;25.08.2025 10:02;Gültekin Mimarl?k;V2022 (-);?smail Gültekin;?smail;Hakk?;Gültekin;;hakkigultekin@hotmail.com;;Active
15d4c944-87f7-ef11-bae5-000d3ab2ceb1;CsTIBgotUBAIO3rCFGVSZSZt8IbxCZL50+zJsp8xTFu8a8AqZSJl4gWcOCl/KDY/urDoBpSD0bcHr3efbwi7mg==;25.08.2025 10:02;M Design Mimarlik Insaat Kemal Ersin Say Orion Karsisi Akbank;V2022 (-);;;;;;;;Active
17d4c944-87f7-ef11-bae5-000d3ab2ceb1;BPvqwa+LgjfEvjepHY616LFDDOAFWrwKTvgxkswWiQOOVcrLuTyCgLgaaxZPEcCmstEPPdnCtUeNXq6U3AUxOA==;25.08.2025 10:02;Vasfi Yurtsever Mimarlik Vasfi Yurtsever Atatürk Mah.;V2022 (-);;;;;;;;Active
19d4c944-87f7-ef11-bae5-000d3ab2ceb1;x9CmSzavRVzLdfESdUOGo0deP85AAcisIoNK3Dr/s8ERE9voNfU17un2WQ9guwOstnzTEBbAQmIKJx/BeCFFDA==;25.08.2025 10:02;Gündo?an Mimarl?k Plan Proje In?. G?da San. Tic. Ltd. ?ti.;V2022 (-);Levent Gündo?an;Levent;Gündo?an;Gündo?an;;gundoganlev@hotmail.com;;Active
1bd4c944-87f7-ef11-bae5-000d3ab2ceb1;wl9uVA4MQExtkB8xkNFHsG8E5ZSxBMomDvlddxamXKG7UpzgGhhh4PVrhcuhT5oq0BBgI+gy1GpKBZQlC/p/MA==;25.08.2025 10:02;Gündo?an Mimarl?k Plan Proje In?. G?da San. Tic. Ltd. ?ti.;V2022 (-);Serap Gündo?an;Serap;Y?ld?z;Gündo?an;;sygundogan@msn.com;;Active
1dd4c944-87f7-ef11-bae5-000d3ab2ceb1;JB4M5WyMkcD6APCiFw+54+HPmQ9jiwzZWW1nDXltsJ9j4OWA6kLR4F3WeypV8u/8o+lpcNsW2+d2BEs/NFpApg==;25.08.2025 10:02;Iglo Mimarl?k In?aat Zafer Karoglu;V2022 (-);Esen Akyar;Esen;;Akyar;;info@iglo.com.tr;;Active
23d4c944-87f7-ef11-bae5-000d3ab2ceb1;6trjYjgTDZSqJ1gGNVclAsHEcIK5hpSivSWOxM76NBkaQMZd7vzzb6mdF/pHEGzMv8x47YBrHlP6iaHXbbfikw==;25.08.2025 10:04;Iglo Mimarl?k In?aat Zafer Karoglu;V2022 (-);;;;;;;;Active
25d4c944-87f7-ef11-bae5-000d3ab2ceb1;CC9xWTuknsNqFxwVxK62sDKaHIHc/A/7ENBjF/37tuj0MdwVhlCW3V6BlEt0F14QfATztSrGmIFhCeuPsaxyXg==;25.08.2025 10:04;Iglo Mimarl?k In?aat Zafer Karoglu;V2022 (-);;;;;;;;Active
27d4c944-87f7-ef11-bae5-000d3ab2ceb1;Dxxybl4HZn/X5e0CnOALg/S5r/cfVodzl52etWOGsZzxsouoH2ncElhxNiHTnFkNFi9a1EuOEBMECuBzxa+xGw==;25.08.2025 10:05;Karyap? In?aat Burhan Ramazano?ullar?;V2022 (-);Burhan Ramazano?ullar?;Burhan;;Ramazano?ullar?;;burhanramazanogullari@gmail.com;;Active
29d4c944-87f7-ef11-bae5-000d3ab2ceb1;FQdkHxXa/xZGThUZSqfz+eKijP8RXDDWMOMXG3lkarvMMboLck1XfQCK3EUb1FWgL4Deni5Gos+xtDENwgzXvw==;25.08.2025 10:05;Külkedisi Mimarl?k;Sözle?meli;Victor Schilton;Victor;;Schilton;;mimar@kulkedisi.com.tr;;Active
2bd4c944-87f7-ef11-bae5-000d3ab2ceb1;6CKMWNz8B0uA1GHkFVFoeICmabFxajqH/sN1QOgK2m462sY1dVDr52VxU1DKxdofLZ7DmYSUSZ6bVDg0Nu5pLw==;25.08.2025 10:05;Mehmet Zeki Güler;V2022 (-);Mehmet Zeki;Mehmet;;Zeki;;mzng6672@gmail.com;;Active
2dd4c944-87f7-ef11-bae5-000d3ab2ceb1;PJifRdB4uuU+P+vOb7GSHOEH6bkovc8M/4HPvIkeSrOX2Jq5B5YExjf3wmzIy7upSZ25heUTUW52dxLPDw6iWg==;25.08.2025 10:05;Miya Dizayn Ay?in Tezer;V2022 (-);Aysin Tezer;Aysin;;Tezer;;ateser@miyadizayn.com;;Active
2fd4c944-87f7-ef11-bae5-000d3ab2ceb1;qL5G+q3ENrlPywPaTcGQC1ky15IPmvlnUDmZC1R3VvEBAFlG4X7Sy4dn0/9RKjyeJU4ettwl5Ra+oSqvdIJzaQ==;25.08.2025 10:05;Polimeks In?aat Türkiye;V2022 (-);Emir Giri?gen;Emir;;Giri?gen;;lisans@polimeksinsaat.com;;Active
33d4c944-87f7-ef11-bae5-000d3ab2ceb1;edcmX5TcdXv6aUOE860zM8JUi6hRRYy6COWx8Gw6Jv3g1Sp7/86clTrstpy9D7e8JCsKVp7p0PLTXG33NZyEfg==;26.08.2025 07:33;Simya Mimarl?k (Murat Erkul Ayr?ld?);V2022 (-);Murat Erkul;Murat;;Erkul;;muraterkul@gmail.com;;Active
37d4c944-87f7-ef11-bae5-000d3ab2ceb1;PjG0+vwyi7cFe8AT3hGnUKZowhdr/SnhYSQL+9CtrOhX2PLIxq7QvpyJanNlz9YMjfKuIbmhu1WBFQX2DhC60Q==;26.08.2025 08:54;Tözün Mimarl?k;Sözle?meli;Hande Tözün;Hande;;Tözün;;ht@handetozun.com;0533 666 79 35;Active
39d4c944-87f7-ef11-bae5-000d3ab2ceb1;KutU/KY9rrrrF8pebJqMKsLHQ65WTSbs2PADcoKxoKEQVTlg/8bi8L6okoL2xNnljT9GkPI5QoMiag0vM/CYJQ==;25.08.2025 10:06;Tözün Mimarl?k;Sözle?meli;Murat Yüksel;Murat;;Yüksel;;cg@handetozun.com;0506 617 93 27;Active
3bd4c944-87f7-ef11-bae5-000d3ab2ceb1;zK2laz1wgcTJJBZRO53h6fpL5cIwd4oAzt1G/al+idYzzzuoGcAYk3kqVcutgPkz+3zg0N+L9LaljiIzyDP00A==;25.08.2025 10:06;Tözün Mimarl?k;Sözle?meli;Çavlan Girgin;Çavlan;;Girgin;;mg@handetozun.com;0537 526 38 37;Active
3dd4c944-87f7-ef11-bae5-000d3ab2ceb1;gSeaASdcpHlw4RdORpISOEVG2Xvk7GlVWIQbWOOzpYLibllhFb8fmJ9BxJWOomJbDgJcskg4ZUOdt6McP0o2pw==;25.08.2025 10:06;Tözün Mimarl?k;Sözle?meli;Mert Gülver;Mert;;Gülver;;gt@handetozun.com;0539 979 06 13;Active
41d4c944-87f7-ef11-bae5-000d3ab2ceb1;a20XtgqbZUQLgDmVeDL3BKK7nALfDM7heKCpeUONTKwq6w1Ave6JyDWRtj4JekEm60uY/3V6NHWP59jaGZWG9w==;25.08.2025 10:06;Ua Mühendislik;V2022 (-);Özgür Ayhan;Özgür;;Ayhan;;ozgur.ayhn@gmail.com;;Active
43d4c944-87f7-ef11-bae5-000d3ab2ceb1;p/SrMAVweFAQvg4iVJiwh8l9A2sqbfjzl3V0et7lfEIyGj8Mj9BvrklleDGGSdwToK65R6488oYYb+RA5ZZhLg==;25.08.2025 10:06;Fms Plan Proje;V2022 (-);Feyza Diler;Feyza;At?c?;Diler;;feyza.atc@gmail.com;;Active
45d4c944-87f7-ef11-bae5-000d3ab2ceb1;QWla1NyOtXSbXjLPFCwfdLppQLftEBVp5ZRw7fvogDOTd1z71w7d5oJZj8zu4HTj93b7MMXkqIU8MldkDMvTAw==;25.08.2025 10:06;Tahir Koca;V2022 (-);Tahir Koca;Tahir;;Koca;;thrarchitect@gmail.com;;Active
47d4c944-87f7-ef11-bae5-000d3ab2ceb1;mcA6cB+3BZrG72eEPMlgVlyT+0cZIhkxGUZ97TPAJlddz7lWXi6GZudB19fvMVYBLH/5H/QxS//9vPB1etMP/g==;22.08.2025 12:58;1000 A Dizayn;V2022 (-);Bar?? Co?gunsu;Bar??;;Co?gunsu;;bariscosgunsu@gmail.com;;Active
49d4c944-87f7-ef11-bae5-000d3ab2ceb1;yyeVpim14zwS7tNYk2WnZ+w2v+ym0rfkEJZ17bfLNAZT2qhFT2XOgGAU1CimHp3V6ze9U0hnpmV8ZHh5kHlQxg==;22.08.2025 13:12;Akg Gazbeton;V2022 (-);Beyhan Payasli;Beyhan;;Payasli;;;;Active
4bd4c944-87f7-ef11-bae5-000d3ab2ceb1;CYLmT2W7OeauA74Fb9FrpqL9iNMu0CRqCl6WwewyeobN6PR/hBJTSE6MZLmc3wdcwqj0NBdmrYy6OUDpH6EyBw==;22.08.2025 13:11;Ahsen Yap? In?aat;V2022 (-);Önder Tan?r;Önder;;Tan?r;;ondertanir@gmail.com;;Active
4fd4c944-87f7-ef11-bae5-000d3ab2ceb1;M18FbGDvTyFUgazNH3tYZn8HrJ6yxi674pr7ih99c0ptupCkxTK0JzJS/D90EU1LSWbb6NX6kSDBxXJThRe0Eg==;22.08.2025 13:57;Archom Mimarl?k In?aat;V2022 (-);Onur ?ahin;Onur;;?ahin;;archommimarlik@gmail.com;;Active
51d4c944-87f7-ef11-bae5-000d3ab2ceb1;XoPw9VIF/850xQ/uVPOPSrEMaLtxzfWWt+IpuS4R5JTS+AZbkLHSc2eGWQlMLcLE02VAVhi6AQFJZUr0NuXiiQ==;22.08.2025 14:03;Avc?lar Belediye Ba?kanl???;V2022 (-);Furkan Yi?it;Furkan;;Yi?it;;mimarfurkanyigit@gmail.com;;Active
53d4c944-87f7-ef11-bae5-000d3ab2ceb1;uEick+cQXpCNO39l9YjYF/YJs8yx1Fd7wWDDO7vCXmU7YvHRQ2MxEqIr2bmkoW/UYQF35cvtc8BLBovfpVjhjw==;22.08.2025 14:23;Cett Planlama;V2022 (-);Cemil Kara;Cemil;;Kara;;cettmimarlik@gmail.com;;Active
57d4c944-87f7-ef11-bae5-000d3ab2ceb1;7GULgw1IBAwnTUAwZ3VTy6E76DqDHX73gqnNyO8hX6CxfV5QIXrMy155qfRq0Lbm3Qbsoy9eK7eziASYSB8udg==;25.08.2025 07:38;Dara K?rm?z?toprak Mimarl?k;V2022 (-);Dara K?rm?z?toprak;Dara;;K?rm?z?toprak;;info@darakirmizitoprak.com;;Active
59d4c944-87f7-ef11-bae5-000d3ab2ceb1;IkmNgdOo30p+lXNCasNcYlUKBKzb9U5ObIqsYPeAaQn/0G1Msy9Q49JSnM6VS74yAFHf2P2ykHy1Fqios7pZ6Q==;25.08.2025 10:09;Hasan De?erbilir;V2023 (+);Hasan De?erbilir;Hasan;;De?erbilir;;hasandegerbilir@gmail.com;;Active
5dd4c944-87f7-ef11-bae5-000d3ab2ceb1;IkON3PdVIZC3dl5sIu1bAd5l5kwP7SSZwwPpXsIjCQItEpn35eNFRbu7WUGG+LUf3IKtwSovYfTfK59dfCu7Dw==;25.08.2025 07:39;Demir Mimarl?k;V2022 (-);Onur Demir;Onur;;Demir;;mimaronur@gmail.com;;Active
5fd4c944-87f7-ef11-bae5-000d3ab2ceb1;/KIibDlPFHq0zjtaViaOYra5AzNpFWZtC2zgDP7n3syF7GZFZfHKKtVV8AU/YcgBt1Xh8FiqS5X1NxNjzpuBHw==;22.08.2025 14:32;Emir In?aat Mühendislik;SUB-CANCEL;Adnan Ö?üt;Adnan;;Ö?üt;;adnan@emirmuhendislik.com;;Active
61d4c944-87f7-ef11-bae5-000d3ab2ceb1;9xtnRLGJbUVmPBh6lLeNxcp9mtqqB+mcE/PsObjOY71tU38padP2DoXTaeX8taRZPMtTr4X2BcAs1RPosgeSEw==;22.08.2025 14:33;Erenus Mimarl?k Yap? Dekorasyon;V2022 (-);Hüseyin ?engül;Hüseyin;;?engül;;erenusmimarlik@gmail.com;;Active
65d4c944-87f7-ef11-bae5-000d3ab2ceb1;GFDiPIlHc4WO6iywBfJXBWB4YZlMzKVMSaffnjhzwFwtauD/tZ3wVlbhkFvVkGZgTz+Hm/52luAWnzamDAEfrw==;25.08.2025 10:09;Fatih ?engül;V2022 (-);Fatih ?engül;Fatih;?engül;?engül;;fatihsengul61@yahoo.com;;Active
67d4c944-87f7-ef11-bae5-000d3ab2ceb1;YpT6o6SJjQ5lJIPITnUa/MlrdVszNZyIlOU/CngKT1PSYQvykJ4zrePfmWAWhs6xXWbJ+YiMXE6BihbbXjPtBA==;25.08.2025 10:34;F. Y. Bingöl Fikret Ya?ar;V2022 (-);Fikret Ya?ar;Fikret;Ya?ar;Ya?ar;;fikretyasar64@gmail.com;;Active
69d4c944-87f7-ef11-bae5-000d3ab2ceb1;ldFYlLSRODGaNGNYxblnVHvg08zw8ugPtz0A9+7859LvndlWRFBPKWMh14r1dAdJZnmIcVzBcMq11bZpJHW1mg==;25.08.2025 10:09;Mustafa Ülkü Mimarl?k A.?;SUB-CANCEL;Mustafa Ülkü;Mustafa;Ülkü;Ülkü;?irket Sahibi;bmulku@hotmail.com;0532 244 40 53;Active
6bd4c944-87f7-ef11-bae5-000d3ab2ceb1;o8OIka3K6wtR9Pf2fl6Qf/9SrGawGxRaAiN2flXPbTQHNV601jurZ7hjBuzCmluDM2WkFb8sqNWTaKK3fN0mWg==;25.08.2025 10:38;Mustafa Ülkü Mimarl?k A.?;SUB-CANCEL;Mert Ülkü;Mert;;Ülkü;;info@mustafaulkumimarlik.com;0532 056 58 99;Active
6dd4c944-87f7-ef11-bae5-000d3ab2ceb1;pBguPHK9AllekLOD/EDFbdHfKE8IPagEc4qV2oDR5znyH1415l7PK/7CEeXoqriY/Jauakfr4UIVUWCAPecaOg==;25.08.2025 10:34;Mustafa Ülkü Mimarl?k A.?;SUB-CANCEL;Abdulkadir Ülkü;Abdulkadir;;Ülkü;;;0532 764 02 34;Active
6fd4c944-87f7-ef11-bae5-000d3ab2ceb1;xXqiJpl8Fhp74MIV81z7ZDgqgxDtzxPHcEMzrvWEY0FHwzPeiea9NncSmb30jKzB8RHax7wK0MHsO9rlVvk6vQ==;25.08.2025 10:38;Mustafa Ülkü Mimarl?k A.?;SUB-CANCEL;Proje Departman?;Proje;;Departman?;;info@mustafaulkumimarlik.com;;Active
71d4c944-87f7-ef11-bae5-000d3ab2ceb1;gdGGOF/ia8D5F7rAw6tpCmN4zd+NlB3HLiGrSyGpxBHXUtE412c6OxZVX+biYEBbcvxvNRWZxaK+hLZsdrMcxQ==;25.08.2025 10:34;Mustafa Ülkü Mimarl?k A.?;SUB-CANCEL;;;;;;;;Active
73d4c944-87f7-ef11-bae5-000d3ab2ceb1;K4u6bYt6ZyKdCZ+5KjuPJyu/vGCyBhItvUiwnzRnbHWbbu1M7mnLDrIwPHcN7bE1WVlQ0nOd0YLcTOkFbAGWpQ==;25.08.2025 10:09;Hartek Harita;V2022 (-);Gencay Koçak;Gencay;;Koçak;Bilgi ??lem;gencay@gencaykocak.com.tr;;Active
75d4c944-87f7-ef11-bae5-000d3ab2ceb1;tfn8eBzKlZlMIuGBdtr8CRsRDK2NUiCaCg49NFAEQ86uXOUGCKoIPU/LRs4hTIdbG8LSPrv0gPcGgJdWbZ4MDQ==;25.08.2025 10:38;Hartek Harita;V2022 (-);Zeynep Ar?c?;Zeynep;;Ar?c?;;zeynep.arici@hartekharita.com.tr;;Active
79d4c944-87f7-ef11-bae5-000d3ab2ceb1;2MMy6/ZPJOjtUjIkAM8VFbn8lEFzFS9NWg5w1oJUXfoMRu4iSSjDC0ad7WUri0PLB/C2JVM6nIHWZg8eDHYCTg==;25.08.2025 10:38;Hartek Harita;V2022 (-);Yalç?n Ar?c?;Yalç?n;;Ar?c?;;yalcinarici@hartekharita.com.tr;;Active
7bd4c944-87f7-ef11-bae5-000d3ab2ceb1;LGfKW4IakRxAx0dtIDaGprcjCRw8C0YNw0Z5YHN5jvlKk6hflWD4ETnzVbmfXTfmmdLlksrCG9hjTEDoZgaoNw==;25.08.2025 10:38;Hartek Harita;V2022 (-);Yenigul Laçin;Yenigul;;Laçin;;yenigul.lacin@hartekharita.com.tr;;Active
81d4c944-87f7-ef11-bae5-000d3ab2ceb1;vATc2PYniLlL9HLcy+t3wZAfAUfUAoGTt9gx2mxAsB6zmDsO5dw0ZAtvA0HU3CNKEyV4c+GsKOqVycoxGnNEHQ==;25.08.2025 10:38;Iga Havalimanlar?;V2022 (-);Özgür Karagüzel;Özgür;;Karagüzel;;Mustafa.Yapar@igairport.aero;;Active
83d4c944-87f7-ef11-bae5-000d3ab2ceb1;tZICbw3zu5bio8meND5ykAlg7GsBXRB9V155bwuvCz0cCt9dwst0FhsNnKZbhr3C1hZD2cqDWbBwNbDX6oysbQ==;25.08.2025 10:07;Istanbul Kültür Üniversitesi;Üniversite;Emrah Türky?lmaz;Emrah;;Türky?lmaz;;e.turkyilmaz@iku.edu.tr;;Active
85d4c944-87f7-ef11-bae5-000d3ab2ceb1;ZEDSBA2G7cAnJPQvAY5Z4sIm++eCKGTK/Jp3eo37wE/o4A39XJLozPCYeDF+Vx/Lhb8FwwpPNm6YpgtLyqkdjg==;25.08.2025 10:38;Karaman Çevre ve ?ehircilik Il Müdürlü?ü;V2022 (-);Mustafa Karao?lu;Mustafa;;Karao?lu;;mustafa_karaoglu@windowslive.com;;Active
87d4c944-87f7-ef11-bae5-000d3ab2ceb1;kSRIjcPFMRQ0HTU1A1i3xQ9SJFUZwuLihovQkQr6ppOBJfcn5Zqp+tqKXsXwmTHaeVytnSxBYgJERbqIKzoWGQ==;25.08.2025 10:38;Karaman Il Özel Idaresi Plan Ve Proje Müdürlü?ü;V2022 (-);Bü?ra Yarar;Bü?ra;;Yarar;;;;Active
89d4c944-87f7-ef11-bae5-000d3ab2ceb1;leWC3bqJlbUsviJsRCP6xpQcSfOttXzYlrP335/8D5hqEhomcNwEeAscf12GWwMRPoyomcJ/CiXf98plyLqv0g==;25.08.2025 10:38;Kesit Mimarl?k;V2022 (-);?rfan Güler;?rfan;;Güler;;kesitmimarlik@yahoo.com;;Active
8bd4c944-87f7-ef11-bae5-000d3ab2ceb1;rserrJgdOh4qqo3EfWkWEuOxq3RbBpME65GLCPV0sRZJvQTTaBa80Tj1ccUlFqe6tPrA4rRmal7VOxG9fjAkcA==;25.08.2025 10:38;Kipta? Istanbul;V2022 (-);?smail Furuncu;?smail;;Furuncu;;furuncu.i@hotmail.com;;Active
8dd4c944-87f7-ef11-bae5-000d3ab2ceb1;r1h1CFwvRMO/3q57ulpSr12jwZbHlrhxMW22WU4uJHP6YIG5XJPOTIzXIBHkPsBOhVnFwC2z+t8ddKpSnA2zug==;25.08.2025 10:38;Levent Giresunluo?lu;V2022 (-);Levent Giresunluo?lu;Levent;;Giresunluo?lu;;leventgire@hotmail.com;;Active
8fd4c944-87f7-ef11-bae5-000d3ab2ceb1;oFJIQ8t2DH0r6kj0SZ0LapPsHId3RfCUrs0vmOIBFMinivbNbYg0OZ9mTipPboj1lW4PoajYmox3GtNGRhd5lQ==;25.08.2025 10:38;Mea Rönesans A.?.;V2022 (-);Volkan Celebi;Volkan;;Celebi;;;;Active
91d4c944-87f7-ef11-bae5-000d3ab2ceb1;6U1buMdsJMCt1jjB9dO6nMeYbUGudNmDOnC6HWqg2/FWixSwpML5xhiai6N0SQd0ZWhjNqOAgkyr4nCHefdCGA==;25.08.2025 10:38;Mehmet Özcan;V2022 (-);Uygar Özcan;Uygar;;Özcan;;sec@mehmetozcan.com.tr;;Active
93d4c944-87f7-ef11-bae5-000d3ab2ceb1;y+4YZzHmY1OlHEVhbWPfhYD8GADL5rRpE03UxjzVy9iloba0C2w/F3yYjUV2oY8xLiCPsEAKfw0CAw7ez7/uyQ==;25.08.2025 10:39;Mesut Türko?lu;V2022 (-);Mesut Türko?lu;Mesut;;Türko?lu;;mimaristmesut@gmail.com;;Active
95d4c944-87f7-ef11-bae5-000d3ab2ceb1;13pbKkUhlinxliw8kLzDqL8XErIWObHQv2mRdCv+ewmSITlyFI6NzJrzvupuVjp3EMjVGtawpoXYbZv7m26S/w==;25.08.2025 10:39;Minsa Mimarl?k In?aat;V2022 (-);Ali Aldemir;Ali;;Aldemir;;alialdemirmimar@hotmail.com;;Active
97d4c944-87f7-ef11-bae5-000d3ab2ceb1;UVI+bRiwlJxT+Gs0enqpWFC9Tx52DQuHi7s2Jbg8lV454/nqiv7T8resYJb+dcGbEjSFzl7XZ0Fxkotm0j+/Jw==;25.08.2025 10:39;Mista Gayrimenkul;V2022 (-);Gül?ah Tekden;Gül?ah;;Tekden;;gulsah.ustundag@mistagy.com.tr;;Active
99d4c944-87f7-ef11-bae5-000d3ab2ceb1;O+rkUlkEyFquVoRwZPQgKZRefeLT+pG8KPlVwrNF1I/DPyoNVvo+g+w2TYNILUIy6mWdw/lAzLUuzWGHe1gbeA==;25.08.2025 10:39;Ms Tasar?m Mim. Mühendslik;V2022 (-);Serhat Sa?lar;Serhat;;Sa?lar;;serhat_saglar@yahoo.com;;Active
9bd4c944-87f7-ef11-bae5-000d3ab2ceb1;K1fjQmeZBuvTKq27oNcIY55EtMFBnFAcMp94z7Mc333r0LfrU5keHDnCxn+IZwtPgw9/on4QXSbiOKLcqIuJ2g==;25.08.2025 10:39;Murat Turhan;V2022 (-);Murat Turhan;Murat;;Turhan;;turhan3351@hotmail.com;;Active
9dd4c944-87f7-ef11-bae5-000d3ab2ceb1;/pdAAQSA/yVjaCKbQBcj2hdZ7h+OM2Ukbj/xc/Gu42JpNCuNvWW07EJIboE66ZwT15QWH/B9j2zqXxEMgIlSlQ==;25.08.2025 10:39;Pamir Mimarl?k;V2022 (-);Aysun Pamir;Aysun;;Pamir;;aysun@pamirmimarlik.com;;Active
a1d4c944-87f7-ef11-bae5-000d3ab2ceb1;qBdY8xLNoZIHLa0ib5qWWtWB+J5ASUfEV9xinmxol9sbVKwq+KyLHSRjEQvMiQKk53mN/tai+LJcmD2dp9kOLA==;25.08.2025 10:39;Penti Giyim Ticaret A.?.;SUB-CANCEL;Gökçe Be????k;Gökçe;;Be????k;;Gokce.Besisik@penti.com.tr;;Active
a3d4c944-87f7-ef11-bae5-000d3ab2ceb1;rz28yFn/WKBXF7cbcafM7zo31jcwDLOkuh1DaJoxtOy/iaDkx/ovMtzgyDeUED7OfTsd4Z2I5whUt8ju1R34RQ==;25.08.2025 10:39;Penti Giyim Ticaret A.?.;SUB-CANCEL;Faruk Akçam;Faruk;;Akçam;;faruk.akcam@penti.com.tr;;Active
a5d4c944-87f7-ef11-bae5-000d3ab2ceb1;nW3hqyvtWutVrnOKyhcaKlE8eXyTvOb7TWLRIq9d1xPOSbC7ZBmfRuDjZmolBXVciTF9R6sjwnY6d1n0S3D4xA==;25.08.2025 10:39;Penti Giyim Ticaret A.?.;SUB-CANCEL;Muhammed Kocabay;Muhammed;;Kocabay;;Muhammed.Kocabay@penti.com.tr;;Active
a7d4c944-87f7-ef11-bae5-000d3ab2ceb1;QiWczjhHglgTpH+gqZXlh0EkT13wURmaUovrBoOnyhs2d/VWeMEyjsGplvgCMIdkVtEi6D0s6LmGKvcqLLQsig==;25.08.2025 10:39;Penti Giyim Ticaret A.?.;SUB-CANCEL;Melike Aydo?du;Melike;;Aydo?du;;Melike.Aydogdu@penti.com.tr;;Active
a9d4c944-87f7-ef11-bae5-000d3ab2ceb1;13ynECgZG4ilOq9B1pAcjUSIMDIuHEH0PKYAV1AuZhBmcEMBqwOdmZ2TCktiGdWMbM/cAuoFhuTSF7ltvTfQ2A==;25.08.2025 10:39;Penti Giyim Ticaret A.?.;SUB-CANCEL;Elif Olcayli;Elif;;Olcayli;;Elif.Olcayli@penti.com.tr;;Active
abd4c944-87f7-ef11-bae5-000d3ab2ceb1;jDZk9cpbuYjASgSZAnVV5RhUiAQXgHzJXlf9DU2z3z2vyV7jPB5Q9Aezd66+yCCfezLLKkJ11Beqjdg4iRZ8pw==;25.08.2025 10:39;Penti Giyim Ticaret A.?.;SUB-CANCEL;Roni Tombak;Roni;;Tombak;;networkadmin@penti.com.tr;;Active
add4c944-87f7-ef11-bae5-000d3ab2ceb1;qAin51h4O4cIIQgJd0ikG6lv27ZWbbaB1OCTLqR45SHwxYVgOn9H4VQFZJw7V8UNkiHhW4EEivf8joL0h6Sh6A==;25.08.2025 10:39;Penti Giyim Ticaret A.?.;SUB-CANCEL;Hakk? Erkan;Hakk?;;Erkan;;HakkiErkan.Atalgin@penti.com.tr;;Active
b3d4c944-87f7-ef11-bae5-000d3ab2ceb1;rQ7u4/FhSbDv2IsvaoCJTnFmHyM4NpoE16Z+r4F9TBUu6dPwGBvX5DQ4qYcbxQ28dHW9CJGUnB8bBsyty/J00w==;25.08.2025 10:39;Platin Tasar?m;V2022 (-);Ömer Poyraz;Ömer;;Poyraz;;o_poyraz@hotmail.com;;Active
b5d4c944-87f7-ef11-bae5-000d3ab2ceb1;xGwq9GWs7D6otLO/I9E1UQKr701MD6aD9pItdwhX/uNt+2llcwjgw1M2nWyO3X2qS8FuS+jQbq5YhvJPCmEbbQ==;25.08.2025 10:39;Prim Yap?;V2022 (-);Ekrem Kandil;Ekrem;;Kandil;;kandilekrem@gmail.com;;Active
b9d4c944-87f7-ef11-bae5-000d3ab2ceb1;vz7tANqhHtui3PfciysOcRAiebfAxAuZjXQAL2DHRkJLFqd7wsT7tsq4jist+zW/YoUZcL9QKSrIOhjbGrotyA==;25.08.2025 10:39;Rönesans Proje;V2022 (-);Ahmet Bolat;Ahmet;Mete;Bolat;;duygu.guler@ronesans.com;;Active
bdd4c944-87f7-ef11-bae5-000d3ab2ceb1;rbLmNT28EdMoSylYZkRAiq26xrSYhNJTs07My1qeShgFpCkzr/6qGUaFUiVgx1YKrWHQXPKcY1Y1Jz6whq2noA==;25.08.2025 10:39;Selin Ünald?;V2022 (-);Selin Ünald?;Selin;;Ünald?;;selinunaldi_@hotmail.com;;Active
bfd4c944-87f7-ef11-bae5-000d3ab2ceb1;k+fO/x1MFoVMN4tSUmOxgQaTeKBcyYgd3UEF1hBWswh11aT1njwYFAG1W8/lsfG2jb764LfNtdEYud2qnfWqnQ==;25.08.2025 10:39;Semra Karaka? Mimarl?k;V2022 (-);Semra Karaka?;Semra;;Karaka?;;semra.karakas@gmail.com;;Active
c1d4c944-87f7-ef11-bae5-000d3ab2ceb1;qCJmP28rz1kisvaUbLd0fq6SWOhkhGR0kghs7kMsMOs4CZCE7pD3jBmSz0zeH2UZU6qZnr76r37aRwQInaHFJg==;25.08.2025 10:39;Stas Mühendislik;V2022 (-);Deniz Polat;Deniz;;Polat;;deniz@stas.com.tr;;Active
c3d4c944-87f7-ef11-bae5-000d3ab2ceb1;3shbcgXmuHepUUjpMMorYoJpXXuQM7+MQ9uyElipOgYkOzwkm/nrM6X4qJVDJZrcX0kSmQBJdSfeeCbpB3GffA==;22.08.2025 14:17;Çal?k Enerji;Sözle?meli;Serap A??r;Serap;;A??r;;serap.asir@calikenerji.com;;Active
c5d4c944-87f7-ef11-bae5-000d3ab2ceb1;o/KfJOVykiLKtmPhK7fS0llK2cDJ0ny3dcUEVrwngO7lKj1I4buShJk6+LkkF455nyiXJ0sidQJbX0R7Trvibw==;22.08.2025 14:18;Çal?k Enerji;Sözle?meli;Cansu Kula;Cansu;;Kula;Sat?n Alma;cansu.kula@calikenerji.com;;Active
c7d4c944-87f7-ef11-bae5-000d3ab2ceb1;qBVOG8QEBaCZyvEahowoV69ItJix7mskuo/eswOgJVW9TXXmcmIFi6b/z5K73OYu/Psv82BHYa8mid6OWcNVaQ==;22.08.2025 14:18;Çal?k Enerji;Sözle?meli;Mehmet Sayal?;Mehmet;;Sayal?;;mehmet.sayali@calikenerji.com;;Active
c9d4c944-87f7-ef11-bae5-000d3ab2ceb1;gZaKWIghquPthCDRI8x8rmKdQmVp+fRrZEDkLnGJedFQI3gkkX0wdT5IkM3Q5/Cv+ArmK2iTuzMIfESmGcgBMg==;22.08.2025 14:18;Çal?k Enerji;Sözle?meli;Melike Özarslan;Melike;;Özarslan;;melike.ozarslan@calikenerji.com ;;Active
cbd4c944-87f7-ef11-bae5-000d3ab2ceb1;DyxdZDh75aox+eRaNwaetlpVnsxSxHPYf+Y531C5ywU2y9fFDBjHhQSuT6sMBFIzlW0ROGfPDCj+UTBskMZ6Ng==;22.08.2025 14:18;Çal?k Enerji;Sözle?meli;Zafer Tuylu;Zafer;;Tuylu;Lisans Admin;zafer.tuylu@calikproje.com;0536 474 44 70;Active
cdd4c944-87f7-ef11-bae5-000d3ab2ceb1;KUao4VGdweihxWhwnZ7lMyKuPfEXQkJUfjUfKLpT/kV15xQG06IwupYci37J/ZmZNhln62BstABsg1D2N/fVwA==;22.08.2025 14:18;Çal?k Enerji;Sözle?meli;Zafer Üstün;Zafer;;Üstün;;zafer.ustun@calikpetrol.com;;Active
cfd4c944-87f7-ef11-bae5-000d3ab2ceb1;kNIV67zHmRRwR3WvmFJj+pnAJq6ugK64yWjQyGoJkGwBI8ghr9VtUJDxIcMGnAt5QbCotqiFJs3Dm5eddBoxyw==;22.08.2025 14:18;Çal?k Enerji;Sözle?meli;Nevzat Büyüks?r?to?lu;Nevzat;;Büyüks?r?to?lu;;nevzat.buyuksiritoglu@gapinsaat.com;0533 215 95 81;Active
d1d4c944-87f7-ef11-bae5-000d3ab2ceb1;zparTD7RUe9DXYar1j9LViEc1qmA4LAWh/L+o85TYZMXs2rLXUzlOob0fFwBhdkthGCn/8d8EdvcgFqC4q1Zng==;22.08.2025 14:18;Çal?k Enerji;Sözle?meli;Enis Olur;Enis;;Olur;;enis.olur@calikproje.com;0505 833 60 63;Active
d5d4c944-87f7-ef11-bae5-000d3ab2ceb1;sKFXy4Cl4SBslEbjF5OVrCgUnjNbyVZotKE2rD9PK5PWTqQaD17L4vYWIVQbFAYll5/neHZWZq+0Vb52qjk7ew==;22.08.2025 14:18;Çal?k Enerji;Sözle?meli;Metin Gümü?;Metin;;Gümü?;;d-metin.gumus@calik.com;0530 226 26 84;Active
d9d4c944-87f7-ef11-bae5-000d3ab2ceb1;Rh1/dpr7Y0iLq+r9NAERPY+gT4W9KpbU5e3j6743i6nNQPxtW6Sk8ebFzugGTpW93EhVBHg/dpowfFdhZpQu6Q==;22.08.2025 14:18;Çal?k Enerji;Sözle?meli;Eren Kösüre;Eren;;Kösüre;;husamettin.tanriverdi@calikproje.com;;Active
dbd4c944-87f7-ef11-bae5-000d3ab2ceb1;AQzCP2rkdhoTAF3XQTwhQePetIpQssHFtbTGFJHr62cguqWi9pDH0YEOpx9Y+wyGO1htRFg9w85lIgsuOukvfA==;22.08.2025 14:18;Çal?k Enerji;Sözle?meli;Hüsamettin Tanr?verdi;Hüsamettin;;Tanr?verdi;;bulent.odabasi@calikenerji.com;;Active
ddd4c944-87f7-ef11-bae5-000d3ab2ceb1;vgNRPgoSR/QpXDDC95+mB9MI0jFFZFbRRPm3hR7UL/8g+4bM++Smka0U0QUkgIzuWCUv31tnt+E0EEWX/DWr8g==;22.08.2025 14:19;Çal?k Enerji;Sözle?meli;Ganime Sözer;Ganime;;Sözer;;miray.ayvaz@calikenerji.com;;Active
dfd4c944-87f7-ef11-bae5-000d3ab2ceb1;AvoYnfqUcau7V+hpk+QcUBvoBHmcjsxqRbNIHR8eAPAE+RjKw59XiKMCExEbDJtXQdc/aiNtTQbEDi0mSYpujA==;22.08.2025 14:19;Çal?k Enerji;Sözle?meli;Miray Ayvaz;Miray;;Ayvaz;;baran.kocer@calikenerji.com;;Active
e1d4c944-87f7-ef11-bae5-000d3ab2ceb1;y4+VpeVwnpsEnYJDoyQAibJ/rpJhF3b+OmE0yqUcYG4vs7uoP6WJjrLYu8x+G1HBeA5BTxc21w8Oo2Ys3z2zAQ==;22.08.2025 14:19;Çal?k Enerji;Sözle?meli;Baran Koçer;Baran;;Koçer;;d-ibrahim.ozdemir@calik.com;;Active
e3d4c944-87f7-ef11-bae5-000d3ab2ceb1;XAk0V0FCdy8wDYNmr4R1emvAmuRmwdRWKVZetxpgSjuOw/VsFRSVT1wagUfUXW8td6fG3cePSgPefkJkfIOPfA==;22.08.2025 14:19;Çal?k Enerji;Sözle?meli;?brahim Özdemir;?brahim;;Özdemir;;ilhami.cambaz@calikproje.com;;Active
e5d4c944-87f7-ef11-bae5-000d3ab2ceb1;w1+IpH+EPq4vQX0qoQg+gjnroIcQibsABL2rWzMktr1uVh9vgE4nYTUeFgIxHs1Xcg1W/nAbQruExZGQLl4ZWA==;22.08.2025 14:19;Çal?k Enerji;Sözle?meli;?lhami Canbaz;?lhami;;Canbaz;;d-ramazan.orhan@calik.com;;Active
e7d4c944-87f7-ef11-bae5-000d3ab2ceb1;XafNd2gDI7jRNv+EMLqSdkzHuyOwF+XnmWzhcGxPBcpSfAbc6K+SkXXbs//hD8TE7BKbg0iNDxnW4I7zeUP7zA==;22.08.2025 14:19;Çal?k Enerji;Sözle?meli;Ramazan Orhan;Ramazan;;Orhan;;erkan.travaci@calikproje.com;;Active
e9d4c944-87f7-ef11-bae5-000d3ab2ceb1;C3O7mw1n92wKXzcpnTY6bOMe9GfTC/mny7qhqnnRhFSgtsr3cyoeJKpe1Bq3I1riFkk0O3P0dWifQycsKAP2qg==;22.08.2025 14:19;Çal?k Enerji;Sözle?meli;Erkan Travaci;Erkan;;Travaci;;hadi.karapolat@calikproje.com;;Active
ebd4c944-87f7-ef11-bae5-000d3ab2ceb1;VI3aV/64fLuY+tyu7lYM0qnpFr3pl2SlL7DzWub1qWCd7xj/hFv0Qp+NI/ZA9keseQWq4t58WykGK5iP6Qojaw==;22.08.2025 14:19;Çal?k Enerji;Sözle?meli;Hadi Karapolat;Hadi;;Karapolat;;erdi.kaya@calikenerji.com;;Active
edd4c944-87f7-ef11-bae5-000d3ab2ceb1;ZbjrO/JAnDh8sIIAotiuMpyaigwi9fOBgzE3RfwjXqX1CLLltC2B4rqY/MK/5AUc5gdTbSaFpM3H1vnJ2H4seQ==;22.08.2025 14:19;Çal?k Enerji;Sözle?meli;Erdi Kaya;Erdi;;Kaya;;cem.bingol@calikproje.com;;Active
f5d4c944-87f7-ef11-bae5-000d3ab2ceb1;3eRDci5Wz7GK3tid9mbbNxicZQ7dCR2+WmihaF9jada72cfCX+E83RIa9+aPW5LLMZ6Hi3Hi0ahVZZqhQ9uSWA==;22.08.2025 14:19;Çal?k Enerji;Sözle?meli;Funda Kaya;Funda;;Kaya;;fundakaya46@hotmail.com;;Active
f9d4c944-87f7-ef11-bae5-000d3ab2ceb1;6Y0HWsfm4/0h+QfsATfufVODjjmzHzmPj4/KphSS3XnmZSy8SlhHvJznM1VpvT0BsZaW8GPoUHf/FyxdSvA0VA==;22.08.2025 14:19;Çal?k Enerji;Sözle?meli;Öznur Gezici;Öznur;;Gezici;;mesut.sahin@calikproje.com;;Active
fbd4c944-87f7-ef11-bae5-000d3ab2ceb1;wm11ItTtYZ0LwlQ4XsxzyEgFFA0wHKaGGVr9d7FXMnX+S/PLfdc2PYqByceEculCkjqTEIRGYo9/Oj0gZxteUQ==;22.08.2025 14:19;Çal?k Enerji;Sözle?meli;Ya?ar U?ur;Ya?ar;;U?ur;;yasar.ugur@calikproje.com;;Active
fdd4c944-87f7-ef11-bae5-000d3ab2ceb1;pGD2X5RKttQRUih4PJFXkVoM82gXLOHlcz7CDhdROjUbb2/Meuzx+Ssc/gAHoiPR4cr7XlPj8BNYFPp+ykdR1w==;25.08.2025 10:39;Teknik Mühendislik Mü?. A.?.;V2022 (-);Ufuk Ate?;Ufuk;;Ate?;;ufuka@dogusinsaat.com.tr;;Active
03d5c944-87f7-ef11-bae5-000d3ab2ceb1;Awv7Ht9X6/W+y7rw7y276+GkjrKLkPCNGurxTv/Hv68xl/OLkoSJW4iVdAJ49hRJQb83xh8v/lPaDK7de7RdJw==;26.08.2025 08:53;Timur Gayrimenkul Geli?tirme Yap? Ve Yat?r?m A.?.;V2022 (-);Erkan Özvar;Erkan;;Özvar;;erkan.ozvar@nef.com.tr;;Active
05d5c944-87f7-ef11-bae5-000d3ab2ceb1;pfd6AAbwyWfW+Thv5jEQz7vOUslKkv8wHhxV/w4Jal1QcQgfMX4/NzlEG0Il3R1QOnO18hSYsY6tqygMVNJpZA==;26.08.2025 08:53;Timur Gayrimenkul Geli?tirme Yap? Ve Yat?r?m A.?.;V2022 (-);Mert Ak?it;Mert;;Ak?it;;mert.aksit@nef.com.tr;;Active
07d5c944-87f7-ef11-bae5-000d3ab2ceb1;C4xzjwBrT6azOikBqdYoV8UPu9zRU1ozFygZPuHP+VDw+UMiGgvr6anwIafkYDWZ10rsaSNwLmK2w6ata5c3zA==;26.08.2025 08:59;Y?ld?z Teknik Üniversitesi Mimarl?k;Üniversite;Togan Tong;Togan;;Tong;;tong@yildiz.edu.tr;;Active
0bd5c944-87f7-ef11-bae5-000d3ab2ceb1;fBFjdCc1/En6UFEKGAl9sOwNIYWZYPx66yS4MkxZmWolPfOsf34NfsoLUZKOWnzlHNs4RpN2FhfLwJNn92jQZg==;22.08.2025 13:59;Arta? In?aat;V2022 (-);Onur Y?ld?zlar;Onur;;Y?ld?zlar;;onur.yildizlar@artasinsaat.com;;Active
0dd5c944-87f7-ef11-bae5-000d3ab2ceb1;3bo5/tvbvcNrWdJQ7JIHeO7sSDwrfieSbuNApznJYGL2qGTTUut9HqMSueL6xZrGHTbm12DGXJ2466ldpsOIZw==;22.08.2025 13:59;Arta? In?aat;V2022 (-);Burak Y?lmaz;Burak;;Y?lmaz;;burak.yilmaz@artasinsaat.com;;Active
0fd5c944-87f7-ef11-bae5-000d3ab2ceb1;ksky154l4Dd1EqErKcb+MLJpyX+uLZ6H68fAulRkYx8lHbuWGZb2KvL0ZgTEOavyGM5SmdJp4fDwk2Txq5duSQ==;22.08.2025 14:06;Baytec Mühendislik;V2023 (+);Bar?? Y?ld?z;Bar??;;Y?ld?z;;barisyildiz@baytec.com.tr;;Active
11d5c944-87f7-ef11-bae5-000d3ab2ceb1;LdKI7dyyNQs1rzTJaD7Itx0RUxRbTxGH+NV56lR2/5X8uC/gDLKsZDpVHD/JIDZnqwpiGbX8VJvgBsKntSzDmg==;22.08.2025 14:06;Baytec Mühendislik;V2023 (+);U?ur Koç;U?ur;;Koç;;ugurkoc@baytec.com.tr;;Active
13d5c944-87f7-ef11-bae5-000d3ab2ceb1;oKzTUI9kLb19x+Mb/Ur5pvOR0gJAuYBfcvMRsgOY4QUSR+4MunIkIQk/0FcG6fP+FoycMJN01j9p5ckWQjoxCA==;22.08.2025 14:06;Baytec Mühendislik;V2023 (+);Ba?ar Çeçe;Ba?ar;;Çeçe;;basarcece@baytec.com.tr;;Active
15d5c944-87f7-ef11-bae5-000d3ab2ceb1;EcdnL+1UoSOmDUdJqsS29mSyXMSPpAGuVy6kg9BNUORAB7OABQ4N50v4syY8XMK2U2yTPs5xFn9zI3Wum3K8lA==;22.08.2025 14:08;Baytec Mühendislik;V2023 (+);?rfan Aky?ld?z;?rfan;Zeki;Aky?ld?z;;irfanakyildiz@teknolojiza.com;;Active
1dd5c944-87f7-ef11-bae5-000d3ab2ceb1;7ig3Z9aMt0I1ie+tZWsoNkxn6dfpo3WIWwVfUNoLRVzxL2K3RDyVFKQt5M9+jVKhc/XLLE9iiWEcFc9WZLxEsg==;22.08.2025 14:15;Burcu Toku? Muhtar / 1014 Mimarl?k;V2022 (-);Burcu Toku?;Burcu;;Toku?;;burcetokusmuhtar@gmail.com;;Active
1fd5c944-87f7-ef11-bae5-000d3ab2ceb1;aYf91usSSTs2D3g2yfQsdWb3KTz0PvuZ/tMRGaSV8ea+65VWp3IovAr/jeHqhpa7kKH6BMsDtpH2HT0xLAJyhg==;22.08.2025 14:15;Burcu Toku? Muhtar / 1014 Mimarl?k;V2022 (-);Tuna Muhtar;Tuna;;Muhtar;;tunamuhtar@gmail.com;;Active
21d5c944-87f7-ef11-bae5-000d3ab2ceb1;iDuKTPBVB1XZvvKVBARscvcbEyKK6iZAdsq5R/BaCo1fy6VImEbjwgkW5a3lA7kLxaVzoglCAzNtezJ7anunqw==;26.08.2025 07:59;Güven Çabuk Mimarl?k;V2023 (+);Güven Çabuk;Güven;;Çabuk;;guvencabuk67@gmail.com;;Active
23d5c944-87f7-ef11-bae5-000d3ab2ceb1;KDRV2cuYNoX9j6VZJqora6mSaWCb+u0Goognaz3DQiQQhPEQ/HaEutoQQydA6MOs+4HwGgxG6+1+llk4RHsdcQ==;22.08.2025 14:23;Çevre In?aat ;V2022 (-);Cevdet Yüce;Cevdet;;Yüce;;cyuce@cevre.com;;Active
27d5c944-87f7-ef11-bae5-000d3ab2ceb1;RbpmDAO8Xi14FW0tR1NZJqOPGfiQd+WLXt/skg8Pq0wEkaSTRyZ2PTf7o2nE3FmeL7kGM9wl7DEAdvJ7Pv/IKg==;22.08.2025 14:23;Çizgi Mimarl?k;V2022 (-);Tuncay Ayd?n;Tuncay;;Ayd?n;;tuncay010965@hotmail.com;;Active
29d5c944-87f7-ef11-bae5-000d3ab2ceb1;VyQs/ZieVmA8TDTydvMM0lXKgmyE5Nn4DsyIhoRpoO8/9dKTtNy/cSnas9qlXgOhWX+60BksXd+bSl2Qcq1bHQ==;25.08.2025 07:40;Demka In?aat;V2022 (-);?smail Demir;?smail;;Demir;;ismaildem01@gmail.com;;Active
2bd5c944-87f7-ef11-bae5-000d3ab2ceb1;aW2nv42xBl5HIOVnlJD31pHDsGbhYRtYSOmmqHo7Gq8SHFB3zaCdC7tedMtTafKDprnxrPWD0pXQIO+jimsZLg==;25.08.2025 09:12;Derya Çalçal?;V2022 (-);Derya Çalçal?;Derya;;Çalçal?;;deryakiril@hotmail.com;;Active
2dd5c944-87f7-ef11-bae5-000d3ab2ceb1;d8nd5rNNsFtj7hKpm8CV+FI/IfKXQPKLsKgKEaUAPsfrMKeiIba4aD0An6hxHF6hRpTcOdFJtHKmmgpWxN6WOw==;26.08.2025 07:42;Esim Mimarl?k;V2022 (-);Çi?dem Esim;Çi?dem;;Esim;;cigdemesim@gmail.com ;;Active
2fd5c944-87f7-ef11-bae5-000d3ab2ceb1;aehxUKw7ji/0jSzOfjLLD1X/JcsDnR8Fxtco6qjIGW9AV942Cg7DD34pqBxkONuigoGM5ODcJZhSfRfOW5tvLw==;26.08.2025 07:44;Fbs Proje D?? Ticaret;V2022 (-);Kezban Kocagöz;Kezban;;Kocagöz;;kkocagoez@web.de;;Active
31d5c944-87f7-ef11-bae5-000d3ab2ceb1;5aObGqOT1qgd3ixYfY/TgTFgx9ggYUTmQokkJqW5XdTl1hGhMO8l54+RWflJ0Aui8BON3jepHtHYTVQNRyqnvg==;26.08.2025 07:44;Ferko In?aat;V2022 (-);Azad Özç?kan;Azad;;Özç?kan;;;;Active
33d5c944-87f7-ef11-bae5-000d3ab2ceb1;bH63e315QeFYV1wvuhdm8+Q+Y8WkQSu6C9InzQHoiSj2HvZtdgSwh4qsMpCxQxa/HFoPxTuufG9+dszGKQcQcg==;26.08.2025 07:52;Gaye In?aat Mimarl?k;V2022 (-);Hüseyin Birsen;Hüseyin;Ferit;Birsen;;feritbirsen@hotmail.com;;Active
35d5c944-87f7-ef11-bae5-000d3ab2ceb1;DCJ74EK/cMFlQGOowvCSG/rFKRjOVQ8nMTHCusApydz6jee9NSkj82Ka5QJXfqsL8M8B5W/bAKqEi6pfcgPU7Q==;26.08.2025 08:03;Istanbul Geli?im Üniversitesi;SUB-CANCEL;Fatma Orhon;Fatma;Kaya;Orhon;;fkaya@gelisim.edu.tr;;Active
37d5c944-87f7-ef11-bae5-000d3ab2ceb1;jrHWonMtGQub+pdsAPpV2Mojqcv/z1FJ64/fXRoEjlworLNJ3erI/6xOnH4oMe/M79rcfVOwGhUXXvubEzddtg==;26.08.2025 07:58;Gürol Biber;V2022 (-);Gürol Biber;Gürol;;Biber;;gurolbiber@gmail.com;;Active
39d5c944-87f7-ef11-bae5-000d3ab2ceb1;FLMzFYsidRr/Xnw4+jFkvfXClGa12JFCuD4fn9RW4M/z2Xqy0OW2mk1CLsCsiNCG0AQu7wZBJi9RX/DB2ZtKAQ==;26.08.2025 08:00;Hakk? Sinan Ayd?n;V2022 (-);Hakk? Sinan;Hakk?;Sinan;Sinan;;hsinanaydin@gmail.com;;Active
3bd5c944-87f7-ef11-bae5-000d3ab2ceb1;uR31imHh9sbjjBUvnqU/12f0Z7VXhgtBWxVdo5jJB792oBhkw000nVba3g5lcghiCs8Jr0QdILjONAhDfxVnBA==;26.08.2025 07:56;Gma Mimarl?k (Çok Tepki Verdi ?ikayetci Oldu - Bir Daha Arama);V2022 (-);Haluk Güremel;Haluk;;Güremel;;atolyeguremel@gmail.com;;Active
3fd5c944-87f7-ef11-bae5-000d3ab2ceb1;/z6AM7t61bFzLA9DdIPvZvx5EGTVCKM/AMu2We7+stTQWexFfmMCVAqSXzNJOjpE8vvs22xhZ4SMV11egJBo6g==;26.01.2026 09:47;Hget Mimarl?k;V2022 (-);Gülay Türko?lu;Gülay;;Türko?lu;;hgetmim@hotmail.com;;Active
41d5c944-87f7-ef11-bae5-000d3ab2ceb1;fP7POKJJdiww4+ChT78mCMIM0YorZYTJaqAGE2rqI1b7xo/lK8ICqxGHLfiiF9s9n+FwreWdz/JJt22QcOniCQ==;26.08.2025 08:02;Hilmi Çetin (Mimti Mimarl?k);V2022 (-);Hilmi Çetin;Hilmi;;Çetin;;hilmi-cetin@hotmail.com;;Active
43d5c944-87f7-ef11-bae5-000d3ab2ceb1;n+uxj3Jyiv6Gu+fzEXGvRH1tFix0x40Y7Jg+RK8dSdHdu6nEB4FHyH74J//J8jzi7Rv4DlQSRqCQtpfkIPFd8w==;26.08.2025 08:03;Iga Mimarl?k - I-Design Tasar?m Atölyesi;Sözle?meli;?lker Gören;?lker;;Gören;;ilkergoren@gmail.com;0532 547 46 67;Active
49d5c944-87f7-ef11-bae5-000d3ab2ceb1;br4qa8HhqotxQ6LnI22H1VZjRO+w7WgUaAP5ffAVSg+8JL+Tlqq6zfgab3JUGxRquW5+KAigP2QGSK59782zBg==;26.08.2025 08:04;Kagir Ah?ap Yap?;Sözle?meli;Erkan ?nce;Erkan;;?nce;;mimar.erkan.ince@gmail.com;0532 424 97 14;Active
4bd5c944-87f7-ef11-bae5-000d3ab2ceb1;4S440fUZMue0DHRteIpRV975jzmmb9llxKzAJLzAurR/3jcPyJZ9kztFu0TOnMLxg7XJm731+zK2RRkQmi/+zA==;26.08.2025 08:04;Kagir Ah?ap Yap?;Sözle?meli;Emre ?nce;Emre;;?nce;;emre@kagirahsap.com;0533 630 82 98;Active
4dd5c944-87f7-ef11-bae5-000d3ab2ceb1;nChqIB2NENHMiYQSWjw4mF+SSmJGjwh0Oez1tXKV4B3rr2SzF6evhMMQ/DxYz91+P2g1WMPSjtwY95lo5dYOsQ==;26.08.2025 08:04;Kagir Ah?ap Yap?;Sözle?meli;Sava? Ta?;Sava?;;Ta?;;savas@kagirahsap.com;0533 630 82 91;Active
51d5c944-87f7-ef11-bae5-000d3ab2ceb1;h8EmhVH5v9DHuxhG8JGT19b7x5Tme4Yl7RHqSzoUznCADM8MS+6F+rC4DioIqHvyHVPRWvhjN5KoSrgtGQv7SA==;26.08.2025 08:08;Kat?ta? Mimarl?k;V2022 (-);Mehmet Kat?ta?;Mehmet;;Kat?ta?;;katitas@gmail.com;;Active
53d5c944-87f7-ef11-bae5-000d3ab2ceb1;IQDQ316wlNIoUn3QLmxxYeWD6WVRwy+yLT4RaUTQDVMRP//B4h9aECsRG4xPFQHI8yNdVVFs2PtYvEJ8x3arHg==;26.08.2025 08:10;Kemiko?lu In?aat;Sözle?meli;Cahit Kemik;Cahit;;Kemik;;kemikcahit@gmail.com;;Active
59d5c944-87f7-ef11-bae5-000d3ab2ceb1;CwUHlhqYEXVqRmcl8y+XCre1CWOrsRqFz6pnO7ysTLR0jPEdVUV+GNqIOMEplviHBu+fSCVuLtZSMZSTe9l0kw==;26.08.2025 08:13;Krea Mimarl?k Ve Tic. Ltd. ?ti.;Sözle?meli;Neylan Sabaz;Neylan;;Sabaz;;kreamimarlik@gmail.com;0533 744 38 63;Active
61d5c944-87f7-ef11-bae5-000d3ab2ceb1;7cUMFWCbeTbN5Ix6n3l3WlRNxJBqrkgiBudm3ROPspjO1eShI3JpMhNTUuDRykKmdXEd30s/PwJc31DcilqeGA==;26.08.2025 08:19;Mazeron Mimarl?k Dekorasyon ;V2023 (+);Zafer K?vrak;Zafer;;K?vrak;;zafer@mazeron.com.tr;0532 698 99 99;Active
65d5c944-87f7-ef11-bae5-000d3ab2ceb1;AtOWf2tRr/P49XScdWIaPcjyYCBI1Wf3N7SXA3meJVcpKP1x6rzvEdjO4u9eksRsOBblAIgJ70LmMhhkrE8E3A==;26.08.2025 08:19;Mazeron Mimarl?k Dekorasyon ;V2023 (+);Bar?? Ku?ak;Bar??;;Ku?ak;;baris@mazeron.com.tr;0541 749 83 51;Active
67d5c944-87f7-ef11-bae5-000d3ab2ceb1;vP1UBlJcruiSJlnM6MQK1LTmolRax/B0bcXjoJ57PjvF7WWem7LqNrHzSgUDhgubNGUH7GI92SMNg19dE+jU1w==;26.08.2025 08:23;Mertcan Mimarl?k;V2022 (-);Cevat Kalva;Cevat;;Kalva;;;;Active
69d5c944-87f7-ef11-bae5-000d3ab2ceb1;96RYtG8x0K2mcUN8b+wh9MwYlD/DWtlCqZ7L/YhZpJtPtZr7wb7UzhQt2UnvK5apSBe3h6Etr34xMQ03/3H6zw==;26.08.2025 08:28;Ogun Mero?lu;V2022 (-);Ogün Mero?lu;Ogün;;Mero?lu;;merogluogun@gmail.com;;Active
6dd5c944-87f7-ef11-bae5-000d3ab2ceb1;xBsnCN0qHSnuMEqbXrA+XBEVmJdvoBm3yhRZnt83NyLFmw1MUkSb04F9f7gbhU3jlEgMtY/OFmc8HdU7eo19Sg==;26.08.2025 08:30;Orient Resaerch Mühendislik;V2022 (-);Benal Mutlu;Benal;;Mutlu;;benalmutlu@orientresearch.com;;Active
6fd5c944-87f7-ef11-bae5-000d3ab2ceb1;HDDCHfJyiIWMREEqV+GVQ/KAAn9ccf6JJ5C31sJqF3E1I5f0R4N7DKscQ6NV55uujSoayAqYBA95W2pNNXsHtw==;26.08.2025 08:30;Orient Resaerch Mühendislik;V2022 (-);Kemal Hano?lu;Kemal;B.;Hano?lu;;kemalhanoglu@orientresearch.com;;Active
73d5c944-87f7-ef11-bae5-000d3ab2ceb1;XJKwWBgxC8o+qpw/M4f07H1vZXdn6rSIIXHDZwkKSro2fgG8Y2hyyGxF/A1leE5xcmv141KtFw6+c6IhHVeeOQ==;26.08.2025 08:38;Say?n Prefabrik In?aat;V2022 (-);Abdurahman Yan?k;Abdurahman;;Yan?k;;info@sayinprefabrik.com.tr;;Active
77d5c944-87f7-ef11-bae5-000d3ab2ceb1;IgUY+QDLdmdzXXMPjx4S1mRyHwUeI7TosbpB6tQPvndeDb6kXOH+q6wLbtQCZIrmCfCOkryUvRV/XD0vAU+XQg==;26.08.2025 08:38;Say?n Prefabrik In?aat;V2022 (-);Ömer Kazan;Ömer;;Kazan;;omerfarukkazan@sayinprefabrik.com.tr;;Active
79d5c944-87f7-ef11-bae5-000d3ab2ceb1;TO+kjFWhl4gMS9dOW2fuv4XNDzeQhWxX2zv9BIWawC25sbnfq1wpDkMQlGBpUIaPSxcvv1UkYQN2adOAMgFi6g==;26.08.2025 08:38;Say?n Prefabrik In?aat;V2022 (-);Bu?rahan Canl?;Bu?rahan;;Canl?;;bugrahancanli@sayinprefabrik.com.tr;;Active
7dd5c944-87f7-ef11-bae5-000d3ab2ceb1;9RzkU78L2O8UvkOilYUvcMe33090LpWhgVMJB1ruWfFT6sv3kGGuiovkAgA2YbpTzxy+W3Oz4ZaWEiGGpPwJ8A==;26.08.2025 08:43;SVG Mimarl?k Mühendislik;Sözle?meli;Sevgi Orakc?;Sevgi;;Orakc?;;oozbek@dorabilisim.com;0532 465 17 02;Active
7fd5c944-87f7-ef11-bae5-000d3ab2ceb1;6tZbEGLRkB9KV4qvaXN5QnVqSEjF1ShsIgAFz1CYrB6gSVNlrV+HzRjR+8VCSNHZ6IuzuSmzSF19FmrshttZqA==;26.08.2025 08:43;SVG Mimarl?k Mühendislik;Sözle?meli;Ömer Bölük;Ömer;Can;Bölük;;nese@svgmimarlik.com;0541 733 20 91;Active
81d5c944-87f7-ef11-bae5-000d3ab2ceb1;JmdcX+KPcLhgPkJ3sQf0Vg3fEgQ5EO1i7NNtmigphnkV2bFc1dLOC65zFbNT9ekeCMOWNLP0Ih/AvVqp4kJeUA==;26.08.2025 08:43;SVG Mimarl?k Mühendislik;Sözle?meli;Ne?e Simitçio?lu;Ne?e;;Simitçio?lu;;;;Active
83d5c944-87f7-ef11-bae5-000d3ab2ceb1;On04m8xS8Ns/mOE7alLCs7kI0ad5wN8OyzGJP3IfTlsr9z4AQyIHd07O7P2n8x8770N43TiwF7z2G5EsCqBr4g==;26.08.2025 08:43;SVG Mimarl?k Mühendislik;Sözle?meli;Ömer Özbek;Ömer;;Özbek;;bt@dorabilisim.com;;Active
87d5c944-87f7-ef11-bae5-000d3ab2ceb1;nnVsgTE8rCrkzR8vm93rqFCHz0MQCOQjljw9ficGXWuIdCGbI9tUv3MRdtpKZdBWqcf4OJwhDjjpzH8GhccB5A==;26.08.2025 08:52;Tesem Yap? A.?.;V2023 (+);Hüseyin Sakin;Hüseyin;;Sakin;;huseyin@tesem.com.tr;;Active
8dd5c944-87f7-ef11-bae5-000d3ab2ceb1;xoNlkq9VbXpAzn18fU+KTYXYO9jpFpQOqBq6Z+0qr9XtVHMqarm9K76u+oY58dulnXz1Teb4t+UIYGDZKQjvcg==;26.08.2025 08:53;Toki - Toplu Konut Idaresi;V2022 (-);Burak Yalç?n;Burak;;Yalç?n;;byalcin@toki.gov.tr;;Active
91d5c944-87f7-ef11-bae5-000d3ab2ceb1;p56nfF6GqqUq/avFvtrHudJmwJc1crmN4ZL2bj4hSF7sYyGny/hyEUaiW0QCkycO0Y7coWq3ihpt5j/RLHvw8A==;26.08.2025 08:58;Yard?ml? Yap? Malzeme;Sözle?meli;Mehmet Yard?ml?;Mehmet;;Yard?ml?;?irket Sahibi;myardimli@yahoo.com;0542 586 44 80;Active
93d5c944-87f7-ef11-bae5-000d3ab2ceb1;iebynolzPY8Zc1Xa5wUA4yXgbeE+3v7eJNRIQAzMD1BsGXg9sbY2PBGvJFsfa4D9GP3PqkjzsLRW1AREdqUiVA==;26.08.2025 08:58;Y?ld?z Teknik Üniversitesi In?aat Müh. Bölümü;Üniversite;?enay Atabay;?enay;;Atabay;;satabay@yildiz.edu.tr;0533 778 67 13;Active
97d5c944-87f7-ef11-bae5-000d3ab2ceb1;t7OtAmjrHDulWL+FT3tpE1OvIOhrkoGR78yDK6HAzwaGKQKQkJsc5YdzWWiwCvzeS8fYuhZZxWxOnorRic5aAw==;26.08.2025 08:58;Y?ld?z Teknik Üniversitesi In?aat Müh. Bölümü;Üniversite;Burak Göksan;Burak;;Göksan;;bgoksan@yildiz.edu.tr;;Active
99d5c944-87f7-ef11-bae5-000d3ab2ceb1;dOMfFbPOLyq2ojaQ7wA9lWzl3umjygmtRYAZgcWnAS/vi1KRKayfb7O1Wv2y0YxUynOVOArQVt41/LzGvlhkjw==;26.08.2025 08:58;Y?ld?z Teknik Üniversitesi In?aat Müh. Bölümü;Üniversite;Mehmet Demir;Mehmet;;Demir;;mehmetdemir1287@gmail.com;;Active
9bd5c944-87f7-ef11-bae5-000d3ab2ceb1;ljg8FBWBaK67Eh996CV3XaVOgJ+JJhP+mChGKubS7OckaPdDKQG3p/Qf4ghoq9tBS3eTngTPJ8v3g8FhtaKtOw==;22.08.2025 13:31;Akyükselen In?aat;V2022 (-);Orhan Demir;Orhan;;Demir;;orhan.demir@akyukseleninsaat.com.tr;;Active
9fd5c944-87f7-ef11-bae5-000d3ab2ceb1;67OZ1Hzm2inQVVKhA/YZeKKI9XZGZzxHBwBTydLeAhSq9n55MeU7jpGoKEqfjJGaB2olzP2Icn+xpY3DTjdL4g==;22.08.2025 13:59;Arsem Yap? Ltd. (Salesforce Lisans Yok);V2022 (-);Erkan Albayrak;Erkan;;Albayrak;;info@arsem.com.tr;;Active
a1d5c944-87f7-ef11-bae5-000d3ab2ceb1;E3SGg5W2Z1jKN0RFF4lfkr/vXuJXmf/FSC0jujukeYgqK8VVjN/IyqFhtpjOENF4dgnfsmw0hVbwJ+jy40D0FA==;25.08.2025 07:26;Ahmet Saleh;V2022 (-);;;;;;;;Active
a3d5c944-87f7-ef11-bae5-000d3ab2ceb1;Ip9yGd3HaPi08wBF05iCmaJdfmfyhCC35l+igdFFm/6IaBXCDhXNUO8LEpwcpo8Vc7RsdCX8hljWAbkFluz6Tw==;22.08.2025 13:07;Ahes In?aat;V2022 (-);Mustafa Üçüncü;Mustafa;;Üçüncü;;mustafaucuncu@ahesinsaat.com;;Active
a5d5c944-87f7-ef11-bae5-000d3ab2ceb1;puHJLxJKPi3QedBMStlK2U1gaxm+7MFlChNA1CpOFE7927RafJNgYN6goXqewKWRsClF7HzGeLGrV02nTmCFPQ==;22.08.2025 13:08;Ahes In?aat;V2022 (-);Ali Osman;Ali;;Osman;;aliosman@ahesinsaat.com;;Active
a7d5c944-87f7-ef11-bae5-000d3ab2ceb1;A5QvfmJZIZwGZzcum7T+lRxA6eAW56oXlbuQACILCwGXdHgnzmAFvgx38qEWG/+hk6+OY9e6+Ft2tUgBpwFdEA==;22.08.2025 13:11;Ahmet Tahir Gül Mimarl?k;V2022 (-);Ahmet Gül;Ahmet;Tahir;Gül;;ahmettahirgul38@gmail.com;0532 345 21 68;Active
abd5c944-87f7-ef11-bae5-000d3ab2ceb1;XcVTyaR5Nw7/SK0X4QDFzIdfJ/Gv0P/q+es5kRXOb3WlCmtLHsqOv3vBbuTeZ28y+mz+brr8uE4lGIHsLZ59+w==;22.08.2025 14:03;Avm Plan Proje;V2022 (-);Vahit Büyüksaraç;Vahit;;Büyüksaraç;;avmmimarlik@hotmail.com;;Active
add5c944-87f7-ef11-bae5-000d3ab2ceb1;IDqqvuUxVgFhIhfUatuZglylv3Z/pxGCnKg4pLVZ+YI5b/5lmKt8PscHRD1xprAXkSajJtiVkd89HxwYQdDTUw==;22.08.2025 14:14;Btc Mimarl?k;V2022 (-);Bayram Ceylan;Bayram;Türk?an;Ceylan;;btcmimarlik@gmail.com;;Active
afd5c944-87f7-ef11-bae5-000d3ab2ceb1;FBgfSfK6QLzgfQG974iZTG9x/YLHJZWbU4Qb9ncrIoRENwyaEoYcqAyrcgUxG8GsKK+Fzi4YTi+Vj+yFghxuOQ==;22.08.2025 14:20;Can In?aat;V2022 (-);Hasan Çelebican;Hasan;;Çelebican;;hcelebican@caninsaat.com;;Active
b1d5c944-87f7-ef11-bae5-000d3ab2ceb1;RtSd3SxVOgHGQI4r7MLGW52yiMF25QH1ubfBsrVr4qbkDdeZrOM1ysvo8sxZ1RcLpb29JexHNaM+0sLityy/3Q==;22.08.2025 14:20;Can In?aat;V2022 (-);Günseli Tinaz;Günseli;;Tinaz;;gtinaz@caninsaat.com;;Active
b5d5c944-87f7-ef11-bae5-000d3ab2ceb1;QABCdqhID9TPM3jdM1iJj3zyS2CWxoZE9Y0DwoAdgQnoIrG/vfX4uVSHjJ0Hfsz0IusRNMke9LTCF0SFej7wWg==;22.08.2025 14:20;Can In?aat;V2022 (-);Duygu Çan?a;Duygu;;Çan?a;;dcanga@caninsaat.com;;Active
bbd5c944-87f7-ef11-bae5-000d3ab2ceb1;q2YLR5qHbhhPRiED4sU1Txaz6h1RPXL5G0NEQ/y0zQ3xMYEMe/mXVWXHNioAIS1tTutrBK5Bd/ymNVqCEPeYBw==;22.08.2025 14:22;Cephe Mimarl?k;Sözle?meli;Süleyman Ta?er;Süleyman;;Ta?er;?irket Sahibi;cephemimarlik@gmail.com;0533 273 33 37;Active
bdd5c944-87f7-ef11-bae5-000d3ab2ceb1;Db4N7cnOfISgrirl5403/yuZVHaEC1hXKsPVTYuSsF/j4FaO4sL3FImoO+Zthfjg+2WY+auzu9z8DAILvJO5ug==;26.08.2025 07:38;Cephe Mimarl?k;Sözle?meli;?lyas K?r;?lyas;;K?r;Sat?n Alma - Muhasebe;muhasebe@cephemimarlik.com.tr;0533 593 29 64;Active
bfd5c944-87f7-ef11-bae5-000d3ab2ceb1;ckUaTxhNtCLn94OBMnhWX2aQxbFo7HjJBISsTcKE0wvY7PZqCEIPbcrhlEuiM5MAKHFXfYzlolqmEN3XfHyfIg==;22.08.2025 14:22;Cephe Mimarl?k;Sözle?meli;Gökhan Manast?rl?;Gökhan;;Manast?rl?;;cephe@cephemimarlik.com.tr;0530 463 74 43;Active
c3d5c944-87f7-ef11-bae5-000d3ab2ceb1;ReMF9vW35LfsCjGzmMEbRW71bNw9NNQREo7VQhUO4tTZvvZyRCO5H9KX8g003CZzT8X/jPZgPVWhLeqaoNPesQ==;25.08.2025 09:11;Dergan Çarpar Mimarl?k San. Ltd. ?ti.;V2023 (+);Dergan Çarpar;Dergan;;Çarpar;;dergancarpar@gmail.com;;Active
c5d5c944-87f7-ef11-bae5-000d3ab2ceb1;6hG5gpq0k7kXWtyBKPMoukwdvS67eKzmr08iiJiIUxxgWq1uTGP7CaeRglfiSv8nc+7QCWPe603EcoI78K3CvA==;25.08.2025 09:14;Dilara Çabuk;V2022 (-);Dilara Çabuk;Dilara;;Çabuk;;dilaracbk94@gmail.com;;Active
c7d5c944-87f7-ef11-bae5-000d3ab2ceb1;pKmQYAlJVuqU98xWMgJQ0XI5yXwz6g04Hj/ZltSYXOYTFsjYjP/yfcmi9tYomOqLR0dNnNjqdk2sEEehd0Okcg==;26.08.2025 08:03;?MO Ankara In?aat;Üniversite;Ozan Y?lmaz;Ozan;;Y?lmaz;;oyilmaz@imo.org.tr;;Active
c9d5c944-87f7-ef11-bae5-000d3ab2ceb1;AflU7meAUCRWZyjK62qV8bbrqySprbDCP956lP5MTCCo/uF5K7eAdaykOXBIZ3Ic1SnBn7cK39GLzVnD8mUHew==;26.08.2025 08:03;?MO ?zmir ?n?aat;Üniversite;Eylem Ulutas;Eylem;;Ulutas;;eulutas@imo.org.tr;;Active
cbd5c944-87f7-ef11-bae5-000d3ab2ceb1;GKNyI4MAWtJtjXVMWQ7QDzfGpXaoqULvAklEb6JysmTSnXO90CKiP2/akNplq4hAa9wgiEkcKNafD9+gEriauw==;26.08.2025 08:04;Kadir Balim;V2022 (-);Kadir Balim;Kadir;;Balim;;kbalim@t-online.de;;Active
cdd5c944-87f7-ef11-bae5-000d3ab2ceb1;KZpQ/XgNoeqE/KtZa7GxV/UiDeqtVjSHDmNjPztklystMzBJO/smKxgW5hcn2V3Iv1Sjd9FAFZTQJkl4/i0iww==;26.08.2025 08:06;Kar Yap? Mimarl?k Mühendsilik;V2022 (-);Ahmet Co?kunyürek;Ahmet;Hamdi;Co?kunyürek;;hamdi@karyapimimarlik.net;;Active
cfd5c944-87f7-ef11-bae5-000d3ab2ceb1;RmO7CGS/lbRI2/4FG0rYENBAPTPNR+Xqkl7hMPxwXBdqo8Xr4tzj0niqJCvPY/watj0c1b4BV7Teb3M/USmAag==;26.08.2025 08:07;Karyap Mimarl?k Mühendsilik;V2022 (-);Gökhan Usta;Gökhan;Usta;Usta;;karyapmim@gmail.com;;Active
d1d5c944-87f7-ef11-bae5-000d3ab2ceb1;NGPxMBXjNI/Vdl/jmNXWT2gzHVu+iVGS3s4NvTQprL2vP7HA8KyPqYJcFIa/xBPQd8+glV8FVcnBYHbl0/tKSg==;26.08.2025 08:07;Kastamonu Meslek Yüksek Okulu;Üniversite;?ule K?l?ç;?ule;Özbek;K?l?ç;;suleozbekkilic@hotmail.com;;Active
d5d5c944-87f7-ef11-bae5-000d3ab2ceb1;oQlELE2eiEtFLqY9CmFntZYLT1IMSo8kZCMJ8QQc8l2uE/EorBIz+QBqjjqD+U8Y64C1+DqvxlHcfVsFI/EzpQ==;26.08.2025 08:10;KHG Tekstil Mimarl?k;Sözle?meli;I??l Genço?lu;I??l;;Genço?lu;;khgmimarlik@gmail.com;;Active
d7d5c944-87f7-ef11-bae5-000d3ab2ceb1;al09sAvEqhQXHK8n4JF/3m8iRP16LHqHscBBsMYlsObtGiVK/p6dm2ZXHGyJrz7qcnCatKNdbSILA3cQPgo2lA==;26.08.2025 08:11;Kibar Holding;V2022 (-);Kemal Selek;Kemal;;Selek;;;;Active
d9d5c944-87f7-ef11-bae5-000d3ab2ceb1;37cWSMVbxvcDNa1kv767QDGAtmxioDvmYOLYkPjE6RsDXcYYqcOU8/4ynw9hyBGsLkFq12VFbCscnIsiHKlJSg==;26.08.2025 08:13;Laborteks San. Tic. Ltd. ?ti.;Sözle?meli;Ahmet Petek;Ahmet;;Petek;?irket Sahibi;apetek@laborteks.com.tr;0532 257 15 04;Active
ddd5c944-87f7-ef11-bae5-000d3ab2ceb1;0Ex93arfZBqHuOMMq0IJ9yQdgvJjf1yNRTkTZjoR5FrtNYBjxEMv99u5f7SBDqSWm3igSbDjVtYG3cakO3wP7Q==;26.08.2025 08:22;Meriç Çarpar;V2023 (+);Meriç Çarpar;Meriç;;Çarpar;;mericcarpar@hotmail.com;;Active
dfd5c944-87f7-ef11-bae5-000d3ab2ceb1;+R8ELwsejRjpZ4WLZEjcrpNr6SjgQ0gCtUZCGijCIoP9F6NEWYVTF+fZzEIn7MqgRoleXfuFOjCRu6NoXyC1Ow==;26.08.2025 08:26;Nam?k Kemal Üniversitesi;Üniversite;Evren Köksal;Evren;;Köksal;;info@nku.edu.tr;;Active
e1d5c944-87f7-ef11-bae5-000d3ab2ceb1;urZpLJUb+5uZHAMJTTfxmmwNZYFJOvETZ9cKUD1tOwhLfRKo9uWaXWCBHXuinNE4S7i6UNUztdvYCCgI/3fQCA==;26.08.2025 08:26;Ninova Mühendislik Mimarl?k;Sözle?meli;MEHMET NOKSAN;MEHMET;;NOKSAN;;mehmet@ninovamuhendislik.com;;Active
e5d5c944-87f7-ef11-bae5-000d3ab2ceb1;wb1xD2YWMT9wWxox+adrWxReVcTi3sfcRGrAgEDoa6tDVuG0XyH3F08dY9HiApnwlMYzrBa6ns3UBFplFDQY7g==;26.08.2025 08:28;O?uz Ergeç;V2023 (+);O?uz Ergeç;O?uz;;Ergeç;;ergeco@gmail.com;0532 781 96 56;Active
e7d5c944-87f7-ef11-bae5-000d3ab2ceb1;oZl5x5yfzxA4Ep/U9fi16roVWN8T2CNJeOtcheNRM7elZwuLBNzTCE0cbGKfnW9mULb4npAUn4IoMkHq5EpO8Q==;26.08.2025 08:33;Özenart Mimarl?k In?aat;V2022 (-);?lhan Özen;?lhan;;Özen;;ozenmimar@hotmail.com;;Active
e9d5c944-87f7-ef11-bae5-000d3ab2ceb1;Xtb2DSFfexJjAN92yy82tk9Llb9+DFOnhVOxagJzRwyflj9XdwOZxL7IKu66O5Ahkw6Lscgb/WzxcAELAve7aA==;26.08.2025 08:42;Sole Mimarl?k;V2022 (-);Ömer Akba?;Ömer;;Akba?;;o_akbas@superonline.com;;Active
ebd5c944-87f7-ef11-bae5-000d3ab2ceb1;O9XKSKYYJxAQDBt058NtzVYS0AHDJCAiQohJ1iWrKjtBHd7L9nr3/Fl7ROpfLOWdJ+4zpGX2/9ptH1QzcR0I7w==;26.08.2025 08:44;Tanart Mimarl?k Müh. In?aat;V2022 (-);Melike Anamurluo?lu;Melike;Tanya;Anamurluo?lu;;meliketanya@gmail.com;;Active
efd5c944-87f7-ef11-bae5-000d3ab2ceb1;APzYLtktTbjS09GenbcICiJq/xqyzszoV6ISGAJJuVM5VgIyGuA1royLuGnlow0qHOlFq2DtrQjc60xXR9lJCA==;26.08.2025 08:45;Taner Ye?ildal;V2022 (-);Leman Ye?ildal;Leman;;Ye?ildal;;yesildalleman@gmail.com;;Active
f1d5c944-87f7-ef11-bae5-000d3ab2ceb1;IizirEjPq8t85UwQfcEEtJRb9oxqCbsOj/IDB4a0PYQOxI3uz4ktL/Z6ZpE7AdvuQGmDuJ5MDHK1a0lx9P+sSw==;26.08.2025 08:45;Tek Yap? In?aat;V2022 (-);Lütfi Yüzüncüo?lu;Lütfi;;Yüzüncüo?lu;;lutfiyuzuncuoglu@tekyapi.com;;Active
f3d5c944-87f7-ef11-bae5-000d3ab2ceb1;pPZGqFdk6ZEMTii5wzE+jGp5tFnkEVi4NOK9UZCcUhXu7eCOTtNQU8JVv3cAIDB+50/+Xmwj2X+DPuOYAIdQaA==;26.08.2025 08:56;Türkerler Gama;V2022 (-);Sevgi Pekta?;Sevgi;;Pekta?;;sevgi.pektas@gamaturkerler.com.tr;;Active
f5d5c944-87f7-ef11-bae5-000d3ab2ceb1;ZYh7wzp3fYDhKpHfI6wd3ZyXETkH6DHk1pBey0zL+ehg+7FfxiY/wDmW+YkChSez1N49PwnorWe7zmEoJfRnwQ==;26.08.2025 08:56;Türkerler Gama;V2022 (-);Gül?en Tükenmez;Gül?en;;Tükenmez;;gulsen.tukenmez@gamaturkerler.com.tr;;Active
f7d5c944-87f7-ef11-bae5-000d3ab2ceb1;2MM86ZbBgMcaBnFXIUIVWCWIbNix8vbUvQlKjeHmhnocbg2Ub3xy4jcUh9sCCgdm9wF33GBkljiOmjuWssHj0A==;26.08.2025 08:56;Türkerler Gama;V2022 (-);Onur ?nanç;Onur;;?nanç;;onur.inanc@gamaturkerler.com.tr;;Active
f9d5c944-87f7-ef11-bae5-000d3ab2ceb1;S+uc2zvm6RSMVINPtVTraF/qyofbN4nSw3MyjQ0MUwChaFFe3jcTlGTlMAiwU95OG2TaTV6Nxu30Rne32TRWZA==;26.08.2025 08:56;Türkerler Gama;V2022 (-);U?urcan Çakal;U?urcan;;Çakal;;ugurcancakal@hotmail.com;;Active
fbd5c944-87f7-ef11-bae5-000d3ab2ceb1;DzZAw6xV7nyISiuj9FUJv5B4g11K0MGUQ0O+ZEBjnCzkH1dfcMlFi2NHjooCQqis8C3snxhGlNmI0SgazmUKEA==;26.08.2025 08:56;Türkerler Gama;V2022 (-);Ay?e Soysal;Ay?e;;Soysal;;ayse.soysal@gamaturkerler.com.tr;;Active
ffd5c944-87f7-ef11-bae5-000d3ab2ceb1;iY3JS0Wf2IIpp0hbXopU0c9a1qbQvgYknADPx+3kziwo3qNjU0WOBg8oo4OGBY/3UxPWb09hdTFtyQdlZz/02Q==;26.08.2025 08:56;Türkerler Gama;V2022 (-);Ba?ar Cingöz;Ba?ar;;Cingöz;;Basar.Cingoz@gamaturkerler.com.tr;;Active
01d6c944-87f7-ef11-bae5-000d3ab2ceb1;P3fCHOs0IBam8rnpLGJCmGwvEChM+Pt8RJ+FiPGnqy1QCXAVIUspsJabGTBQvhn5wzPEgGHOId0H1OsidkWa4A==;26.08.2025 08:56;Türkerler Gama;V2022 (-);Berk K?l?nç;Berk;;K?l?nç;;berk.kilinc@gamaturkerler.com.tr;;Active
03d6c944-87f7-ef11-bae5-000d3ab2ceb1;1Q9GCFaME46/L3cpQR5rDdd9AyWUQdL9IqavYFljhbGPldCHa6qX8oesMmJcMXOqe23uFnsODvpBWbSgNscnzA==;26.08.2025 08:56;Türkerler Gama;V2022 (-);;;;;;bberkkilinc@gmail.com;;Active
05d6c944-87f7-ef11-bae5-000d3ab2ceb1;mWBi3IIHgsYodxlW1+88iyO+eywxVZO5QPsnozyVfsvtlOFzZ2M7nmiOTKpNFyOWvG6wFWNyLFpJxoCHmpmJGQ==;26.08.2025 08:56;Türkerler Gama;V2022 (-);Efe Kayacan;Efe;;Kayacan;;efe.kayacan@gamaturkerler.com.tr;;Active
07d6c944-87f7-ef11-bae5-000d3ab2ceb1;3GsPPEkD4eZ+R/XpBGtswWAZaZEbLjsffb1UxawtThuDTCibGgbUdwgA4waW6eZlRIMRJKBeVJOfTijZ1+jztw==;26.08.2025 08:56;Türkerler Gama;V2022 (-);Ercan Karsl?;Ercan;;Karsl?;;ercan.karsli@gamaturkerler.com.tr;;Active
09d6c944-87f7-ef11-bae5-000d3ab2ceb1;ZtZzzZ7ZpIaPkXOcj4Tq8QWLtJSIZgAsniP34QMVTyxBHQpMsTE7bdSL+wTDUChP7TLDi/8JQqD4PjvwZjlgkg==;26.08.2025 08:56;Türkerler Gama;V2022 (-);An?l Karaku?;An?l;;Karaku?;;anilkarakus35@gmail.com;;Active
0bd6c944-87f7-ef11-bae5-000d3ab2ceb1;beFlTX0d0caAqkiJTHk/y7BDIGZJ0UtCPtK7JYgem6NyuHetW9Kux2Vp+Lsrpo1zjRkvDVNAjwdXv17t72DqmA==;26.08.2025 08:56;Türkerler Gama;V2022 (-);Semih Ate?;Semih;;Ate?;;semih_bey@yahoo.com;;Active
0dd6c944-87f7-ef11-bae5-000d3ab2ceb1;KG9aeonXwYd3HDqLpd3lmkuNwEusQctm/mgvq1BGhEq0RRU7F8KzSPweMKgEiAQxw2Jlxux4Z3yzYDblsP8iyg==;26.08.2025 08:56;Türkerler Gama;V2022 (-);Gökben Gök;Gökben;Gök;Gök;;gokbengok@gmail.com;;Active
11d6c944-87f7-ef11-bae5-000d3ab2ceb1;ZilhVKqObTNg3VYvz6OVbVezDRuVef8Ko0BR2we5YMbZl7Da0VUn3Ua+CDAy5Ss5RrdZ0L0p/j8foABcxdpjUA==;22.08.2025 13:40;Altay ve Altay Müh. Mim.;Sözle?meli;Mustrafa Altay;Mustrafa;;Altay;;mimaraltay@gmail.com;;Active
13d6c944-87f7-ef11-bae5-000d3ab2ceb1;OJj3LC8TAUZtiPI+l+TWvde4Eo/aZPZdYI0Kq/tQb7woLBraUjoEG6YSYamEmVzjS2zdPqpgcNBNjzEfnfaSQw==;22.08.2025 14:22;Cenk Dereli;V2022 (-);Cenk Dereli;Cenk;;Dereli;;cenk@nobon.net;;Active
15d6c944-87f7-ef11-bae5-000d3ab2ceb1;X73tmwQKCaPjBo7toeKXe1bQn2m5ShggmRYYXXcss1K3mz0roiMcWWxCwboGt7hfyYxb2HzUAKJ+dRi2eegv6w==;22.08.2025 14:26;Edip Çelik;V2022 (-);Edip Çelik;Edip;;Çelik;;edipcelik457@gmail.com;;Active
23d6c944-87f7-ef11-bae5-000d3ab2ceb1;VZ99osnrxoKUIh7qTHHSgmi8fautIzcNn8fOTw36kf+FlzctxVcZmYphqGsCFVUY58hJFPrB2Zhm6AfObOyxTQ==;22.08.2025 14:30;Emay Uluslararas? Mühendisik;V2022 (-);Sinan Alemdar;Sinan;;Alemdar;;salemdar@emay.com;;Active
25d6c944-87f7-ef11-bae5-000d3ab2ceb1;T2n5duwA1Q6SDAgcLN5peYv0ZFRkW/9Of+D18n8Jv2j89xWtgx0yEvJgIkU7DGoIH3kaM+b8Lfr38P7skpF8qg==;22.08.2025 14:31;Emay Uluslararas? Mühendisik;V2022 (-);Faruk Özta?;Faruk;;Özta?;;foztas@emay.com;;Active
29d6c944-87f7-ef11-bae5-000d3ab2ceb1;RA+9ZXBxn8gTphXPJqxzDuoyWcMxWtjW5zYwfr8lGbyufEMzNnT3lLrOo6jyda4l1knU66Z21969aSFVQK7H5g==;22.08.2025 14:31;Emay Uluslararas? Mühendisik;V2022 (-);Umut Pi?kin;Umut;;Pi?kin;;umutpiskin@emay.com;;Active
2bd6c944-87f7-ef11-bae5-000d3ab2ceb1;CveKkOtmDtfx9KhRqt/unPMv5XAEOoF6O0hIreOwy790bYQVeMyzeXVeiVcZHwP4lneFYgz042gw3gFzRUBTdg==;22.08.2025 14:31;Emay Uluslararas? Mühendisik;V2022 (-);Kadir Uyumaz;Kadir;Berk;Uyumaz;;kadir.uyumaz@emay.com;;Active
2dd6c944-87f7-ef11-bae5-000d3ab2ceb1;LHPT+fP06zOho7jZbXzmmwkkrhvHcGuOinsSJ9T4PpWXM6Y2pzFUCf5a71+g/x5if2HcOGO3QXdjJcvb3jOMqA==;22.08.2025 14:31;Emay Uluslararas? Mühendisik;V2022 (-);Bahad?r DEM?RTA?;Bahad?r;DEM?RTA?;DEM?RTA?;;bahadir.demirtas@emay.com;;Active
2fd6c944-87f7-ef11-bae5-000d3ab2ceb1;Xw2vSAaBW6O/Sx19LrMdeOKSi3URpofCaTsss7hLLj7H7mQp81fmfSmubiBv7JCVXV0+HOvhLEERdImr4CAQgw==;22.08.2025 14:31;Emay Uluslararas? Mühendisik;V2022 (-);Murat Dönmez;Murat;Cem;Dönmez;;cdonmez@emay.com;;Active
31d6c944-87f7-ef11-bae5-000d3ab2ceb1;ryqUxQw/yfYWkcVfmUBgUSu9MgujBJOrdTT6MAZm+lgYTe7pUW5Y6SnYWjoGgVJOv2jMzYDOA4Iqt2bRMZafpg==;22.08.2025 14:31;Emay Uluslararas? Mühendisik;V2022 (-);Levent Öztürk;Levent;;Öztürk;;levent.ozturk@emay.com;;Active
33d6c944-87f7-ef11-bae5-000d3ab2ceb1;YxZ88/BtHlRLOXd94x2lV3l+qtfGxYT5xNZcuKE5cJqnNdM76bHCT8lMQN+WyEQfPPiTfs2Lt8ehqMBOYE4ffw==;26.08.2025 07:41;Emay Uluslararas? Mühendisik;V2022 (-);U?ur Çelik;U?ur;;Çelik;;ugur.celik@emay.com;;Active
35d6c944-87f7-ef11-bae5-000d3ab2ceb1;GYfr+feEpPHniXcPm2Qnhwz04GCy+Luf4G7+qkponRctW53GGZ8ZsvwdwDsT9U6IMJhVhk8eeaojXi4v20wF5Q==;26.08.2025 08:00;Helvac?o?lu Mimarl?k;Sözle?meli;Erkan Helvac?o?lu;Erkan;;Helvac?o?lu;?irket Sahibi;ehelvaci07@gmail.com;0533 653 35 63;Active
39d6c944-87f7-ef11-bae5-000d3ab2ceb1;yVDZ0zcghgK9cs0LkmRvqXZvfTV7F1Tcd2PKVWFoye4nIH3g8tfwSrvaJr+ukdgFR5Cfmr5aKIempkJU0qfbtg==;26.08.2025 08:03;Istinye Üniversitesi;Üniversite;SINAN ATASEVEN;SINAN;;ATASEVEN;;sataseven@istinye.edu.tr;;Active
3bd6c944-87f7-ef11-bae5-000d3ab2ceb1;ZMyOnrPmvN9BOUaWdG88P8XtOntvcvR62RuCloy3pA94sZ64aHkvBlXOzUuiFXDHgpV+Ad7emlF8hsaJmqOuag==;26.08.2025 08:03;Istinye Üniversitesi;Üniversite;Özgür Maden;Özgür;;Maden;;ozgur.maden@istinye.edu.tr;;Active
3fd6c944-87f7-ef11-bae5-000d3ab2ceb1;mSvumfCOwzQa3CzFcy/53Aei8y64Ztnregc4B3Glggcef2RnkMgDRsgMKc5gYEIkNjp1JGIXc7YLYZcSQSe43A==;26.08.2025 08:11;Koba Mühendislik;V2022 (-);Fatih Çelik;Fatih;;Çelik;;fcelik@koba.com.tr;;Active
41d6c944-87f7-ef11-bae5-000d3ab2ceb1;fHUmQjF2eVN/ZUsj0u3XbZ0e84e8PIoKuEWKM9kK7mm4CX2t2VIwna9g/EVxMGnmqqBS5akTm+d48oK/nLfrYQ==;26.08.2025 08:12;Koba Mühendislik;V2022 (-);Halit Patron;Halit;Bak?rc?;Patron;;hbakirci@koba.com.tr;;Active
43d6c944-87f7-ef11-bae5-000d3ab2ceb1;Co1njPG20BBlXulx6m16iXWPLS8Xlw63v3Bg+vb0viEida50DE6qMeOAXrFa5bOwA/imXNOa08RvAknVDXAsXQ==;26.08.2025 08:12;Koba Mühendislik;V2022 (-);Gürhan ?i?manlar;Gürhan;;?i?manlar;;gsismanlar@koba.com.tr;;Active
47d6c944-87f7-ef11-bae5-000d3ab2ceb1;HTjEm+fjXvvOuYwPwquAyT5JfkVcopGOGZ6u/DyOSvMG/qC39bxnXoeOqpx/PfmOA8IxCH6+hyT7KECp22GMHg==;26.08.2025 08:12;Koba Mühendislik;V2022 (-);Ya?ar Koç;Ya?ar;;Koç;;ykoc@koba.com.tr;;Active
49d6c944-87f7-ef11-bae5-000d3ab2ceb1;g8O9s0BfoxuKV/gFDlkOpWXoNapl4w4UvPtg8ekrLruC2b7fcTO2Un76/ebNflA7gKGGIjVUBzR57zJ1IgMcqw==;26.08.2025 08:12;Koç Mim. In?. San. Ve Tic. Ltd. ?ti.;V2022 (-);Kaz?m Koç;Kaz?m;;Koç;;kazim@kocmimarlik.com.tr;;Active
4bd6c944-87f7-ef11-bae5-000d3ab2ceb1;M6/HV70Xkv64DGJ1uRTvDr8tnOCKHvRh3DOeQveqlNGXT4OjCbQhZTLnVSXSjk6fU5NF9OS2fiZhxlfaeMd8VA==;26.08.2025 08:10;KÇS Kahramanmara? Çimento A.?.;V2022 (-);Ömer Kaçar;Ömer;;Kaçar;;okacar@kipascimento.com.tr;;Active
4dd6c944-87f7-ef11-bae5-000d3ab2ceb1;YYOTnIpFL0wUAVTwg9HuGkyu4mhKoIW7TUtM7YclH1QvGfz4/Ewak78PiYpxLRurfChYKcSTdWD94sLWfHYc5Q==;26.08.2025 08:10;KÇS Kahramanmara? Çimento A.?.;V2022 (-);Mustafa Batman;Mustafa;;Batman;;mbatman@kipascimento.com.tr;;Active
4fd6c944-87f7-ef11-bae5-000d3ab2ceb1;HwO+3SQYE7uLxe+H6ku3dCAPMr9mB4t7jpuxQf2q0X/MuE9jRERufZYog4gYtV4byz9DYROoT1hkq5YhjjpNAQ==;26.08.2025 08:10;KÇS Kahramanmara? Çimento A.?.;V2022 (-);R?dvan Sak?z;R?dvan;;Sak?z;;rsakiz@kipascimento.com.tr;;Active
51d6c944-87f7-ef11-bae5-000d3ab2ceb1;A3QD+9S4tEnzNAqHoF1KU0HdvP45E8wWRlnomTIdU+p170soi2vhuIIkufNa9PEoV4F5UMT+FsN1Lsf+p+ARcA==;26.08.2025 08:10;KÇS Kahramanmara? Çimento A.?.;V2022 (-);Mert Çelebi;Mert;;Çelebi;;mcelebi@kipascimento.com.tr;;Active
55d6c944-87f7-ef11-bae5-000d3ab2ceb1;N5UvOWirDFG88c8hN3pa696lowLIMREdeoUBLWUMBIvNSbyZJhamFrzSHXPOP4xZQMIp6KPh+FgfpaavgkOjOA==;26.08.2025 08:10;KÇS Kahramanmara? Çimento A.?.;V2022 (-);R?za Koca;R?za;;Koca;;rkoca@kipas.com.tr;;Active
59d6c944-87f7-ef11-bae5-000d3ab2ceb1;Sa+AInR4Cnj1us2sGVk6XcSRO8j/YugwSPmjJJs4JA1oxPvrzpZxFofNNjrlPp30Far1e/ePL9kDMMZV0DbJ+g==;26.08.2025 08:10;KÇS Kahramanmara? Çimento A.?.;V2022 (-);Murat ?AHAN;Murat;;?AHAN;;msahan@kipas.com.tr;;Active
5bd6c944-87f7-ef11-bae5-000d3ab2ceb1;JLeYPqK5PLNk8CGRdnuWfqKT7Sh/qpDCKjmpRcUje61m7Q8QH3cDob2iM6WyshUsKOUgxroibESOv8Clj7/p0A==;26.08.2025 08:10;KÇS Kahramanmara? Çimento A.?.;V2022 (-);Rabia BAYGÜR;Rabia;Merve;BAYGÜR;;rmbaygur@kipas.com.tr;;Active
5dd6c944-87f7-ef11-bae5-000d3ab2ceb1;xiXFH0sU74/S3kU2ThB+RKKT4JvXAq8oYbQiD8Oytl1IK+7wBOOPajZZUs4bQijZRMNDwggmLnK3QWhCN/ow6A==;26.08.2025 08:10;KÇS Kahramanmara? Çimento A.?.;V2022 (-);Ya?ar ?NCED??;Ya?ar;;?NCED??;;yincedis@kipascimento.com.tr;;Active
5fd6c944-87f7-ef11-bae5-000d3ab2ceb1;5ljJMj8dt4MC7FQ4EcL156WyLTyulWYIRGtIQVX5S0TUdWh5IXpY/NTG4/o0WZQh27X9/qNkMPrmRJjOPc7RJQ==;26.08.2025 08:10;KÇS Kahramanmara? Çimento A.?.;V2022 (-);?brahim BABAO?LU;?brahim;;BABAO?LU;;ibabaoglu@kipascimento.com.tr;;Active
61d6c944-87f7-ef11-bae5-000d3ab2ceb1;0Mty070oslHfIq5dGirUxDK9zx0SeErvURfAusaCbvWLvurd92A5+/4Mbk5ZoTsMQV+Om7yEBodG1lCpFXazwg==;26.08.2025 08:17;Leyla Akta? Mimarl?k Bürosu;V2022 (-);Leyla Akta?;Leyla;;Akta?;;leylaaktas@gmail.com;;Active
63d6c944-87f7-ef11-bae5-000d3ab2ceb1;IRe29J//go62JshyAyv69/z/o9gdfpHniVHp6Qi5OWHbGlh4fMCeK6MZMuK4VcsE8r0GVdwCojAR3YY/DmL/ww==;26.08.2025 08:23;Mesut Tanyel;Sözle?meli;Mesut Tanyel;Mesut;;Tanyel;?irket Sahibi;info@tanyel.com;;Active
67d6c944-87f7-ef11-bae5-000d3ab2ceb1;2dliYxOd5LBbp6IjgEOqA7PbCbxigIabzpd/7o5fw5TAAg0YgX79Q04spqAeLeQCYqjIHyfzhVUf/axUx0dLew==;26.08.2025 08:24;Mimarca Tasar?m Ve Uygulama;V2022 (-);Yusuf Özdamar;Yusuf;;Özdamar;;ozdamaryusuf@gmail.com;;Active
6bd6c944-87f7-ef11-bae5-000d3ab2ceb1;ghkMuc5vb5xU4ZI06qvXZ/OXw0bWY0brg3JCg5WdLfAI6S4q2tGSfxpcGsyi0QHGw+vZPtUn4h2lGNUBRkY8jw==;26.08.2025 08:27;Nodus Mühendislik;V2022 (-);Ercan Gözüayd?n;Ercan;;Gözüayd?n;;e.gozaydin@nodusltd.com.tr;;Active
6dd6c944-87f7-ef11-bae5-000d3ab2ceb1;9PObxkP5DWKxOOivQZkUVh1uN34DudKI8WGRXHC/ZtQcnI8/RAYWCH5TV1iJGd7Rj5IY32HsMsfD9NII3Oekzw==;26.08.2025 08:23;Middle East Technica University Department Of Civil Engineering;Üniversite;Asl? Güngör;Asl?;Asl?mete;Güngör;;akcamete@metu.edu.tr;;Active
6fd6c944-87f7-ef11-bae5-000d3ab2ceb1;SMe43PqhQDL3mDLqu7+b8Hi33o0+jrlDoFNaLnx5PEDS372Ie7IEGB8sevu/sPoB6Cergs8UCmmd0lgK6QXxLg==;26.08.2025 08:42;Stüdyo Evren Basbug Mimarl?k Ltd.;V2022 (-);Elif Geylani;Elif;Geylani;Geylani;;eg@steb.co;;Active
71d6c944-87f7-ef11-bae5-000d3ab2ceb1;YTWeaKUWI/XypWz+Wlct0QbZtI3Woyzq16t41VSzOcgORHMoUj2iTClxXh7dfm5Gc+rU7SE7KzDlSXyvUTlUkA==;26.08.2025 08:44;Synergy Yap?;V2022 (-);Alev Aksoy;Alev;;Aksoy;;ahmetaz@syncons.eu;;Active
73d6c944-87f7-ef11-bae5-000d3ab2ceb1;1Q12rWsP2Bt/MvGKp8bunPiRT7xF12hg3G2g+1BVJupriy/iMNySbqFc3fMFJGI8RD3kQgXOQQl8f3bhjKURvw==;26.08.2025 08:44;Tabanlioglu Architects;V2022 (-);Gonca Caliskan;Gonca;Arik;Caliskan;;info@tabanlioglu.com;;Active
75d6c944-87f7-ef11-bae5-000d3ab2ceb1;dHzZ2TPwpTZpj4VfpEaAWg7A9Yab546k0GMp++BbNIQCjr1a95f0YAo23QryZwRkNIbW3U1p/2kp20vlJ2YG2g==;26.08.2025 08:55;Türk Teknik Mc Mert In?aat;V2022 (-);Zafer Bilgin;Zafer;Can;Bilgin;;zafercan.bilgin@turkteknik.com.tr;;Active
7dd6c944-87f7-ef11-bae5-000d3ab2ceb1;6mn/ov22FQggd4WeVWkWR0W24L/6xOKixHF0jGFjmE682tfw8ae1YBG2g5lYqCigwFnWEq+zr80fMDCrZ2PG3A==;26.08.2025 08:59;Yp In?aat;V2022 (-);Nevzat Kayabas?;Nevzat;;Kayabas?;;nkayabasi@ypinsaat.com.tr;;Active
7fd6c944-87f7-ef11-bae5-000d3ab2ceb1;AeZFIlYfNEx+qXcvdl+f8vSJFkh6RgaRc8uNKJdG/37473gE8ecyrQLwR2BCvSiEyQ4BBvZbLJTlGj3ouLNOlw==;26.08.2025 09:02;Z Dizayn Mühendislik;V2023 (+);Caner Avc?;Caner;;Avc?;?irket Sahibi;caneravci@z-dizayn.com;0532 498 47 09;Active
81d6c944-87f7-ef11-bae5-000d3ab2ceb1;KCLxx9e7u078CLLROmKaGRNfsZBzYAk8npgBDSUr3CCgz/o9K1XUkNjr2fergDy+ktu2m7gz6uzgtP1z0Sy9rw==;22.08.2025 14:05;Balc? Mühendislik;V2022 (-);Muhammed Yumak;Muhammed;;Yumak;;m.yumak@balci.de;;Active
85d6c944-87f7-ef11-bae5-000d3ab2ceb1;KdBXMp+ESxd9f/er6CaCgRkeZ5QkEpJJBxhoE0mMfN/NVK3M1+mzqAUOo+RVqN5adToSz73ae8qLOTgNxEpr9g==;22.08.2025 14:05;Balc? Mühendislik;V2022 (-);Ali Kontu?;Ali;;Kontu?;;alikontus137@gmail.com;;Active
89d6c944-87f7-ef11-bae5-000d3ab2ceb1;FwJOpCS2oCKO0/q9aOWd2xRJI8PgZrmPsMJ4QtDw5ldFry6/hRDNPNoGmWGMCafKGMCcT1preg4zYjg+MIql3w==;26.08.2025 07:38;Balc? Mühendislik;V2022 (-);Ömer Aky?ld?z;Ömer;;Aky?ld?z;;O.akyildiz@balci.de;;Active
8bd6c944-87f7-ef11-bae5-000d3ab2ceb1;Xfz9fiLUpSJHBAvk/mHZxhWC1NHnQFUH5j+oly2TOyoLWTnn9nI3CXM2Qn3nNOU7hp4EUszr8tldeolWOcD02g==;22.08.2025 14:06;Balc? Mühendislik;V2022 (-);Tugay Meriç;Tugay;Can;Meriç;;t.meric@balci.de;;Active
91d6c944-87f7-ef11-bae5-000d3ab2ceb1;znk2+DOYzO/yQHHEo9uJoGJJcbo07kVaZfmjL/+2B4F15fFd4S4+W+svm/PnCqUjTamPP1dWqMNPg8OfXqutqg==;22.08.2025 14:06;Balc? Mühendislik;V2022 (-);Tunahan Çavu?o?lu;Tunahan;;Çavu?o?lu;;t.cavusoglu@balci.de;;Active
93d6c944-87f7-ef11-bae5-000d3ab2ceb1;mi59yWKZZBXX4YNex1s/qxHkhJc1kiSsJBRP0Jelbyj5FelWo6/7+RCvuQwjITcA3lopdJ4y2wvzoG3W61oJvQ==;22.08.2025 14:06;Balc? Mühendislik;V2022 (-);Fatih K?rm?z?da?;Fatih;;K?rm?z?da?;;f.kirmizidag@balci.de;;Active
95d6c944-87f7-ef11-bae5-000d3ab2ceb1;qLOIB6WRYGWUNM1hFGdnYoPw1BJZJt8Nx7YJ8GaZYnz/7zbEL6cflbk85eD46wa/60Y1YwkG68n0Yfwo5l12QQ==;22.08.2025 14:17;C Group Mimarl?k;V2022 (-);Cenk Ergüdün;Cenk;;Ergüdün;;cenk22erguden@gmail.com;;Active
97d6c944-87f7-ef11-bae5-000d3ab2ceb1;wtGTNGAH3f5T7yzn1uo2sV8I0EUJc7gB9G0CgIgyJtx5voOxXsdVwg0d0b0ixbeffrRPDtuZ4ZmVLwmycUxm8w==;26.08.2025 08:22;Mehmet Y?ld?r?m;V2022 (-);Mehmet Y?ld?r?m;Mehmet;;Y?ld?r?m;;mehmetyildirim27@gmail.com;;Active
99d6c944-87f7-ef11-bae5-000d3ab2ceb1;c3JGZAWnIBkFG1BiGomUHC5N8UUOndjzv1XkC0zZtiOZgbJQo/8KH04vlm/d3iPcXp4xi+/93UCI3P20BxgsyQ==;26.08.2025 07:57;Gökmen Mimarl?k;V2022 (-);Erdinç Gökmen;Erdinç;;Gökmen;;erdincgokmen@gmail.com;;Active
9bd6c944-87f7-ef11-bae5-000d3ab2ceb1;5ehj05Y0Kor2NKrfr0RFFxOZoO5AJnY63ndgoPofWjEz9AL3EmkO0P5CI/Cz8flPTAqYzODDcBgj6V12Z6qkQw==;26.08.2025 07:57;Gökmen Mimarl?k;V2022 (-);Deniz;Deniz;;;;deniz@gokmenmimarlik.com;;Active
9fd6c944-87f7-ef11-bae5-000d3ab2ceb1;gOpzO1PbV74WF25WRZeA/N7sfJ/KowRDBQh8SrkNFmNQ2+Httu1kWxiG//61R/QD0TTZFr58iiY/j73cJmE/Fw==;26.08.2025 07:57;Gökmen Mimarl?k;V2022 (-);Gülistan Türker;Gülistan;;Türker;;gulistan@gokmenmimarlik.com;;Active
a1d6c944-87f7-ef11-bae5-000d3ab2ceb1;tm9q31wALIxNRWyA5/+XR0sXewQC4RUtMHGozUHbSWjiI/KUsZQC6sMpTvt5Ns+uSv1QZ5vZKCwJVVvON0hpeQ==;25.08.2025 09:14;DND Mimarl?k;V2023 (+);Necati Demirta?;Necati;;Demirta?;?irket Sahibi;necati@dndmimarlik.com;0532 221 99 77;Active
a3d6c944-87f7-ef11-bae5-000d3ab2ceb1;+E/kXH7kGOzzCNyzNiLUkKyTBhj4raDb1fKlWYAH5ZXpr3O0vYEkrPqJh8JbztrYsPTVtW32yLB/kaK2nKDmcg==;25.08.2025 09:14;DND Mimarl?k;V2023 (+);Salim Erdem;Salim;;Erdem;Mimar;proje@dndmimarlik.com;0541 553 91 73;Active
a5d6c944-87f7-ef11-bae5-000d3ab2ceb1;ywRFT9jxCnEf9Y3yjS5vw3e1hVdxEMI5WmQcn6P/Hy0K15kk3m94/IBj6UXYkW6uNvUzqCXKJUQ7ZTOHf2NGDg==;25.08.2025 09:14;DND Mimarl?k;V2023 (+);Derya Koçak Demirta?;Derya Koçak;;Demirta?;?irket Sahibi;derya@dndmimarlik.com;;Active
a7d6c944-87f7-ef11-bae5-000d3ab2ceb1;MHahvsYdrr/viRaTSRaOWv1z+9QTD7Cq262j/qKZ3RRHYhvV62zFeHKenUUvmVj5sP8wNe8AJz6zt+4EVAPfag==;26.08.2025 08:27;Oda Tasar?m;Sözle?meli;Kevork Özkaragöz;Kevork;;Özkaragöz;?irket Sahibi;odatasarimmimarlik@gmail.com;0533 519 66 77;Active
abd6c944-87f7-ef11-bae5-000d3ab2ceb1;Ln9OHs5SeJC1MESGKpSvFFfKYrDxO339WXT5utHezjRXblXrScjEKPS8RbO4ZtxZIZuPpYoCYxFhmlCwzH4QDw==;26.08.2025 08:58;Werner Sobek Istanbul;V2023 (+);Mustafa Alkan;Mustafa;;Alkan;;mustafa.alkan@wernersobek.com;;Active
add6c944-87f7-ef11-bae5-000d3ab2ceb1;dd5t2XgvzO3lQ6CHdjp6jMVh9Bw+YVIGyt7HFWSX10yoTaRRpEu08EuRkwwple/ZTtYnsNDQMNjzZpCzl758CQ==;26.08.2025 08:58;Werner Sobek Istanbul;V2023 (+);Mustafa Arslan;Mustafa;;Arslan;;mustafa.arslan@wernersobek.com;;Active
afd6c944-87f7-ef11-bae5-000d3ab2ceb1;OLh1fSRVY++gX6mcq0SzrbkDncjAb/jEKFBN/GN687bVexEB3H6PdMglzEvZ0oSNTt+DQC4y3OVjLIXgwx2BWQ==;26.08.2025 08:58;Werner Sobek Istanbul;V2023 (+);Demircan, Rojda;Demircan,;;Rojda;;rojda.demircan@wernersobek.com;;Active
b1d6c944-87f7-ef11-bae5-000d3ab2ceb1;ezSOhGy2IFZk6gXAmVKxfFADuIJQEYDrO3zdpGHfhkSrv8ufRv9fAZjL5xp/FMtM7HiZW27iH82RFmpSe+9zeQ==;26.08.2025 08:07;Karem Mimarl?k;V2022 (-);Sevgin ?en;Sevgin;;?en;;karem.mimarlik@gmail.com;0533 380 55 11;Active
b7d6c944-87f7-ef11-bae5-000d3ab2ceb1;ea6LDHHpmybHu+guLFHH6wqKxKY8xWqj+t1RQl4sbtSGVTapzZ+KvgSTGNFkO07Rm8biIC6cUQQz7T4GhfLbmg==;26.08.2025 08:58;Werner Sobek Istanbul;V2023 (+);Yesirci, Neslihan;Yesirci,;;Neslihan;;Neslihan.Yesirci@wernersobek.com;;Active
b9d6c944-87f7-ef11-bae5-000d3ab2ceb1;apAHfN/mMLmoJxFy1qBTvKGsgpjW9Zva+ZALwsgZI4GNvPr8TstEfTG0t/XEb7tzDLD/S9+dpLI5wwN/elbzvg==;26.08.2025 08:58;Werner Sobek Istanbul;V2023 (+);Onur Dost;Onur;;Dost;;onur.dost@wernersobek.com;;Active
bbd6c944-87f7-ef11-bae5-000d3ab2ceb1;KNtY7f6sim4eNXeEmrcuyx6U/HXNxr4+/CoQ+cW5syQXZmnzf6+YdHnlzwSOfcIFnskajqPLr0eTllnB8guE/g==;26.08.2025 08:58;Werner Sobek Istanbul;V2023 (+);Yesirci Neslihan;Yesirci;;Neslihan;;nurguel.guener@wernersobek.com;;Active
bdd6c944-87f7-ef11-bae5-000d3ab2ceb1;tG26Yv7P3T0mLA0xt6BJSARhOFYdWQmegXnrguaFB04iJC2qeCQzpM3xkdLRHDVrVbAq+ba1gYOzUtWC3HK3fA==;26.08.2025 08:00;Hakan Sencan;V2022 (-);Hakan Sencan;Hakan;;Sencan;;sencanakan@gmail.com;;Active
c1d6c944-87f7-ef11-bae5-000d3ab2ceb1;ukJ4KQFRLBZ4VGEc/dgh1yHx46OprlNyUXHB9wvGi/13bokwdLFUVUCVkyNxFpUViHw64Xc2nqNhWb/3DxWF5Q==;26.08.2025 08:59;Yorum Yap? ;V2022 (-);Ali Enginsal;Ali;Refi;Enginsal;;info@yorumyapi.com;;Active
c3d6c944-87f7-ef11-bae5-000d3ab2ceb1;Owx/3CrjSf7Zpbbj+lIvG2xBfIxG8AW1D7//Qba9oXWOBhakx+5tviqwuAoOWKX81R+iani/SnaHJZqoZfhBUA==;22.08.2025 13:04;ACR Taahhüt ?n?aat San. ve Tic. Ltd.;V2022 (-);Ramazan Demirta?;Ramazan;;Demirta?;;info@ra-dem.de;;Active
c5d6c944-87f7-ef11-bae5-000d3ab2ceb1;OlK5NgUFfNwxUdgBdVOKselUD1ycMv+i8JEZH0Dx+BZas7puPRQi4QpBvkHhFcXs2CBYXLrNRhkk2Vzz6ZrM7w==;26.08.2025 08:39;?ener Ayd?n;V2022 (-);?ener Ayd?n;?ener;;Ayd?n;;sener.aydin@gmx.de;;Active
c7d6c944-87f7-ef11-bae5-000d3ab2ceb1;O4eX2d4wqiqRStMPUSoeJRorksQwKv3MkSf35YjBgpVgdcSOQB1OBbfPkM1DDDPfSIub3GYmRuajSL1pP11huQ==;22.08.2025 14:17;Byk Dan??manl?k;V2022 (-);Ufuk Tennio?lu;Ufuk;;Tennio?lu;;ufuktennioglu@gmail.com;;Active
c9d6c944-87f7-ef11-bae5-000d3ab2ceb1;bz8hP+1TUog1UICn/E3WQ7FCnLghFOc8R0xh4Na98cRr+YI2gh8kVrGh+vXwCHqZaGoCSZvSH8WYGf5HNH9eZg==;22.08.2025 14:31;Emine Ceylan;V2022 (-);Emine Ceylan;Emine;;Ceylan;;ceylan_emine@hotmail.com;;Active
cdd6c944-87f7-ef11-bae5-000d3ab2ceb1;HPss5KTJ/k5qmXaPum7cKj1cAHetHq2hxpTDPzd1BioQfxQFWyXiks1dlJDX3oGw27Hm6jzVogamjdRJWdk3LQ==;22.08.2025 14:31;Emel ?ahin;V2022 (-);Emel ?ahin;Emel;;?ahin;;emelkilic28@hotmail.com;;Active
d1d6c944-87f7-ef11-bae5-000d3ab2ceb1;UXB7GhSrfjwt/m+3nDFcJql2kVi9XmEhmWpMZ3wHw18SkdWM+unwgv8PArD8U4gZKY9871GAu0Ji52A+j7AthA==;26.08.2025 08:57;U?urel In?aat;V2023 (+);Neylan Petek;Neylan;;Petek;;neyranpetek22@hotmail.com;0532 584 46 47;Active
d5d6c944-87f7-ef11-bae5-000d3ab2ceb1;+YcLC6OHQ/QUH2LMzVihXf7ShrFWUu+WBJLdD7p3TN9TYYwJ4maslwY5Ejenr5iYFkJRwFjyGXNWKZIEWMFi3Q==;26.08.2025 08:23;Mertun Mimarl?k ;Sözle?meli;Ayhan Mert;Ayhan;;Mert;?irket Sahibi;mertun@hotmail.com;0532 255 44 59;Active
d9d6c944-87f7-ef11-bae5-000d3ab2ceb1;BgwO08hXQPCKhCo8txcMigBMntHOT3WV0XoZK79hJFuBK/gmrj/Zh0eYcpRYNQyvrOqaMVHZtEYRm/8HfuwkoA==;26.08.2025 08:26;Mutlu Durmaz Mimarl?k;V2022 (-);Mutlu Durmaz;Mutlu;;Durmaz;;mutludurmaz@hotmail.com;;Active
dbd6c944-87f7-ef11-bae5-000d3ab2ceb1;8jvwiA5lVzyOuyTIR055adBy8GyRRAMDkr8kJioqRtD2gRyWwJWzaNI04xPJ09hMSDy5pWU4jB2o+bgvpQ6jSg==;26.08.2025 07:59;Haba? A.?.;V2022 (-);Oktay K?nac?;Oktay;;K?nac?;;Oktay.Kinaci@habas.com.tr;;Active
ddd6c944-87f7-ef11-bae5-000d3ab2ceb1;57FZ9QzkZIEsF8GWMUQULuHsaaQV0G6LEbryxPqo68wFLSxjN1klLUuULSWqMq6iQTA2tCAWWuUPXt8umMkIbA==;26.08.2025 07:59;Haba? A.?.;V2022 (-);AABim;AABim;;;;aabim@habas.com.tr;;Active
dfd6c944-87f7-ef11-bae5-000d3ab2ceb1;llFNiYpzOYab5BfISRDfO2vrmktG/3DZnaOc15Ii2KBAaTnLJ0i1r1WNs+zRFOdKRJUo0agJMDl5aBaW9b7FlQ==;26.08.2025 07:59;Haba? A.?.;V2022 (-);Ali Akta?;Ali;;Akta?;;ali.aktas@habas.com.tr;;Active
e1d6c944-87f7-ef11-bae5-000d3ab2ceb1;aszwImrwwHvFhw2GUEc8yDKghC8tGzo2dPT96ILSOloCCNKm7JRQWmfd1i9h7OttjU/neYpDAEjmZqUcNyGkHA==;26.08.2025 07:59;Haba? A.?.;V2022 (-);Aytekin Ayber;Aytekin;;Ayber;;Aytekin.Ayber@habas.com.tr;;Active
e3d6c944-87f7-ef11-bae5-000d3ab2ceb1;96paVjUjqcGDn+d+bHVMSuJ/sJQNVstK6BDE2mW1ShXG/W/M2uJevgMi1rzusv7Jl74C9l//oPMpk4azhBRT2g==;26.08.2025 07:59;Haba? A.?.;V2022 (-);Bünyamin ?eker;Bünyamin;;?eker;;Bunyamin.Seker@habas.com.tr;;Active
e5d6c944-87f7-ef11-bae5-000d3ab2ceb1;6EHNOtnAw9764YeiBT4kULyLYdiP0BEpVQfGWnfwGMfTbJKcIFQa5Ew90bqpfeWr65+JHo2O6wFEtnBl0XVqYg==;26.08.2025 07:59;Haba? A.?.;V2022 (-);Erhan Akça;Erhan;;Akça;;Erhan.Akca@habas.com.tr;;Active
e7d6c944-87f7-ef11-bae5-000d3ab2ceb1;9eYVMjiMCXR8ZJM6kTwIr/MtfQbvxfWzeMfbxYjVEqTFhgyFiQpxbvDVSZPWQSUsXeVXJJZbTH+uz0oBDs7olA==;26.08.2025 07:59;Haba? A.?.;V2022 (-);Esra Akçay;Esra;;Akçay;;Esra.Akcay@habas.com.tr;;Active
e9d6c944-87f7-ef11-bae5-000d3ab2ceb1;tdvt3PXXKGSNr07JMziIq+N3AWSf2PnjQYWLTT5ITDyGZGBQsvyXuM07qi0YQrfmTBFvGYiLslWiRddGNCyweQ==;26.08.2025 07:59;Haba? A.?.;V2022 (-);Fikri Çelik;Fikri;;Çelik;;Fikri.Celik@habas.com.tr;;Active
ebd6c944-87f7-ef11-bae5-000d3ab2ceb1;HIDG3j7vXDAOsWT6nlyKG01jDEp1w5MHvfjph/aLjAipU4O/z9WFzk9deI+sBCQifVdJTi6KEPJvoAwsO2XDdw==;26.08.2025 07:59;Haba? A.?.;V2022 (-);Mehmet Ölçer;Mehmet;;Ölçer;;mehmet.olcer@habas.com.tr;;Active
efd6c944-87f7-ef11-bae5-000d3ab2ceb1;E8OZYVcqG17ebstBI8emLjABp8O9kljlrMDfQhdy2/zz0/XJCIVgtKmBktR277H9CgAeW1UiouI8Q6HajhYaDw==;26.08.2025 08:00;Haba? A.?.;V2022 (-);Ramazan F?nd?k;Ramazan;;F?nd?k;;Ramazan.Findik@habas.com.tr;;Active
f1d6c944-87f7-ef11-bae5-000d3ab2ceb1;2QYG87UH/271FdrZyoKX0svbQEwNAxv+QpBFsjPg1UNj14KkLWz6bfPO7VXnuGdYIWQEmt19Fnuq+rdHBpQGHg==;26.08.2025 08:25;Modern Mühendislik;Sözle?meli;Aliseydi Aydogan;Aliseydi;;Aydogan;;aliseydi@modernmuhendilik.com;0532 405 18 99;Active
f5d6c944-87f7-ef11-bae5-000d3ab2ceb1;mGEvudAe1F5q3bECg/cwGZnrBcsQaz5WD9jVbNTpVHA0hPitMFCGIsFAvYJm0tZZ6vGSWNaFAPkHhRBFBzMfbg==;26.08.2025 08:25;Modern Mühendislik;Sözle?meli;Eda Kaya;Eda;;Kaya;;ekaya@modernmuhendislik.com;0555 627 53 25;Active
f7d6c944-87f7-ef11-bae5-000d3ab2ceb1;om6LergI8NSUzyL5Z+9iIYsmFaKpeMUdHHlZv+VMUipPvqWB11rTYjovr8zU9FtdJHX2y0ESZseb9/nqstaAsQ==;26.08.2025 08:25;Modern Mühendislik;Sözle?meli;Mustafa Kocaa?a;Mustafa;;Kocaa?a;;mkocaaga@modernmuhendislik.com;0543 625 59 93;Active
f9d6c944-87f7-ef11-bae5-000d3ab2ceb1;1Iu4xMQLpQ/tH8czhEZBuFkn5MaWLBszu3frpsUkUV0x9nAwt6YiDreAm2F5XMfO4JFmgrvcdWMmSu0g9Y0jlg==;26.08.2025 08:25;Modern Mühendislik;Sözle?meli;Betül Avc?;Betül;;Avc?;;bavci@modernmuhendislik.com;;Active
fbd6c944-87f7-ef11-bae5-000d3ab2ceb1;iCdSBb5HfEHyD/PwkVQOVusmikGmV0cBVMSKfEZG5/gFDqG+1OLkYK+C5p0p9SMlh8aNYP+qz5bVz6zyxXsBBA==;26.08.2025 08:25;Modern Mühendislik;Sözle?meli;Mehtap Bayrakç?;Mehtap;Çal??kan;Bayrakç?;;mcaliskan@modernmuhendislik.com;0534 256 76 67;Active
fdd6c944-87f7-ef11-bae5-000d3ab2ceb1;y/xCKiIJ6/RcEzdcwl8+1r/fsgSMoThDi1UwlAsVxeZb1xzhWfvl2pQPaz2dMWm8moP72E8yxZPavTOzshcYIQ==;16.12.2025 14:27;Modern Mühendislik;Sözle?meli;Gül Baydemir;Gül;;Baydemir;Muhasebe Departman?;;;Active
17d7c944-87f7-ef11-bae5-000d3ab2ceb1;nRMt5Hy96u3qxVFYeItfI8Vv4uEtfDncGnRUWS0bdzyJwfRHWGzyZDXSLAuQI8LgHSDctccj+8A9igvoprqifw==;26.08.2025 08:40;Serova Mühendislik;Sözle?meli;Zafer Serova;Zafer;;Serova;;zafers@serova.com.tr;;Active
1bd7c944-87f7-ef11-bae5-000d3ab2ceb1;siFnFup1ImMgchSEGAFDb5vQBUigqmp4Sngk7MGyamrvw/6BepN+htzSnuryIhi5p41oJOfy/wZLJFnedF5v5A==;26.08.2025 08:42;Su Yap? Mühendislik;V2022 (-);Gökmen Becerik;Gökmen;Tuna;Becerik;;gokmen.becerik@suyapi.com.tr;;Active
1dd7c944-87f7-ef11-bae5-000d3ab2ceb1;j4sGzYIcHBaMdE3RHDpAl655yGyNYdHq8AU79Bw5Ty5fFRar42x57cFoLZLRcbRLK1P6xWoC5dzDD2Haw0GQ+A==;26.08.2025 08:42;Su Yap? Mühendislik;V2022 (-);Emre Dinçer;Emre;;Dinçer;;emre.alin@suyapi.com.tr;;Active
1fd7c944-87f7-ef11-bae5-000d3ab2ceb1;OnVy/49CSot45gQsPR6+PV+DPPxLvAvKABOh4JpFhqL0vNidOHc2EVv+Qw1o/F6Np1Pp644tbbqjGS/a3UXD3g==;26.08.2025 08:42;Su Yap? Mühendislik;V2022 (-);Arif Da?da?an;Arif;;Da?da?an;;arif@suyapi.com.tr;;Active
21d7c944-87f7-ef11-bae5-000d3ab2ceb1;nA1gdk2UZ4wH+iF5n8YjqmSMhwgqfnvCf2Z+ifp34jzfx3HQ/wpWseVYoFhH2SFQlRqdY+bap84MH/0UKKiDig==;26.08.2025 08:42;Süleymanpa?a Belediyesi;V2022 (-);Muhsin Barut;Muhsin;;Barut;;etudproje@suleymanpasa.bel.tr;;Active
23d7c944-87f7-ef11-bae5-000d3ab2ceb1;WMOhoAcOSIV3YXDww9GvS4gp6uIOz1lTyHB3zm0gQShiGBuNnT31/DQs0EeDPWzy9O6PdXshuqWOSbf3AUK5YA==;26.08.2025 08:42;Süleymanpa?a Belediyesi;V2022 (-);Ahmet Akcan;Ahmet;;Akcan;;emrah.aydogdu@suleymanpasa.bel.tr;;Active
27d7c944-87f7-ef11-bae5-000d3ab2ceb1;5fANdPbs/DiPhnaC8crLRjNvuhMPuJr2oJWeBfj9g+3e9q749U+zO/+ULyC5it0MUzQdeqL99rehhgEcOAgH3w==;26.08.2025 08:38;?anl?lar Mimarl?k;Sözle?meli;Semih ?anllar;Semih;;?anllar;?irket Sahibi;sanlilarmimarlik@gmail.com;0506 859 32 64;Active
2fd7c944-87f7-ef11-bae5-000d3ab2ceb1;LlfK8TTCvEmpeuRsvYCcl9QqeVp7k89L8mjGkQUapgGNgmb/W8xtrZZx/6Uej4QuH1ZhmfbAkBVsdRr8AL5Z/Q==;26.08.2025 07:45;Form Yap? Okay In?aat;V2022 (-);Oktay Okay;Oktay;;Okay;;info@formyapi.com.tr;;Active
49d7c944-87f7-ef11-bae5-000d3ab2ceb1;f/RFgmwVmsRwwwDAr92Pvg2FlVh2J3NZfayYcg+Dk3QIu+Vaz0xv8uPSK4O7CsTQDZ1XVBeGo5vGYEQzDm24tA==;26.08.2025 08:59;Yüksel Proje A.?.;Sözle?meli;Hakan Ak?n;Hakan;;Ak?n;;;;Active
4bd7c944-87f7-ef11-bae5-000d3ab2ceb1;ZEii44hYkicPXSSH2pSFVptRZXpBkcRgqkyvYI2VjnvIRnFNz1i9hO39kvUFZZA0hx8W8PtU0oMknTsA0wogyg==;26.08.2025 08:59;Yüksel Proje A.?.;Sözle?meli;Halit Calp;Halit;;Calp;;;;Active
4dd7c944-87f7-ef11-bae5-000d3ab2ceb1;bYvMZbmGm9EO4qtMCZK4hcgTR1XCceS+nsuZFM+xPt10OoOy6MCGymN34Yop/LQPgienXEYexyErNTcmrkCOcw==;26.08.2025 08:59;Yüksel Proje A.?.;Sözle?meli;Alper Öztürk;Alper;;Öztürk;;;;Active
4fd7c944-87f7-ef11-bae5-000d3ab2ceb1;qlrYemfJBOjy3s8LEE97dFYPFm5Eken4YUiI806KvsOOKwAYGtOeYIU5KTWuRnB9Tb1gHuZ5HoiUy/BsvZuluQ==;26.08.2025 08:59;Yüksel Proje A.?.;Sözle?meli;Bilal Faruk ?ahin;Bilal Faruk;;?ahin;;;;Active
51d7c944-87f7-ef11-bae5-000d3ab2ceb1;tE3+JiQ9R0wgOpfv20xpQvxRlgEiQ3yKGcn+FqHohRsLnocyoIi3b74voq7KJNgzCZ0opu3U3thk+HqhQCeZlw==;26.08.2025 08:59;Yüksel Proje A.?.;Sözle?meli;?smail Çetin;?smail;;Çetin;;;;Active
53d7c944-87f7-ef11-bae5-000d3ab2ceb1;5GAwyw+v4ceNkaFQSn1rrXMMNu0QeT5u6+qbcJ9XOKmT/1AudklUL2CJRW7CGzgXIcyOrUYWMqbMcGW/jRXdUw==;26.08.2025 08:59;Yüksel Proje A.?.;Sözle?meli;Mehmet Gen?a?a;Mehmet;;Gen?a?a;;;;Active
55d7c944-87f7-ef11-bae5-000d3ab2ceb1;h+gu+LDefV+sammbTdyWetVFmM4TUl5LAIXndaFZoDdgJFwjQNkuSHDHkrg0GMxXaBDGLc/B/Ts8RjSI0CGCMA==;26.08.2025 08:59;Yüksel Proje A.?.;Sözle?meli;Erdem Tiryaki;Erdem;;Tiryaki;;;;Active
57d7c944-87f7-ef11-bae5-000d3ab2ceb1;qexRjPJQWFAnUuM/7Vhs8tAz3TNYQDbUxwAgIRgtNikNRjV2ijK+4m5Jbq4OhV7SvZhpaNz6DVXcrqN/e2d9wA==;26.08.2025 08:59;Yüksel Proje A.?.;Sözle?meli;Özgür Öztürk;Özgür;;Öztürk;;;;Active
59d7c944-87f7-ef11-bae5-000d3ab2ceb1;zwlvx5/wt5Vg6rDqveBKt1yrsgHWnHsEt3RZhsNl6QWq4jR4EykMgDheF975o4DFkCwdrxLdwrT4c3DXVysrrg==;26.08.2025 08:59;Yüksel Proje A.?.;Sözle?meli;Ra?it Çak?r;Ra?it;;Çak?r;;;;Active
5bd7c944-87f7-ef11-bae5-000d3ab2ceb1;i1NzJx5wcvGIFVhaLtuEV+Q9whCaDCDKoE/5HqSXogrHLNYVl9g1iqHjPwtdErneQYSxp3VXfCuRQqZUTS3uYQ==;26.08.2025 08:59;Yüksel Proje A.?.;Sözle?meli;Fikret Tulumta?;Fikret;;Tulumta?;;;;Active
5fd7c944-87f7-ef11-bae5-000d3ab2ceb1;qK2WSNm8ziAeJmOqi7g+xmYGqfneGDUZlCXy38m1oyOKL498zsWiLXw+JEC1fFvpJC513e5IWb2AeyIG6QXlLw==;26.08.2025 08:59;Yüksel Proje A.?.;Sözle?meli;Ya?am Bingöl;Ya?am;Ak?n;Bingöl;;;;Active
61d7c944-87f7-ef11-bae5-000d3ab2ceb1;NrH7/DexaG+/7LDnAtGch3q2XHDjMOjAywE5+UkIJrde5SpLN74NcFIgZgTn1kjlR92s707hHjV7LnBOMWC6/A==;26.08.2025 08:59;Yüksel Proje A.?.;Sözle?meli;Mete Bayk?r;Mete;;Bayk?r;;;;Active
63d7c944-87f7-ef11-bae5-000d3ab2ceb1;EzOpQz6Zr9K0KwbFQAFB6DTbZkA+dmDRtGDcFCFZVOMay8K3dv4/qmiYQRy8428OmfloWN2nUPdcCs5ccZuc2g==;26.08.2025 08:59;Yüksel Proje A.?.;Sözle?meli;Ege Salt?k;Ege;Cem;Salt?k;;;;Active
65d7c944-87f7-ef11-bae5-000d3ab2ceb1;/gRfOwg3cMEu1SDBW2COUTW8ZmRuFRvKP/W3W3h0U6vql0pGHSsOakh2IHk91OcgY5O5bXriEC5kIQSrXsDz7A==;26.08.2025 08:59;Yüksel Proje A.?.;Sözle?meli;Halit Gültekin;Halit;;Gültekin;;;;Active
67d7c944-87f7-ef11-bae5-000d3ab2ceb1;v/VveM6W81ZZD5waETzWUL4Y0/GPpPkcJ1AJWKXbVcC+mWHbRASS9UqjywMyERoiEcX7T9PJhWYXBVdJ2H5EpQ==;26.08.2025 08:59;Yüksel Proje A.?.;Sözle?meli;Bilal ?ahin;Bilal;Faruk;?ahin;;;;Active
6bd7c944-87f7-ef11-bae5-000d3ab2ceb1;/GtdO8eXnCUpw+9P62E9LPaeC3qwUX90yldvcGI3Vv9b87uvujYfAIkZDV2wpD37sEafCqAMhNbZ6t4Pzt4Asg==;26.08.2025 08:59;Yüksel Proje A.?.;Sözle?meli;Zeki Harputo?lu;Zeki;;Harputo?lu;;zharputluoglu@yukselproje.com.tr;;Active
6dd7c944-87f7-ef11-bae5-000d3ab2ceb1;pETAcrfTw1yt0SHI3E8Nje4hUhYtu4T2Qm4GSyQVHTjEYAj6rt1oTNjSzoB97inOZaB0kMdlBm/ouu9pvJYe5g==;26.08.2025 09:00;Yüksel Proje A.?.;Sözle?meli;Burak Kurtman;Burak;;Kurtman;;;;Active
6fd7c944-87f7-ef11-bae5-000d3ab2ceb1;4erQzgpRJjnAEvW89bOC2885ZFD8A+CzBq4YFVxDM8uHtHqDFdECg+bA+cuHvmWl9e7YvTgkfLphUiSjo/yJUA==;26.08.2025 09:00;Yüksel Proje A.?.;Sözle?meli;Emre ?entürk;Emre;;?entürk;;;;Active
71d7c944-87f7-ef11-bae5-000d3ab2ceb1;PmtEWRup3+9MQ23FV+ZnrX3RRx2hz50D+AE8Fh+/B5gdBxeYwuhCqAWNzFDD7YeLmLmt0L5xzhT5uYmwkjjp2w==;26.08.2025 09:00;Yüksel Proje A.?.;Sözle?meli;Murat Erdo?du;Murat;;Erdo?du;;;;Active
73d7c944-87f7-ef11-bae5-000d3ab2ceb1;4JVRyU+Oj1zOBjbQMzIgVRcdgADVGzlMbr5O19ra0jm7KBZ7/lBeavNCX3Rustui12TcVuleKz/f0GKrWbVZ9w==;26.08.2025 09:00;Yüksel Proje A.?.;Sözle?meli;Ekin OZMEN;Ekin;;OZMEN;;;;Active
75d7c944-87f7-ef11-bae5-000d3ab2ceb1;RTTc03khDhgGAeUhZq1LKcaeNhwpqMRiyOftU0QPxXy4Y8aj9nwrNFDzSeBOQuiu+5/XgON6/jEPU+nZApHrtg==;26.08.2025 09:00;Yüksel Proje A.?.;Sözle?meli;Mahyar AZIZI;Mahyar;;AZIZI;;;;Active
77d7c944-87f7-ef11-bae5-000d3ab2ceb1;H4/xHUG64Y9B1E2Lsm015ZeKEsxf+lPm7F81ZT/TvcVcMpLiuLo7jLz78oqvwbHZgEjrM48sb7z/Jbd2j1Fthw==;26.08.2025 09:00;Yüksel Proje A.?.;Sözle?meli;Mohamed BENKORTBI;Mohamed;;BENKORTBI;;;;Active
79d7c944-87f7-ef11-bae5-000d3ab2ceb1;RiAojmvoQYX4zTlXdOmpbh4NNhW4hKgVNQxK44xe6V4aINWrB9f27/Y3dx+VbXmTeNAxtSqN4Yqa5le9HIHX8w==;26.08.2025 09:00;Yüksel Proje A.?.;Sözle?meli;Volkan BALLIKTA?;Volkan;;BALLIKTA?;;;;Active
7dd7c944-87f7-ef11-bae5-000d3ab2ceb1;JiJbMtai0oOMJ7D3dKk2vnKtjHdMKsVfDxojdEnjEF8cJ7xuGGmUw60x13TtxPdm3hSLUsIN4tzVwIIZWa4e5w==;26.08.2025 09:00;Yüksel Proje A.?.;Sözle?meli;Tolga CANTURK;Tolga;;CANTURK;;;;Active
7fd7c944-87f7-ef11-bae5-000d3ab2ceb1;OxLP95R3SJbcdyxusMo1UWEHsMlOhK+ty1eD+pqBTgHCWqfzSmTmuG1tQfDbIhZqpm6ew4E9+RViWiXMCK8ZxQ==;26.08.2025 09:00;Yüksel Proje A.?.;Sözle?meli;Batuhan TURAN;Batuhan;;TURAN;;;;Active
81d7c944-87f7-ef11-bae5-000d3ab2ceb1;b6hDhpwUcMqGwzXm1FNXYpHo4cV4NDMbpXYMHRJo7ppxHTcAGk1zzybfHoX4CzM1h5ZIpzm9Ekr6obmHXDs2PA==;26.08.2025 09:00;Yüksel Proje A.?.;Sözle?meli;Ismail EKSICI;Ismail;;EKSICI;;;;Active
83d7c944-87f7-ef11-bae5-000d3ab2ceb1;Y4x/8Su6Siq0VPG/ECHSByBhPfMqIM9X3CHgXIz1QnsnrlhNMxq3sFF5q5A4q4VDCzOUMziMhsN9/4GSN5byXQ==;26.08.2025 09:00;Yüksel Proje A.?.;Sözle?meli;Suat B?LG?N;Suat;;B?LG?N;;;;Active
85d7c944-87f7-ef11-bae5-000d3ab2ceb1;NNnP5ipa3LngH1V0DpNNo6aWjSRviq1+Y+1f91NZK0uT0/fBc8on/VzSPe1tIOxYAu5GsND1R7NMOCGaDIPKYg==;26.08.2025 09:00;Yüksel Proje A.?.;Sözle?meli;Halil Ayd?n;Halil;Sercan;Ayd?n;;;;Active
87d7c944-87f7-ef11-bae5-000d3ab2ceb1;+5MJWivRMVwvR8bfEGhp4zUn7boApFVjsRxZtH0wOvJg/CgBQP/nMuQyKPhVlZ26L+GdPySYR7/Q/plIBqLZaw==;26.08.2025 09:00;Yüksel Proje A.?.;Sözle?meli;Ercan GUVEN;Ercan;;GUVEN;;;;Active
89d7c944-87f7-ef11-bae5-000d3ab2ceb1;5wN9fzIuzriTufno+Bnxp2vw/lLcnR5ewz2msErmMrW67kjVT6+JqlKXL7yG2gpkQR8bwST4FqLKA6mUlmipRg==;26.08.2025 09:00;Yüksel Proje A.?.;Sözle?meli;Emre YERL?;Emre;;YERL?;;;;Active
8bd7c944-87f7-ef11-bae5-000d3ab2ceb1;vcF/wIGDtTn4RgLN8Zwv7D97tQKxTbhlGCnN/E4e/HvbtZ2kPShYW5Vy95AY1QX1eO+jNDY/yB5il/fn+Dij5A==;26.08.2025 09:00;Yüksel Proje A.?.;Sözle?meli;Serdar DAYAN;Serdar;;DAYAN;;;;Active
8dd7c944-87f7-ef11-bae5-000d3ab2ceb1;vJHCJr/8H3WCYdwDNGRFP+wBVhH4MP2W+G0PXNd6xcN62FxS6xc4QQWRleCdK8AIQk/n7wXipQ2SVF+YFcHhNA==;26.08.2025 09:00;Yüksel Proje A.?.;Sözle?meli;Mertcan KUSCU;Mertcan;;KUSCU;;;;Active
8fd7c944-87f7-ef11-bae5-000d3ab2ceb1;rVogShkMIhakmyMM3Kl7o4USgVbQCqmpUkNQF3fnEysmNqJ/mourTwLLtKd2EkaX2f3K1/SvIS/4xGKPjMaSEQ==;26.08.2025 09:00;Yüksel Proje A.?.;Sözle?meli;Hasan GURER;Hasan;;GURER;;;;Active
91d7c944-87f7-ef11-bae5-000d3ab2ceb1;Hu2Ob4tXoSVdDJ3bbE7ZAdKrRD4f8epqxyvaYa4pPI0kZcBJSLn86osbgtp4oUA6xeSF4W1kHiHZpAgfLTsmdw==;26.08.2025 09:00;Yüksel Proje A.?.;Sözle?meli;Yusuf Demirci;Yusuf;;Demirci;;;;Active
93d7c944-87f7-ef11-bae5-000d3ab2ceb1;hZx9ao5DE3L6WRFS/xcf+5l3pqkQY1TuDLCLb9BjjstvdC0VAg2v8ghdKDfKwH96td0oV263XhTPFKlQ2gH1qA==;26.08.2025 09:00;Yüksel Proje A.?.;Sözle?meli;Mustafa GOKDOGAN;Mustafa;Mert;GOKDOGAN;;;;Active
95d7c944-87f7-ef11-bae5-000d3ab2ceb1;mP3YYjyBpKJ0iBs8dYYIEzf48qcFOGQbuPtPyNaQI7mN2dPQRdPN1Ljn7qH0DCA4vYCy9jXV/+gLeb65nyoiDA==;26.08.2025 09:00;Yüksel Proje A.?.;Sözle?meli;Mehmet OZGUR;Mehmet;;OZGUR;;;;Active
97d7c944-87f7-ef11-bae5-000d3ab2ceb1;UNeCPpJobcBZ8v6LQ4lQDN3Qxfyvf1pk2ZlKUHNU4AT8codMPITMH96cUPfsq064uHJkfyfTw4vlqMyz3xlgYw==;26.08.2025 09:00;Yüksel Proje A.?.;Sözle?meli;Arda BILTEKIN;Arda;;BILTEKIN;;;;Active
99d7c944-87f7-ef11-bae5-000d3ab2ceb1;BWRZevFjph+hAgjHql1JKirXVDOk5+lNYy6U33XQQU6EwoFwszTRgrgE6sY95w7NdrzJySUp5FnZOOQOtMFQlw==;26.08.2025 09:00;Yüksel Proje A.?.;Sözle?meli;Hakan Çinkir;Hakan;;Çinkir;;;;Active
9dd7c944-87f7-ef11-bae5-000d3ab2ceb1;Dg7R55xeOoRmpIfPZqapCunuI05VtzTLiVai1C/okUOAk3DiSwYClJAaZcryrFUHyAmOgFks4yPwd06EWoPzow==;26.08.2025 09:00;Yüksel Proje A.?.;Sözle?meli;BELDA ÖZDEM?R;BELDA;;ÖZDEM?R;;;;Active
9fd7c944-87f7-ef11-bae5-000d3ab2ceb1;Od0xBETylprb5u3Bk9sxeSxq7AkvZ0Wh7QsRxpp7U+tICPYqE9JK5wffwNjNAk3vyBfPr4nN/l/CzZxOgNxYVg==;26.08.2025 09:00;Yüksel Proje A.?.;Sözle?meli;C?HAT B?BERO?LU;C?HAT;;B?BERO?LU;;;;Active
a1d7c944-87f7-ef11-bae5-000d3ab2ceb1;CKJSWqRcoY6QnVus25dla0fq15mKI6UjCwv0ixjmm7jISURX9NjT6bFMlssqiGpuHI1+qG3NQYS+qQGjFOQW/Q==;26.08.2025 09:00;Yüksel Proje A.?.;Sözle?meli;AYDIN DO?AN;AYDIN;;DO?AN;;;;Active
a3d7c944-87f7-ef11-bae5-000d3ab2ceb1;CbN0QneqsYAYHhmSjkoG8nqAInxkNZ1TZiRpuDtYSoZvuOCP7wkVi1HZH5D7dmKiYx4AGVTr9eQCjkvCRuWdNA==;26.08.2025 09:00;Yüksel Proje A.?.;Sözle?meli;KEMAL ÖZDEM?R;KEMAL;;ÖZDEM?R;;;;Active
a5d7c944-87f7-ef11-bae5-000d3ab2ceb1;wD2Q5X50nbpUBnhz9I0+WD/Vd8xqqRVu/yrUrI1rLOrX44PyigpZXTGM++6pWQlit7fuJoTfBy9zFWR+NwlNow==;26.08.2025 09:00;Yüksel Proje A.?.;Sözle?meli;SERKAN AYTÜRK;SERKAN;;AYTÜRK;;;;Active
a7d7c944-87f7-ef11-bae5-000d3ab2ceb1;ZneXvrAMq/cmq8tp0X2+eLsy9BkNKW5i82HUhh7fmjmzr89YmChuA7j0Y+NegK2om61DqkggkB+1k5aW4J3wmQ==;26.08.2025 09:00;Yüksel Proje A.?.;Sözle?meli;HAKAN ÇAKIR;HAKAN;;ÇAKIR;;;;Active
a9d7c944-87f7-ef11-bae5-000d3ab2ceb1;T7qBaIgrv7fdAmgHXIKByZsirqsDJiUoPBqGZpHwGl3ZgxBwSQ8/4jpn7n4Ou/x4nSJo5O4YZQY9t/+2EGKJZQ==;26.08.2025 09:00;Yüksel Proje A.?.;Sözle?meli;ABDURRAHMAN ÇITAK;ABDURRAHMAN;ALP;ÇITAK;;;;Active
abd7c944-87f7-ef11-bae5-000d3ab2ceb1;H5WoMN5wGFR0s7TGcntCYYbjWw83E4QDJYT0XieRhDYxrvKnOaKeHqS3q3Cr53keay3SIEUvpoXf04k2l7BnPg==;26.08.2025 09:01;Yüksel Proje A.?.;Sözle?meli;KAAN KAYA;KAAN;;KAYA;;;;Active
add7c944-87f7-ef11-bae5-000d3ab2ceb1;QZmZKj+UbB/bJ/nsngrArFxgdK2mks2VfM5khm60Sang+4ASEkbMeZcUETyC6ruMOFRqw/vKZl1GNfS6Hg+VJw==;26.08.2025 09:01;Yüksel Proje A.?.;Sözle?meli;AHMET ?ENTÜRK;AHMET;;?ENTÜRK;;;;Active
afd7c944-87f7-ef11-bae5-000d3ab2ceb1;3FHoWM+4IP50a08FHxa7kY311QWTU0rnmJMNGiV3xm91yZ3GyaTTVPipCrkKulD9ymIMJRuqD1UwYdzgIKx9uA==;26.08.2025 09:01;Yüksel Proje A.?.;Sözle?meli;ESRA TÜMER;ESRA;;TÜMER;;;;Active
b1d7c944-87f7-ef11-bae5-000d3ab2ceb1;wUp6kSgZu55fZuT0SmdwS2gxcIp5xRnu1eQgIpmOlkUjuvd7vqkyP7DHPCBfcWG5BB6mlioN6vPc46qnkqH6EA==;26.08.2025 09:01;Yüksel Proje A.?.;Sözle?meli;ENG?N DEN?Z;ENG?N;;DEN?Z;;;;Active
b3d7c944-87f7-ef11-bae5-000d3ab2ceb1;7hcw1rYDKdQZXUDYgGI4fsPUbiNF7Mdxvkhx89DMglVO50ruLvnVZEhx9uAS3bWOEBp3OJK9tMMNSv1u8lGfmg==;26.08.2025 09:01;Yüksel Proje A.?.;Sözle?meli;D?LARA YILMAZ;D?LARA;;YILMAZ;;;;Active
b5d7c944-87f7-ef11-bae5-000d3ab2ceb1;LS4c5sCHGmxciw6sXC1fpwqgSlv7JbWIUq4+lxLDJiRQJXRV/7kz/XsqgajhHjDYj+JCcXMTtKenDt+le7OviQ==;26.08.2025 09:01;Yüksel Proje A.?.;Sözle?meli;HÜSEY?N AKSOY;HÜSEY?N;;AKSOY;;;;Active
b7d7c944-87f7-ef11-bae5-000d3ab2ceb1;pkUH139ECr6QUK6aXJuA2FT4LSM2cJ2Fw5KOyt8MItSlJ7FK1Q1pIrI4dBEpW3fat1M5ksFXSkUJgFquwJH1tw==;26.08.2025 09:01;Yüksel Proje A.?.;Sözle?meli;ONUR OKULDA?;ONUR;;OKULDA?;;;;Active
b9d7c944-87f7-ef11-bae5-000d3ab2ceb1;idX+NIY9lhoM+bfSmGWEu9e47G/SNwaQPtZPyECDVUnnFrbr8y1guaH9RPFGBzTeih+QSU9wAG6zVmDl6D9HTQ==;26.08.2025 09:01;Yüksel Proje A.?.;Sözle?meli;GÖKHAN BAYATA;GÖKHAN;;BAYATA;;;;Active
bbd7c944-87f7-ef11-bae5-000d3ab2ceb1;zQC8YTAEMHDJKnRW0ko7Ll7LwpxbNqx9wajmVeS3Z7z/kYP7UdMY942eyyGxxfw4rsDfQZ3u4fiJS/49/vvMQQ==;26.08.2025 09:01;Yüksel Proje A.?.;Sözle?meli;GÖKHAN TOZKOPARAN;GÖKHAN;;TOZKOPARAN;;;;Active
bdd7c944-87f7-ef11-bae5-000d3ab2ceb1;ORlz4VOXh1YouwsybZ/JSpIVsVDrYybafLBNMsIW77FNkTU/GNb7EWQD5Z0mDMQjyJ+J7bGOGpHohIk3j8fLFQ==;8.10.2025 11:44;Yüksel Proje A.?.;Sözle?meli;Erhan Eviz;Erhan;;Eviz;;eeviz@yukselproje.com.tr;;Active
bfd7c944-87f7-ef11-bae5-000d3ab2ceb1;eOVwch77jNkCe+FwmLcPf1yWw0TJEsg4ZMSVVW3z+oTJi2jl+3Lm9zVm3JuqVuZ7eHOh4MEbR8DLsdp0WMK5tQ==;26.08.2025 09:01;Yüksel Proje A.?.;Sözle?meli;Himmet KAMAN;Himmet;;KAMAN;;;;Active
c1d7c944-87f7-ef11-bae5-000d3ab2ceb1;jzAOdndLeMWCqfvUda/b8ybLy9x28iTagHcJZ50qXfNhU5vvKpFBnVOv6zu561xg4xi4O+8E/mBYUprzw1UQbg==;26.08.2025 09:01;Yüksel Proje A.?.;Sözle?meli;Tolga GOKALP;Tolga;;GOKALP;;tgokalp@yukselproje.com.tr;;Active
c3d7c944-87f7-ef11-bae5-000d3ab2ceb1;LaFFX31pvRhG7EgcDgTLot/OCaXe63am7QOEAbamClQ5O94lFdYK3109vnR59WBEU8E7ewGiAk0AUlPP1lb5tw==;26.08.2025 08:01;Hidro Dizayn;V2023 (+);Ali Yücer;Ali;;Yücer;;bt@hidrodizayn.com;;Active
c7d7c944-87f7-ef11-bae5-000d3ab2ceb1;S0UgmieE8mUzmRBv6UbmJhcEai4sMTjhEa2Sz2y+kxycHC9cze6LcW5u2WENlRB5MNCSruWRfFaPOqilljG8ww==;26.08.2025 08:01;Hidro Dizayn;V2023 (+);Özgür K?n?k;Özgür;;K?n?k;;okinik@hidrodizayn.com;;Active
c9d7c944-87f7-ef11-bae5-000d3ab2ceb1;pFumb2Q41TftNmZGa8MltS7fOs/ZDK+oz0/eg01FMXEHrlvAEGcm559UvoNcaH+WmvVIB/fJ/cGK6xhPl6wbRw==;26.08.2025 08:01;Hidro Dizayn;V2023 (+);Cenk Çelik;Cenk;Mert;Çelik;;cmcelik@hidrodizayn.com;;Active
cdd7c944-87f7-ef11-bae5-000d3ab2ceb1;EvDnSLUrf6lWCIccq0cH1O7n1/8OEICUzngW/i47QoswYz542+kbaPnE6IIZT2gUZXM5lA88O5ADEYtvZSp4Yw==;26.08.2025 08:01;Hidro Dizayn;V2023 (+);Ali Yücel;Ali;;Yücel;;ayucer@hidrodizayn.com;;Active
cfd7c944-87f7-ef11-bae5-000d3ab2ceb1;eMf6XP1m6OWQhmJ7kk33AFaxPi1+GCGcZyPB2XnD07d9y+gBk4VBYAbYqOdKhFrvfr73R55HRJsU8WMxVlrcHg==;26.08.2025 08:02;Hidro Dizayn;V2023 (+);?smail Erdo?an;?smail;;Erdo?an;;ierdogan@hidrodizayn.com;;Active
d3d7c944-87f7-ef11-bae5-000d3ab2ceb1;BKRBG0GCff7tvDYSYEPtKPa0WeEmlgk1QZELNHoPxKuj/GLTFsKydwjOEWlO7GXXq+9VydG/VlHVnWlaNSSicw==;26.08.2025 08:40;Seza Müh. Mimarl?k;SUB-CANCEL;Jale ?ncitmez;Jale;;?ncitmez;;jaleincitmez@sezamuh.com.tr;;Active
d5d7c944-87f7-ef11-bae5-000d3ab2ceb1;vbBQ8sJImBDHpwcNmaBZrBilDyMWJF6yOpVUn0RpIl5CDkZQhnJIeTPYtK5gRW6Aqa8Y3/n9Qoo+a9/vttbkDw==;26.08.2025 08:40;Seza Müh. Mimarl?k;SUB-CANCEL;Sezai Güvensoy;Sezai;;Güvensoy;;sezaiguvensoy@sezamuh.com.tr;;Active
d7d7c944-87f7-ef11-bae5-000d3ab2ceb1;Wb4UFdVUIqUZr1iGHh5Yl0/xXHSre4r+rRhycrxN7RTMVAEtXhzvJFj0FvCKsMubWblEXzFxVCViuq0spZUi6Q==;26.08.2025 08:41;Seza Müh. Mimarl?k;SUB-CANCEL;?rem Bo?nak;?rem;;Bo?nak;;iremtokusoglu@sezamuh.com.tr;;Active
d9d7c944-87f7-ef11-bae5-000d3ab2ceb1;yXv/+90t5jWvAiO/fQfLIcRrkc//eyFXAySsP/Z2C/0NEsMD5x9GjjkYllIarOXUL/BJeMoXB8XVermiYdXsfg==;30.01.2026 08:47;Rec Uluslararas? In?aat;Sözle?meli;Onur ?im?ek;Onur;Güney;?im?ek;;onur.simsek@ronesans.com;0546 462 63 49;Active
ddd7c944-87f7-ef11-bae5-000d3ab2ceb1;JdyZsNotjvjBUjd9zxINADznEuovm8fZR/8rwkOP8pamITV5tsu1CTqiP6ixIAzMgXvBBrr5LGrGe/N2nNvHWA==;26.08.2025 08:34;Rec Uluslararas? In?aat;Sözle?meli;Sercan Akbulut;Sercan;Akbulut;Akbulut;IT Manager;sercan.akbulut@ronesans.com;;Active
dfd7c944-87f7-ef11-bae5-000d3ab2ceb1;opXN8QG/pBzycTRDxxj3OsIvx5kivWm7CzVh9kCN5iqlD6E3r7yc63sZxhySn+5ruIyYBZBVnY+pjYS/DA8YQg==;26.08.2025 08:34;Rec Uluslararas? In?aat;Sözle?meli;Bar?? Tekin;Bar??;;Tekin;;baris.tekin@ronesans.com;;Active
e1d7c944-87f7-ef11-bae5-000d3ab2ceb1;s/XsVMmWvVLVosch6YZBnoWHLn352Hj5B9D5RyKtlJjZbFTo6GKBJ7JMnvJ5WGkxww2ATvRyQNM3GPbEUrmReQ==;26.08.2025 08:34;Rec Uluslararas? In?aat;Sözle?meli;Hüseyin Özdemir;Hüseyin;;Özdemir;;huseyin.ozdemir@ronesansavm.com;;Active
e3d7c944-87f7-ef11-bae5-000d3ab2ceb1;U8F/FHk7MhYIM4q38+xCiiuVxS7WSXZCXuv7njmBa+dhFvyLsV5dQJoIzjCe4Cnx11a0tNhSG4oP1AKo9DbxKA==;26.08.2025 08:34;Rec Uluslararas? In?aat;Sözle?meli;Ergün Aruk;Ergün;Aruk;Aruk;;ergun.aruk@ronesans.com;0531 306 78 50;Active
e5d7c944-87f7-ef11-bae5-000d3ab2ceb1;2MoL6M59RG+htdWTcY5A21f+gPJ/jydNvTukPGlTIOLTyFasw5iwe+jsHkRkZkgtRXTouHqR3BLAEPjbOto6iw==;28.01.2026 11:39;Rec Uluslararas? In?aat;Sözle?meli;Cem Tahir Y?ld?r?m;Cem Tahir;Tahir;Y?ld?r?m;;cem.yildirim@ronesans.com;0536 501 56 66;Active
e7d7c944-87f7-ef11-bae5-000d3ab2ceb1;7yqM7pTZ/sEe405MTE//Ij9zS4bVqFrS2KSaKk6YofxDF2t+BKqeXIWLYBlfz8TGUhkebVpr41N0XeRpxh0StA==;26.08.2025 08:34;Rec Uluslararas? In?aat;Sözle?meli;Gökhan Anç?n;Gökhan;Anç?n;Anç?n;IT Manager;gokhan.ancin@ronesans.com;;Active
e9d7c944-87f7-ef11-bae5-000d3ab2ceb1;aPXuciNwwO2USRonYpSXr4nZtY5HPd3zkBEUTDAE4ujiCoa2pKg3mzxSVRxLMJT02d93DEmY9ITGfPf8+20Skg==;26.08.2025 08:28;Ömer Melih Güveni?;Sözle?meli;Ömer Güveni?;Ömer;Melih;Güveni?;?irket Sahibi;omermelihguvenis@gmail.com;0532 244 91 75;Active
edd7c944-87f7-ef11-bae5-000d3ab2ceb1;nLexmEJLSjyQEo82cH2eBWt0z3nkKNqOrF6JRZ2j0o2wi0kd57PnenoXU7JUqRnbT30xVoUZ5lKJ9geQqOaJng==;26.08.2025 07:45;Freysa? Freyssinet;V2022 (-);Cemal Noyan;Cemal;;Noyan;;cemalnoyan.ozel@freysas.com.tr;;Active
efd7c944-87f7-ef11-bae5-000d3ab2ceb1;kHDhWlETKIsuZ0ww+jPOZPfgsoVRtThzHdhMrSQBB4Y1fqGpjO7BhBGDQNaOdkPC+cVQQepBPv8SGVRsq9HFpA==;26.08.2025 07:45;Freysa? Freyssinet;V2022 (-);Alper nayci;Alper;;nayci;;alper.nayci@freysas.com.tr;;Active
f1d7c944-87f7-ef11-bae5-000d3ab2ceb1;DZPeVNys2gTYErF4uMWp6cByVXmlZWmEjUUMx1RMLrjdtIbAdxP+XKBYAQO6FqR8u9erQ5Rbj7/rNHAWVrxBTQ==;26.08.2025 07:45;Freysa? Freyssinet;V2022 (-);Betul Kuyumcu;Betul;;Kuyumcu;;betul.kuyumcu@freysas.com.tr;;Active
f3d7c944-87f7-ef11-bae5-000d3ab2ceb1;U8NyVleu7oclDKL3GO+Imvnnscxt/loT58vZMtPDzYguWsLwRU52TD4ahMNGOWVSKII5gwx2LlZSHlVbxvh8Aw==;26.08.2025 07:45;Freysa? Freyssinet;V2022 (-);Cankat Güler;Cankat;;Güler;;cankat.guler@freysas.com.tr;;Active
f5d7c944-87f7-ef11-bae5-000d3ab2ceb1;HDV9WFcKtWgtFsQR6h/0xL0+GEDAlLkqEEz1jHj8zdH7IL+J7gaokzdbctHvrTymIve/CqLUlWM8C6bYN5PfIA==;26.08.2025 07:45;Freysa? Freyssinet;V2022 (-);Cemil K?z?lhan;Cemil;;K?z?lhan;;cemil.kizilhan@freysas.com.tr;;Active
f7d7c944-87f7-ef11-bae5-000d3ab2ceb1;KZ0UdFQhSywscvXik/izndsFrBrdB9UT5+eF8hOgi9AyhyL/jPsYa/5ykIis2HzAnaIsBfMGQCsHxmrlQgy7Jw==;26.08.2025 07:46;Freysa? Freyssinet;V2022 (-);Ecem Önal;Ecem;;Önal;;ECEM.ONAL@freysas.com.tr;;Active
f9d7c944-87f7-ef11-bae5-000d3ab2ceb1;Fer6C7f2j8WFOKU2hUdnUI0T04fW4IAGQGwoeOGC/qBSG7nIBTlFDHA9VTozkqw0y1o/3LCTq/8QtDR7P1jvuQ==;26.08.2025 07:46;Freysa? Freyssinet;V2022 (-);Kutay Kutsal;Kutay;;Kutsal;;Kutay.Kutsal@freysas.com.tr;;Active
fbd7c944-87f7-ef11-bae5-000d3ab2ceb1;uZ5dXPLSR14Zv3LrsjkZeW4mtRY7TjGMk75QLJCyLLWkZ67gZeOJgziwZwDRDGjYLGgM5Z065/TPKvOSCgYg0g==;26.08.2025 07:46;Freysa? Freyssinet;V2022 (-);Özgür Özkol;Özgür;;Özkol;;ozgur.ozkul@freysas.com.tr;;Active
fdd7c944-87f7-ef11-bae5-000d3ab2ceb1;D5U/9kh3W/06UcWX3nq3MrzYi2CDXACBJJxO3Kzk5E9orbhlNh1C3JpT5xYHZHu5tqngiBOgj+dU56/ytO0MAw==;26.08.2025 07:46;Freysa? Freyssinet;V2022 (-);Recep Kahya;Recep;;Kahya;;recep.kahya@freysas.com.tr;;Active
ffd7c944-87f7-ef11-bae5-000d3ab2ceb1;nY8dTg0NqVzo4IZVuX1hmI3EdIc6m6+BEJzYh9orhkhDv0LWAt5hmgsRsB/AHFADfdKzrJXhVbHSl04Jx1deYg==;26.08.2025 07:46;Freysa? Freyssinet;V2022 (-);Sibel Özkan;Sibel;;Özkan;;SIBEL.OZGAN@freysas.com.tr;;Active
01d8c944-87f7-ef11-bae5-000d3ab2ceb1;tzPrXq+7wIkMUr3qj7bqrKKNsYyEBP2Lb1/cgcl6+yBWFvtV46BZ9bOGdjPWe0zpvnieDveMrPUR/OJUyaDw8g==;22.08.2025 14:30;Egim Grup;V2023 (+);Erdem Göndiken;Erdem;;Göndiken;;egondiken@egimgrup.com;0533 518 22 17;Active
05d8c944-87f7-ef11-bae5-000d3ab2ceb1;WCmEuvzDpx4o71CsIQvs380+pbHbIKNzR9RY0CQlpLWNQJFZidmliqpmWOB3aso/AjM4gkkD3AFL3FQHHbcQ8g==;26.08.2025 08:54;Tolkim D?? Ticaret;V2023 (+);Sebahat Aç?l;Sebahat;;Aç?l;;info@tolkim.com.tr;;Active
09d8c944-87f7-ef11-bae5-000d3ab2ceb1;cQHDFmjwWtIs8X4RoKxzZII82kEMauv19KvhdCcMUN1NuDztMSGcNcKPUX92yxGCiV/RMQr0jH/nIlBmU+ERQA==;26.08.2025 08:54;Tolkim D?? Ticaret;V2023 (+);Zafer Aç?l;Zafer;;Aç?l;;zafer.acil@tolkim.com.tr;;Active
0bd8c944-87f7-ef11-bae5-000d3ab2ceb1;nz2pxtkJQJcIrroAp2X2dRWoo8vdABiR9wGlaK5YPkutcYP3XT8UIb4x/+KTTZ0GqBtDYXbiB+7//VM++1NViw==;26.08.2025 08:54;Tolkim D?? Ticaret;V2023 (+);Ahmet Salih;Ahmet;;Salih;;ahmet.salih@tolkim.com.tr;;Active
0dd8c944-87f7-ef11-bae5-000d3ab2ceb1;LtHJCFLsiRXf3qpfP+tcd+lSTLT8MS3evizQSM8qP3D3xxDNgJtDFcNoemH1IvChu8bPkws4iiAvnU+k5YPlbw==;19.12.2025 10:04;Koray Sapmaz;Sözle?meli;Koray Sapmaz;Koray;;Sapmaz;?irket Sahibi;koraysapmaz@hotmail.com;0532 337 44 28;Active
0fd8c944-87f7-ef11-bae5-000d3ab2ceb1;Kg2Bk/YDKWt2hjVJxc5luTNgZ8uCp4FINS9tNDkLznQX3t9oKFTiQOr1hkMSdTOVlArQ5GvTCWZPDNzTH7UYNg==;26.08.2025 08:00;Hasan Safa Al;V2023 (+);Hasan Al;Hasan;Safa;Al;;hasan.al@hotmail.de;;Active
15d8c944-87f7-ef11-bae5-000d3ab2ceb1;sRzHDoK0OpL/ICiMBR0hkrOtPJ1x+l7eqodTUxLd1xJmx5gjoq/m6BxvYL4PZuTK3mcOUo8DGJjfpfiEzPmyuA==;26.08.2025 08:12;Köksal Özdemir;V2023 (+);Köksal Özdemir;Köksal;;Özdemir;;koeksal.oezdemir@gmx.de;;Active
19d8c944-87f7-ef11-bae5-000d3ab2ceb1;EKaQfGEe470Iq2t5Q9CTu12KFwc4/B0Rj86zvJgJ88x8srBhE5uy5hnnZ4xER1MTcZkGBFcjRMRaEFF3WGQDzQ==;22.08.2025 14:10;Bimbir Mühendislik In?aat;V2023 (+);Aybike Avinal;Aybike;;Avinal;;a.avinal@adatt.fr;;Active
1bd8c944-87f7-ef11-bae5-000d3ab2ceb1;Hz4Z8hhWUHLIiSFP4croo3VrM/qR7r2+n2ASCbGfnpbxKVpN5gYezRufRM5sax42MdfC1q7jGiKutnyj09LhFg==;22.08.2025 14:10;Bimbir Mühendislik In?aat;V2023 (+);Ceren Koya?;Ceren;;Koya?;;mk@adatt.fr;;Active
1dd8c944-87f7-ef11-bae5-000d3ab2ceb1;bk+mfY6XoaaSy+yF1B/xS9GGzNdz/G7ZbGTLr+MhybBn7+tT0YQ5HwfXpjc9kyXcZ3WmZrEbV7GFB/b39CB14w==;22.08.2025 14:10;Bimbir Mühendislik In?aat;V2023 (+);Özge Hac?o?lu;Özge;;Hac?o?lu;;o.h@adatt.fr;;Active
1fd8c944-87f7-ef11-bae5-000d3ab2ceb1;Znni2BZnnieeWZneu/XfA9aj2FxsqKiYjQ2EDchujhNZg2jB6xtRnQEYroMNFOziqqN+BPGcDRoCzeAOMN3+rw==;22.08.2025 14:11;Bimbir Mühendislik In?aat;V2023 (+);Emre Kurtel;Emre;;Kurtel;;mail@adatt.fr ;;Active
21d8c944-87f7-ef11-bae5-000d3ab2ceb1;Th66yUGNLCl8059Yo9pleI584ubzZn7R+PyWAKSJVAOilz2DbwEbxuetXcsP4Kw+wZqVRDqda5t586JUIviF7w==;22.08.2025 13:44;Anda Mü?avirlik Mühendislik Ltd. ?ti.;Sözle?meli;Özgür Topcu;Özgür;;Topcu;?irket Sahibi;info@andamuhendislik.com.tr;0543 461 13 61;Active
29d8c944-87f7-ef11-bae5-000d3ab2ceb1;kilQFfm96X2uoFq3C2S5TK7NYBzz/nPSnnsxRs0VwPNRQMqs9MvHsDFUiWCvbU6c18eVY2ADedHKgPSQxeQHiA==;26.08.2025 08:28;On Dizayn Mimarl?k;Sözle?meli;Öner Bayrakç?;Öner;;Bayrakç?;?irket Sahibi;onerbayrakci@ondizayn.com;0532 513 02 00;Active
31d8c944-87f7-ef11-bae5-000d3ab2ceb1;sYoxXC7mWU2DeUGo7/C+PMbaGnECPK+2Mqg07bu5SwJAoRs9j6ExQ+DSvtuV/K/oyWra3BBZJr/SRzcGYAJeHQ==;22.08.2025 14:04;Ayd?n Proje;V2022 (-);Adnan Ayd?n;Adnan;;Ayd?n;;info@aydinproje.com;;Active
33d8c944-87f7-ef11-bae5-000d3ab2ceb1;pCJCvts2Zg1m5Tz1ZQDzipf3hWOokFe1zdj7bfc55xNLeB8AsDoezi1jeFbHbE07XqE+BIlrl1kuV07Wtgmv9A==;6.02.2026 11:42;A??rman Mimarl?k Mühendsilik;Sözle?meli;Metin A??rman;Metin;;A??rman;?irket Sahibi;agirman.harita@gmail.com;0532 212 47 13;Active
35d8c944-87f7-ef11-bae5-000d3ab2ceb1;RBM366XZMa86nVJyGEpQOgx+OjFes7RuljwUe7gdb/Oy7qHkFwCOT5N5kxwQKD3o/sx1Pi6VnkDV3a3vtm1Q4Q==;22.08.2025 13:40;Aluform Pekinta? A.?.;Sözle?meli;Tayyar Okur;Tayyar;;Okur;;pekintas@pekintas.com.tr;;Active
37d8c944-87f7-ef11-bae5-000d3ab2ceb1;VjWe47BNaATx2ElMfkK9WslNmMDsAokNsOnFiIRlVSBKP0USKa8GBjuWXhpPzU1wNNnLFg6l+ZVZIgsFrWaGUA==;22.08.2025 13:40;Aluform Pekinta? A.?.;Sözle?meli;Hasibe Ka?;Hasibe;;Ka?;;hasibe.kas@aluform.com.tr;0536 566 87 74;Active
39d8c944-87f7-ef11-bae5-000d3ab2ceb1;ptiLaESS5q5HTGE9l+MzMBv0kkrkDJzx+34gQl1yEzRu4GxwGR0Ay//HjQxHFmwYbdcLBq1kokJ90QCPgSP0vg==;22.08.2025 13:40;Aluform Pekinta? A.?.;Sözle?meli;Attila Gül;Attila;;Gül;;atilla.gul@pekintas.com.tr;0539 392 84 31;Active
3bd8c944-87f7-ef11-bae5-000d3ab2ceb1;xAYwcbtW71M9erjRfI8DUker78yGRtlrU4dVHmdmJCPraExFqLr0kzlRtLXht9S5sn0W7tbyGMYoFs80rzZESw==;22.08.2025 13:40;Aluform Pekinta? A.?.;Sözle?meli;Necati Çaybakan;Necati;;Çaybakan;;necati.caybakan@pekintas.com.tr;0505 714 66 87;Active
3dd8c944-87f7-ef11-bae5-000d3ab2ceb1;Pn+n9OmlX3ioooIuCgMwHGJV5Y1Ea6Sl0IjRTDSHd6GsVbB0JW8oQDzULP5dvkA2XQ0IBjFg04HG2ZlKztAEow==;22.08.2025 13:41;Aluform Pekinta? A.?.;Sözle?meli;?ükriye Küçükhüseyin;?ükriye;;Küçükhüseyin;;sukriye.kucukhuseyin@aluform.com.tr;;Active
41d8c944-87f7-ef11-bae5-000d3ab2ceb1;5wmJpDeFYduxnLQULw6OY+aQdo4DmaHV/nvX9P3dH3oxS1dqcQQhrPKdMeUo25ok5OPZdnNsSAsZt3cUryp0DA==;22.08.2025 14:03;Avinal Yaz?l?m;V2023 (+);Ahmet Avinal;Ahmet;;Avinal;;ahmetavinal@gmail.com;;Active
43d8c944-87f7-ef11-bae5-000d3ab2ceb1;7g4gMv2htuPg58oRD/H0RU4qLcrHWtvZBN4HRV3dOa+2EUqE/3PAGDLAM4546QG3dJLHcAhYb895QSK4j6zibw==;22.08.2025 14:03;Avinal Yaz?l?m;V2023 (+);Nihat Göl;Nihat;;Göl;;nihat_gol@hotmail.com;;Active
45d8c944-87f7-ef11-bae5-000d3ab2ceb1;0h77CYhNXrxDlN4315ao2msT2Wp330/+qIc2GUHq/d08FO5tSN7RYOWlIFhf77pMzAfbG1fOr/cNbuU1U/FmGw==;22.08.2025 14:03;Avinal Yaz?l?m;V2023 (+);Önder Özpineçi;Önder;;Özpineçi;;onderozpineci@avinal.com;;Active
47d8c944-87f7-ef11-bae5-000d3ab2ceb1;T3fo8jI3tYk+Y4klA3Yh9WNOzkjJGZMNh2i9QcQCJWPbk37MMnS6b3tPLJ+U/ZM+NqTpo19or16VyHVfAOh1lA==;22.08.2025 14:03;Avinal Yaz?l?m;V2023 (+);Özay Karahan;Özay;;Karahan;;ozay_karahan@hotmail.com;;Active
49d8c944-87f7-ef11-bae5-000d3ab2ceb1;iZ1uqm/KrHv2aPQVhvYlB4t7YFnhrYbR5ubxoQGRcGvtaCPAeIFKLjNk2jvmVMR2LFB5FEwSD1DsQdREhscn8g==;22.08.2025 14:03;Avinal Yaz?l?m;V2023 (+);Sinan Ural;Sinan;;Ural;;sinan@avinal.com;;Active
4fd8c944-87f7-ef11-bae5-000d3ab2ceb1;Z3wpXBk8y5tgrqG769YdAckgFmacZCGnD1CcKVrzHvwEwE9YCp6rxVHoJk8yDP8XeC41M49USX92P7khghR8Zg==;22.08.2025 14:15;Burhan K?l?nç;Sözle?meli;Burhan K?l?nç;Burhan;;K?l?nç;?irket Sahibi;mimarburhan62@gmail.com;0532 717 11 41;Active
53d8c944-87f7-ef11-bae5-000d3ab2ceb1;XY2317K0EK09vPTmnOoLcJO3U+V6fGXYfTYx1j9CXMk06iJC8ANEa1tvV0d+2+0I7vWGCVW0/A5qCp7SSGc0RQ==;26.08.2025 08:13;LA Mimarlik;V2023 (+);Levent Akçakaya;Levent;;Akçakaya;;lastudio@lastudio.com.tr;0532 424 13 33;Active
55d8c944-87f7-ef11-bae5-000d3ab2ceb1;8j8UihORrdwVydTR0SLh0h7Xfust/URlujqa3/waHYX3BwN1IhIwDEYhuk8LkdT+UGYSN0oM5gVM0rTDyMllog==;26.08.2025 08:51;Temelsu Uluslararas? Mühendislik A.?.;V2023 (+);Yavuz Karagümü?;Yavuz;;Karagümü?;;ykaragumus@temelsu.com.tr;;Active
57d8c944-87f7-ef11-bae5-000d3ab2ceb1;3vGlQ4181zF9WAO2zMc4MZ3ggh6lPJMnmzeVyyEVKUuM3d9LEdp1aC4pd5Y3Bn8wCsgH0dxhOVgFarL13W23kQ==;26.08.2025 08:51;Temelsu Uluslararas? Mühendislik A.?.;V2023 (+);Ender Gencer;Ender;;Gencer;;ender.gencer@temelsu.com.tr;;Active
59d8c944-87f7-ef11-bae5-000d3ab2ceb1;SqXNi7UJmKLZZSpIY9JSkYVRnbOOhBzy8xb414EgrrYl5zhnj4/XREto+Qi4zhS1+XBu7B02qbUv+lBOGZat7g==;26.08.2025 08:51;Temelsu Uluslararas? Mühendislik A.?.;V2023 (+);Gençer genço?lu;Gençer;;genço?lu;;ggencoglu@temelsu.com.tr;;Active
5bd8c944-87f7-ef11-bae5-000d3ab2ceb1;LDaGEfOJzro8AOeUxyjCZV6ZE2Hx0h4wI0TZ8vJ3WN+3sJ2PrO4iNL5Ds6WAIWOd+Dqw+0hbYclgfKFAni/wEA==;26.08.2025 08:51;Temelsu Uluslararas? Mühendislik A.?.;V2023 (+);?smail Ciliz;?smail;;Ciliz;;ismail.ciliz@temelsu.com.tr;;Active
5dd8c944-87f7-ef11-bae5-000d3ab2ceb1;/bAzjRfPwvnVq+kMOWNbcbQTCKCWgabeoMgALzBAt2SLSJOjzIk3f1sPh1vGONGjM40/AvgXBLrU4CeJ5Kzqcg==;26.08.2025 08:51;Temelsu Uluslararas? Mühendislik A.?.;V2023 (+);Mahmut Sakarya;Mahmut;;Sakarya;;mahmutsakarya@gmail.com;;Active
61d8c944-87f7-ef11-bae5-000d3ab2ceb1;8a1ByvfjFncjZfokiGyP9wXxbyD2SpWlJbYWdSWK6h/yWfk+osS5i8b06+3Uhfc3p1PyCFTx5OkIWVgJ0nsfJg==;26.08.2025 08:51;Temelsu Uluslararas? Mühendislik A.?.;V2023 (+);F?rat Ergin;F?rat;;Ergin;;firat.ergin@temelsu.com.tr;;Active
63d8c944-87f7-ef11-bae5-000d3ab2ceb1;krjP2lTisKB3x62bJei7rI4WIDcfDW+if+XO/dSxXZcj07e3W6ocb+Ipk4b9ny882BDU5W3LmLpepR+NA1YMtQ==;26.08.2025 08:51;Temelsu Uluslararas? Mühendislik A.?.;V2023 (+);Seda ?çel;Seda;Öztürk;?çel;;seda.ozturk.icel@temelsu.com.tr;;Active
65d8c944-87f7-ef11-bae5-000d3ab2ceb1;suXfRV8Ss9c16fmwHJFORl/PVanC/yLk2gCtjfAGjqOPwLESZt3GqKaLBhGJloatKXP6gdWaBHDqbhsjulwb5Q==;26.08.2025 08:51;Temelsu Uluslararas? Mühendislik A.?.;V2023 (+);Gökhan ?nözü;Gökhan;;?nözü;;gokhan.inozu@temelsu.com.tr;;Active
69d8c944-87f7-ef11-bae5-000d3ab2ceb1;p4Mc4PWE5ROeOEu0i6f61F7aJj0eOMSeD2RAi7S9Rk8JVkJnLDj6RFYaQQQbQM7T13QcA5aYLPKNKh5Igq28yw==;26.08.2025 08:51;Temelsu Uluslararas? Mühendislik A.?.;V2023 (+);Behçet Canbaz;Behçet;Serdal;Canbaz;;behcet.serdal.canbaz@temelsu.com.tr;;Active
6bd8c944-87f7-ef11-bae5-000d3ab2ceb1;TlQsuXS5DBKqi2zx3x37CYpHYwX8zT6MEUK6+FDpHlxL4jOmM+uYV2Tn11mt0BrvC080dAazENdpURi2xFfrEA==;26.08.2025 08:51;Temelsu Uluslararas? Mühendislik A.?.;V2023 (+);Nazan Ergun;Nazan;;Ergun;;naz_erg@hotmail.com;;Active
6dd8c944-87f7-ef11-bae5-000d3ab2ceb1;qzkRhdtXsV25WxBlM5F7TTxih2ZDge6Vp1gv7V75GTNVbwbp0fW2gkEGrRDdjhoc/6VQu2GHa5cBjS9YpfKZQQ==;26.08.2025 08:51;Temelsu Uluslararas? Mühendislik A.?.;V2023 (+);Yeter Kat?ranc?;Yeter;;Kat?ranc?;;yeterkatiranci@hotmail.com;;Active
6fd8c944-87f7-ef11-bae5-000d3ab2ceb1;YNij5UrrFLMy6viMhZeaTIXN1W2RbZ0cPYvXKDUSHCUvYL4OWlYAP4P7W1MY5qJNNLvWA1MJLreP9tAeHV8stg==;26.08.2025 08:51;Temelsu Uluslararas? Mühendislik A.?.;V2023 (+);Harun Kantarc?;Harun;;Kantarc?;;harun.kantarci@temelsu.com.tr;;Active
73d8c944-87f7-ef11-bae5-000d3ab2ceb1;8wOltGTf0m2EHvKSF42IYv9Hj8CMVO3h81MvM/Tf5ndTz9OeGJjT39Vp2pPvzdN+kJCmfELaQbToEpXKfIenoA==;26.08.2025 08:51;Temelsu Uluslararas? Mühendislik A.?.;V2023 (+);?zzet Kir;?zzet;;Kir;;izzetkir@gmail.com;;Active
75d8c944-87f7-ef11-bae5-000d3ab2ceb1;3XJ0DdE2yXGJaMPyoTiJWuPFUINrInK5wYPj9ZTlIvkacYGtIXB2TJ5d1YpKcsW6lwOcyp6rUK+Tx24oQVzmmA==;26.08.2025 08:52;Temelsu Uluslararas? Mühendislik A.?.;V2023 (+);Bülent Ünlüyurt;Bülent;;Ünlüyurt;;bulent.unluyurt@temelsu.com.tr;;Active
79d8c944-87f7-ef11-bae5-000d3ab2ceb1;s4cXnw7sPw9koitx75g9qjLo2s5wIn+lLbhJKE+tWrQ0pCz9SPySoLybw7UGqzQuh2c9gKKsfuFaf0ioj+Qm5Q==;26.08.2025 08:52;Temelsu Uluslararas? Mühendislik A.?.;V2023 (+);Seçkin Ak?ehir;Seçkin;;Ak?ehir;;seckin.aksehir@temelsu.com.tr;;Active
7bd8c944-87f7-ef11-bae5-000d3ab2ceb1;Vxip1wP7/z/JxLmodxzG2gTARo1eK9eSydc6i/vTdpwSCiDQoKLmXKO8zu6HORxSipipb6o7s9bSViRkOCqPvg==;26.08.2025 08:52;Temelsu Uluslararas? Mühendislik A.?.;V2023 (+);Ali ?ar;Ali;;?ar;;ali.sar@temelsu.com.tr;;Active
7dd8c944-87f7-ef11-bae5-000d3ab2ceb1;mjS7XaJHE94J2AiXznY7jOgB8nYrNgYmLl9NPFHiNzkBd6LqlJadqnN3jNUr6K6EF6b0tkrxZU4eLKZey4GQpQ==;26.08.2025 08:52;Temelsu Uluslararas? Mühendislik A.?.;V2023 (+);Enver Kurtar;Enver;;Kurtar;;enver.kurtar@temelsu.com.tr;;Active
7fd8c944-87f7-ef11-bae5-000d3ab2ceb1;HlLEja0HqHzWmCPXxGEYIelJOL/xkAbrgoiRfcRkemzLUEmJR3wXbHxvZE8qAsDwHDNLgkUvL+qPG6j6ye2wZQ==;26.08.2025 08:52;Temelsu Uluslararas? Mühendislik A.?.;V2023 (+);Emrah Erdo?an;Emrah;;Erdo?an;;emrah.erdogan@temelsu.com.tr;;Active
81d8c944-87f7-ef11-bae5-000d3ab2ceb1;cawKnuKbVoi4qZ7rrj+8r29GQ7f9XgW3tzp4ELbz0Bj8j/QTDyhg1vK8zi3LQQMiSig2+w/CkmhpEp7VR7F8Gw==;26.08.2025 08:52;Temelsu Uluslararas? Mühendislik A.?.;V2023 (+);Serkan Akkaya;Serkan;;Akkaya;;seralp06@gmail.com;;Active
83d8c944-87f7-ef11-bae5-000d3ab2ceb1;N29+91lDGoeGIr8TgPY21e3od5pl9yRKrU5EfaO1JgG3kq4Wh0WzEkAeFo5sT7UntawNCgu/eU4VDpp/fdrNmA==;26.08.2025 08:52;Temelsu Uluslararas? Mühendislik A.?.;V2023 (+);Hülya Kostak;Hülya;;Kostak;;hkostak@temelsu.com.tr;;Active
89d8c944-87f7-ef11-bae5-000d3ab2ceb1;KP+6SGNLQS/BPwUDhzNp4FT6lz3I5MyFT8Z5JetHbsETVCVHo/es0aWvwduCC7ApzFp7Dm7+E5VRO7Q1ypU5og==;26.08.2025 08:52;Temelsu Uluslararas? Mühendislik A.?.;V2023 (+);Gonca Ünal;Gonca;;Ünal;;gonca.unal@temelsu.com.tr;;Active
8bd8c944-87f7-ef11-bae5-000d3ab2ceb1;xbVwhxuaZXG6P/QkMospREE+1dHCyHLmKsTUUp7RLeGEWBQVNnLrGv9AWedbFmXUtgNfm7MgMTFfFHTuf598AQ==;26.08.2025 08:52;Temelsu Uluslararas? Mühendislik A.?.;V2023 (+);Mustafa Zedeli;Mustafa;;Zedeli;;mustafa.zedeli@temelsu.com.tr;;Active
93d8c944-87f7-ef11-bae5-000d3ab2ceb1;f6giBzWNYKSrT2cw2yep9MNe3H4GknvWT/jg0EQvqXA/jA+0co8rWaA6upFXno6NVajSpcZJjBRrItBHj9jAsQ==;26.08.2025 08:52;Temelsu Uluslararas? Mühendislik A.?.;V2023 (+);Cevdet ?ahindur;Cevdet;;?ahindur;;cevdet.sahindur@temelsu.com.tr;;Active
97d8c944-87f7-ef11-bae5-000d3ab2ceb1;9JHC+GTl6+R1CSHVziT5EsyY2amXnLthfRQtskHtKWgthH+Q4kO+wA/eoSEXzB3xM9L4bNSMHzHQS8sLuYyKsA==;26.08.2025 08:52;Temelsu Uluslararas? Mühendislik A.?.;V2023 (+);Faruk Tezcan;Faruk;;Tezcan;;faruk.tezcan@temelsu.com.tr;;Active
99d8c944-87f7-ef11-bae5-000d3ab2ceb1;S5qrYzVApkfYjXDJsvUlkDVJIx22SxncatwrPT90V7sSrwMIRbWqKmXXKnD47Y5FLUGfcsEt+tXlM/jpn//jwQ==;26.08.2025 08:52;Temelsu Uluslararas? Mühendislik A.?.;V2023 (+);Onur Erbil;Onur;;Erbil;;onur.erbil@temelsu.com.tr;;Active
9bd8c944-87f7-ef11-bae5-000d3ab2ceb1;CLE8jtRJC/TyjOaHvKDqvBDl4eFPdLR9gWnyy02zrPZWgeIg2SnCusdOXHmSv9hxpVR1vvhZTf0ZWJzDf8rmgA==;26.08.2025 08:52;Temelsu Uluslararas? Mühendislik A.?.;V2023 (+);Görkem Örnek;Görkem;;Örnek;;gorkem.ornek@temelsu.com.tr;;Active
9dd8c944-87f7-ef11-bae5-000d3ab2ceb1;DJKjdat6dw0jT2OnONP92pbVx0BqreKS+TyRq8E1kW2IL2npKyuqQRZKEM6SzkSnb7MPIcc1Bz0fmuWzUmLE/Q==;26.08.2025 08:52;Temelsu Uluslararas? Mühendislik A.?.;V2023 (+);Umut M?hç?;Umut;;M?hç?;;umut.mihci@temelsu.com.tr;;Active
a1d8c944-87f7-ef11-bae5-000d3ab2ceb1;noeV2CEE4d1X8xzZz/bjBqng09KwtEngdyWwRFFuabmGVrZGO50kW5DKtmwb8aItfFkqXUR10pL47dQVAUULvw==;26.08.2025 08:52;Temelsu Uluslararas? Mühendislik A.?.;V2023 (+);Berkan Aksoy;Berkan;;Aksoy;;berkan.aksoy@temelsu.com.tr;;Active
a5d8c944-87f7-ef11-bae5-000d3ab2ceb1;Owc50CH3tgmOkbrA9vNOKo3hHhqy1YD3IeA4D0rtsJych3CJHfC5E7Qs79hZ6XM0beoVubbl7mtJdrNqAD+K5Q==;26.08.2025 08:52;Temelsu Uluslararas? Mühendislik A.?.;V2023 (+);Ayhan Kayhan;Ayhan;;Kayhan;;ayhan.kayhan@temelsu.com.tr;;Active
a7d8c944-87f7-ef11-bae5-000d3ab2ceb1;Wifm7rulqUZsWJ0+Mwj80KloJ82ML+1Pa8eJkKtqWPR6gh0YFdkO8zcNkTKZkOBXfTL+/hX8txxTsitrTWp7tQ==;26.08.2025 08:52;Temelsu Uluslararas? Mühendislik A.?.;V2023 (+);Onur Uysal;Onur;;Uysal;;onur.uysal@temelsu.com.tr;;Active
a9d8c944-87f7-ef11-bae5-000d3ab2ceb1;fAuoC9qWYyjNgo+ZqsHWPQj/fnDaZjrjJbPJsDgBshWP/EKeNk4//8veXuYondmn6z1uf9bofOak8hyLaNUidg==;26.08.2025 08:52;Temelsu Uluslararas? Mühendislik A.?.;V2023 (+);Zülfinaz Hasta;Zülfinaz;;Hasta;;zulfinaz.hasta@temelsu.com.tr;;Active
abd8c944-87f7-ef11-bae5-000d3ab2ceb1;OghUkwSLHIhJHMRSMarSIldkU5xdu3KMBNkMf+CXfPn4FO6QHgs4DzLr4wEossmdvDMQAnhKmRRa6czrqyaYPg==;26.08.2025 08:52;Temelsu Uluslararas? Mühendislik A.?.;V2023 (+);Zeynel Yücekaya;Zeynel;;Yücekaya;;zeynel.yucekaya@temelsu.com.tr;;Active
add8c944-87f7-ef11-bae5-000d3ab2ceb1;Tu8rp99qd2AlCboeDv5qk5alMQh2HbAKlBPytYqeWUJip0AgwoS/AKnYSUHQwpap55L6D8sKWaNnXh/jJP85ZQ==;26.08.2025 08:52;Temelsu Uluslararas? Mühendislik A.?.;V2023 (+);Sinan Üstünel;Sinan;;Üstünel;;sinan.ustunel@temelsu.com.tr;;Active
b1d8c944-87f7-ef11-bae5-000d3ab2ceb1;VNCpO2IF7kjVO5c0gkoEYbqxtG49N52EXApXJm6ujBu0oNrwVLqdx3Gzn3fiLVhH9ubA35D8DvRhPggnzQ1ZQQ==;26.08.2025 08:52;Temelsu Uluslararas? Mühendislik A.?.;V2023 (+);Aleyna Demirci;Aleyna;;Demirci;;aleyna.demirci@temelsu.com.tr;;Active
b3d8c944-87f7-ef11-bae5-000d3ab2ceb1;M5f7WA55zXAlmGeQQ9VrjNR9eXbTroloYj4Az8tD5f3iM7oMZTAaV6SQpxNH7YN6pFXwaemSovlUEHuWhap2oQ==;26.08.2025 08:52;Temelsu Uluslararas? Mühendislik A.?.;V2023 (+);Deniz Ekinci;Deniz;;Ekinci;;deniz.ekinci@temelsu.com.tr;;Active
b5d8c944-87f7-ef11-bae5-000d3ab2ceb1;zUQBHlyumerjM9TqXo9NxVQB6DDi6uTS1kIHWHxlIO+JTedpC6KBmsfP67kVRb7FzAu9YBCESXDxhXa56qjfog==;26.08.2025 08:55;Türk Ytong;Sözle?meli;Aykut Çelenk;Aykut;;Çelenk;;acelenk@ytong.com.tr;0553 280 02 79;Active
b7d8c944-87f7-ef11-bae5-000d3ab2ceb1;3PruqqFD+KBPb7AKc1yemjMA1wBYEgZ8RoeV4Pmxu3o3fCDDGPuGi4K+JtfdCoNNsOvIIftHg84xSyAnEUGmtQ==;26.08.2025 08:55;Türk Ytong;Sözle?meli;Gökhan Ula?;Gökhan;;Ula?;;gulas@ytong.com.tr;;Active
b9d8c944-87f7-ef11-bae5-000d3ab2ceb1;kK8iXyDNncGMJBN52U+AYwJAbiuqMmafxiDfzwLCt/o6FflLnxNjBJ1gwqn7VGPh18cescOzAWPnal3hEtseaA==;26.08.2025 08:56;Türk Ytong;Sözle?meli;;;;;;oanas@ytong.com.tr;;Active
bdd8c944-87f7-ef11-bae5-000d3ab2ceb1;TqpDmcFegaMD112vRKxsAinP87Ka4lEnsTrtBRqnw/WzedJmF8/woff/GO7jaH2skcM6uU+pEaBwSrRG6ikyQA==;26.08.2025 08:56;Türk Ytong;Sözle?meli;Banu Alpugan;Banu;;Alpugan;;balpugan@ytong.com.tr;;Active
bfd8c944-87f7-ef11-bae5-000d3ab2ceb1;OB/D0L/TSPLXHsr4HhFuC421SZIdaOjAcg0hxcYe5rf2ZZvD6aCY2Ie5O9eFji9ozDrrYkpgyIQHE5TFMbL8pQ==;26.08.2025 08:56;Türk Ytong;Sözle?meli;Bar?? C?r?k;Bar??;;C?r?k;;bcirik@ytong.com.tr;;Active
c3d8c944-87f7-ef11-bae5-000d3ab2ceb1;ZCGpX4bJyk+slNzAI43qxpTGn9CBL7IYeWK9kwhnQXg2jF+cOSC3xUtwlHHVrU4zNtMU3tL+zewv0GeYuXuqsA==;26.08.2025 08:56;Türk Ytong;Sözle?meli;Burcu Küçükkömürcü;Burcu;;Küçükkömürcü;;bkucukkomurcu@ytong.com.tr;;Active
c5d8c944-87f7-ef11-bae5-000d3ab2ceb1;FCM3WrVA5G5EGFHnPbOIHlZQ0czZZkyR44I76A1wt3vQDqLFqq2yFUhS9FUKgHYc77t7jzAneASdzKaGWaYRyg==;26.08.2025 08:56;Türk Ytong;Sözle?meli;Enis Ar?n;Enis;;Ar?n;;earin@ytong.com.tr;;Active
c7d8c944-87f7-ef11-bae5-000d3ab2ceb1;vHQ0Bq+nPqPznY2vX2Qzb+gPsiNXmTZPPxW/snwGhLbFAWMDO1ECleDhFrcy6XAOWxK19qzx8Bt+roBeV61gcw==;26.08.2025 08:56;Türk Ytong;Sözle?meli;Murat Oral;Murat;;Oral;;moral@ytong.com.tr;;Active
cbd8c944-87f7-ef11-bae5-000d3ab2ceb1;W5Htc3vigqAm5dPdmORLVExgEBRJlA38mENai9WypXCOYMlnILU6jF987aqIU8n6kqrHbqKKFFk4LjhkRKe9eA==;26.08.2025 08:56;Türk Ytong;Sözle?meli;Muhasebe Ytong;Muhasebe;;Ytong;;muhasebe@ytong.com.tr;;Active
cdd8c944-87f7-ef11-bae5-000d3ab2ceb1;3/qsL70BoLPCPbY0DlNt6Z8qw7L04m8kDVATTPOfCCSdPjn94f+Ru06UIhP4hsBC1bIqTw8fFOELW+OmWV5aBA==;26.08.2025 08:56;Türk Ytong;Sözle?meli;Kaan Akyolcular;Kaan;;Akyolcular;;kakyolcular@ytong.com.tr;;Active
cfd8c944-87f7-ef11-bae5-000d3ab2ceb1;m50gC/8HaR0BMJ9KLwh4WkELGRleebIKhgz43WiSCSxK5JJ1GL5AhY/ntlAH6SzyJIZUzeNz5v2pHvy5dFoArQ==;26.08.2025 08:56;Türk Ytong;Sözle?meli;Mustafa Beker;Mustafa;;Beker;;mbeker@ytong.com.tr;;Active
d1d8c944-87f7-ef11-bae5-000d3ab2ceb1;YSfgRZrhfXVt5rY9b8qdbrCte72rCnSz0mRteeresXnHZRUvesxFxAB5ID8YvRepafDDumel/TNpxsrJywc7nw==;18.02.2026 13:57;Türk Ytong;Sözle?meli;Berk Pafta;Berk;;Pafta;IT Manager;bpafta@ytong.com.tr;0532 343 97 90;Active
d3d8c944-87f7-ef11-bae5-000d3ab2ceb1;gTqhicGwqHVrc1gqSp06tnu5vgjY/n5BaTF+nKXaRrFt9s1OcN6ccj4Tu+ZSpIJUBlccex+G/ulyxAeKCGxrAA==;26.08.2025 08:59;Y?ld?zkent Müh. Mimarl?k;Sözle?meli;Gündüz Erdo?an;Gündüz;;Erdo?an;?irket Sahibi;gndzerdogan@gmail.com;0533 354 00 64;Active
d5d8c944-87f7-ef11-bae5-000d3ab2ceb1;20WG/pv7XAhuqf65TG2qpS/diSCjnrNqZ0urBOBkdK3sTRt3Nbs0iQqmtntjqT6cB53DuBKom2cjk1FMR2Yadw==;22.08.2025 14:34;Er-Nur Mimarl?k;V2023 (+);Celal ?enay;Celal;;?enay;;celal.senay@gmail.com;;Active
ddd8c944-87f7-ef11-bae5-000d3ab2ceb1;+VQEQAi1N7GF5SC2e/9g4GQeHmGcfQthZrktaKfDwZt4EvCkpfcnFaxvIz/DIAnAnDpHIdjqEQ+t7FpPyLJ92w==;22.08.2025 13:55;Aluplan Program Sistemleri;Aluplan;Melih Dinekli;Melih;;Dinekli;Admin;melih@aluplan.com.tr;;Active
dfd8c944-87f7-ef11-bae5-000d3ab2ceb1;XeUQAvtS5GOGBmV+GBES/Pv7bkpY0itSLbynPp47AxWpvSapekQbzIxccw/A4dRtbFyK8Ue39iT4RxBZWInk1g==;26.08.2025 08:17;Lgn Proje;Sözle?meli;Deniz Do?an;Deniz;;Do?an;;ddenizdogan@gmail.com;;Active
e1d8c944-87f7-ef11-bae5-000d3ab2ceb1;ObL06h8E3XYPG91fhxnZgKidhoPFF2pi/C7mYOySLHh/fNz4K8CvpF+QHX2JhQ+hgmFscoh+jN16uogwDy9FOg==;22.08.2025 14:33;Erkan Y?ld?z;V2022 (-);Erkan Y?ld?z;Erkan;;Y?ld?z;;erkan1yildiz@gmail.com;;Active
e3d8c944-87f7-ef11-bae5-000d3ab2ceb1;x5NvUnpO2R0ECpLQ+ZYG5pj5vEkWHylclcUkFRMeLwGyUQ8sRaZsPLpwTQJgrit5mKX6LCm+69y03JpMdpU8SA==;26.08.2025 08:34;?aman Bayyurt;Sözle?meli;?aman Bayyurt;?aman;;Bayyurt;;bayyurtsaman@gmail.com;;Active
e7d8c944-87f7-ef11-bae5-000d3ab2ceb1;p5hLUF98K2rAtp3zMGDe/HQ/0gmQoPvU7p7t4iymjAobyTP4+Lb45s2A2No2R4WebAYGzGJ4tskQ/C+N0W4QjQ==;26.08.2025 08:18;Matt International;Sözle?meli;Mehmet Eray Karaman;Mehmet Eray;Eray;Karaman;?irket Sahibi;mehmeteray.karaman@gmail.com;0536 416 04 35;Active
ebd8c944-87f7-ef11-bae5-000d3ab2ceb1;QSrBUC9I8oNtnwoAdjKifG9KJVIuBP+zDAjYLL3WgCK4IkbSLbHXzYvYNt+3jYkR73/5Upb0XBLSg8RGiTkj8A==;26.08.2025 08:33;Özcan Mineral;SUB-CANCEL;Celal Özcan;Celal;;Özcan;;ozcanmaden@gmail.com;;Active
efd8c944-87f7-ef11-bae5-000d3ab2ceb1;zb5j9vOmko9DpflUMRnwH0lJsAsw5B93go6kGwW07XALsLuDhSMmr1gnG179OFLX62yaGXeqnselmVN+VCIRlA==;26.08.2025 07:52;Genser Mühendislik;Sözle?meli;Mert Genç;Mert;;Genç;?irket Sahibi;mert@genoser.com;0536 391 65 52;Active
f1d8c944-87f7-ef11-bae5-000d3ab2ceb1;bXP/CL3oB/zoh+CDLuBfiPdpEs3296GB3JHgZl1sH67VPBE5VJQwVsxZAOZSaXGaFiGlXhJg+tKzwU3n+81igA==;26.08.2025 07:52;Genser Mühendislik;Sözle?meli;Hande Yumak;Hande;;Yumak;;hande@genoser.com;;Active
f3d8c944-87f7-ef11-bae5-000d3ab2ceb1;gGU382GtptDe1tQ2fx8OUmuHDIVvn5LYyhqafzDJtRt2ndLgAXRTV+5XXA3DQ1u2AOA9rZpDyWIZPsucZ2Wubg==;26.08.2025 07:52;Genser Mühendislik;Sözle?meli;Ozgur Girgin;Ozgur;;Girgin;;ozgur@genoser.com;;Active
fbd8c944-87f7-ef11-bae5-000d3ab2ceb1;AwN7ie4z0Oec1M8zCAyCjGg5naNazJh2oWZtL7KxhOlW/mfW3UqaqzpOKFAbG5mge8rpBtrIqdZGTuJdkydZ+Q==;22.08.2025 14:09;Betis Mühendislik;SUB-CANCEL;Ömer Salcan;Ömer;;Salcan;;omer@bet-is.com;;Active
fdd8c944-87f7-ef11-bae5-000d3ab2ceb1;r2qv/UkT64WUKfi7Yb0nJdQDPLIa35xPPWTSF2VepRW8oMqGp7xjVH3JnMZVkQra12PVnpEtXNRqwvmaEb/nJA==;22.08.2025 14:09;Betis Mühendislik;SUB-CANCEL;Reyhan Karahasan;Reyhan;;Karahasan;;taner@bet-is.com;;Active
ffd8c944-87f7-ef11-bae5-000d3ab2ceb1;blRbjHJ6ZO0jwpPjvtcCpnDvk5y6i1Wnc4uHC+gnUPtuCscqYbU2gT058sgjrauNydn7OtbB3mXUVFZ/DSDzxw==;22.08.2025 14:09;Betis Mühendislik;SUB-CANCEL;Hüseyin Kaya;Hüseyin;;Kaya;;huseyin@bet-is.com;;Active
01d9c944-87f7-ef11-bae5-000d3ab2ceb1;QtCipzdlqNgmrR+Mm3JIAjKwHdF7+SbaWlOQTvxctrYWGFp6mWfbs3oeQcRUqqnlz6ksNM8ktlNFEp0GXJ3zIA==;22.08.2025 14:30;Eksen Mühendislik;V2022 (-);Ramazan Akkaya;Ramazan;;Akkaya;;statikci@gmail.com;;Active
05d9c944-87f7-ef11-bae5-000d3ab2ceb1;qPgsvlAF12wOrN4V6eP6UOPwiFYTuAeiNbjvU5CRfWwUSYkH1oBfeluSmLmh+NVEXuIJBHcUD0rFYgAaSj3YCw==;26.08.2025 08:26;Nis Mühendislik;Sözle?meli;O?uzhan Ozaka;O?uzhan;;Ozaka;;Ozaka@nismuhendislik.com;0543 950 75 25;Active
07d9c944-87f7-ef11-bae5-000d3ab2ceb1;U9xnxiKAPy3T1cEboTjQ5hHCvTtCs7o3jAPSd1frazpxbzTCHHeZnkJ058G2IexzytTfT/70DkJR18pwBGrNCQ==;26.08.2025 08:26;Nis Mühendislik;Sözle?meli;Orçun Özdemir;Orçun;;Özdemir;;orcun@nismuhendislik.com;0506 280 22 84;Active
0bd9c944-87f7-ef11-bae5-000d3ab2ceb1;8TdGYWw5P46wuWBv0wjmihCZ7LOm5lj9kwh2EV8lLBroZraJW3YHJ+e5tluz+/Q3Tl+UkUBcJd4J3U8baimQ9w==;26.08.2025 08:26;Nis Mühendislik;Sözle?meli;Dursun Çak?r;Dursun;;Çak?r;;dursun@nismuhendislik.com;0532 701 94 83;Active
0dd9c944-87f7-ef11-bae5-000d3ab2ceb1;ZUWGPCxnVM6/7RJWhjYKADY11HhBU/dsbM14Deefw0BN5uKpwFgLJsdP33anccf4bvIqg42kScDUwjEeCB1YyA==;26.08.2025 08:24;Mim Dizayn;Sözle?meli;Muhammed Ünal_;Muhammed;;Ünal_;;info@mimdizayn.com.tr__;;Active
13d9c944-87f7-ef11-bae5-000d3ab2ceb1;+qeMGbBBPVc1cVrraNT/9yaAetZQkmWbUmS9iFq3mkxAuycnbGz/531bBagN4hfZRUPtO77PZ7b1e9rzzwdHcw==;26.08.2025 08:31;Orion Mü?avirlik Mühendislik Ve Proje Ltd. ?ti.;SUB-CANCEL;Cenk Fidan;Cenk;;Fidan;;cenk@orionproje.com;;Active
15d9c944-87f7-ef11-bae5-000d3ab2ceb1;Bc8pfycOdyl2zjXEqDX83f7hp2c7kX8c+AQ/nSx/jIiisNQNtDtAE9D+cLxeTBldLFWTa/C010GX1gnx0mxLsg==;26.08.2025 08:31;Orion Mü?avirlik Mühendislik Ve Proje Ltd. ?ti.;SUB-CANCEL;Do?u Bozalio?lu;Do?u;;Bozalio?lu;;dogu@orionproje.com;;Active
17d9c944-87f7-ef11-bae5-000d3ab2ceb1;arCsovDxgwPTMCqbWHj6wP8ZP7FUq7RWizfMLnOPg7mYnGrU1iqtoRvItEi6jk4Ej2LsTZ7yJtZj8S91qmu9LA==;26.08.2025 08:31;Orion Mü?avirlik Mühendislik Ve Proje Ltd. ?ti.;SUB-CANCEL;Ali?an;Ali?an;;;;alisan@orionproje.com;;Active
19d9c944-87f7-ef11-bae5-000d3ab2ceb1;5Ywk3HkZgmrhmoSPjBMH86sJk4IpQ/UYvIOpIx+RT7BtAoDw3Sa4MtXSgaWmgFlUL1gJRGoi+RaINBYm8I8DlA==;26.08.2025 08:31;Orion Mü?avirlik Mühendislik Ve Proje Ltd. ?ti.;SUB-CANCEL;Ayhan AKRAY;Ayhan;;AKRAY;;ayhan@orionproje.com;;Active
1bd9c944-87f7-ef11-bae5-000d3ab2ceb1;BJAsMW4L929gbLzYGdQJYItAIFsUPSG8tKXGAfkaw7We8+ucgUdd6k6pBq7xfd2FnEOddrKp/9Bhnf6sVeDr/g==;26.08.2025 08:31;Orion Mü?avirlik Mühendislik Ve Proje Ltd. ?ti.;SUB-CANCEL;Özgür Özden;Özgür;;Özden;;ozgur@orionproje.com;;Active
1dd9c944-87f7-ef11-bae5-000d3ab2ceb1;o4sJKcxklJjMVYzq9qq0TtZQbKabC2MEduPyvR0Grpn3YGMLAOoGA04LgjxV+4qWUwnaZy+RaTI1cHK8or48cw==;26.08.2025 08:31;Orion Mü?avirlik Mühendislik Ve Proje Ltd. ?ti.;SUB-CANCEL;Ali ?hsan;Ali;;?hsan;;aliihsan@orionproje.com;;Active
1fd9c944-87f7-ef11-bae5-000d3ab2ceb1;iInLjtGNFiJy6xGy4mKow3HSonPU1jFJN5Q4gnyc8bgTe1jlMpAAh+/1zRWLBtotegFGjj8US6QqVYvZmP6pyA==;26.08.2025 08:31;Orion Mü?avirlik Mühendislik Ve Proje Ltd. ?ti.;SUB-CANCEL;Özgür;Özgür;;;;ozgurozden1988@gmail.com;;Active
21d9c944-87f7-ef11-bae5-000d3ab2ceb1;47dtsqgCtxAP6mpLigxlf+tjTycJEo/20vaKimGLkCv7Ygemr/jZ6njXgqNHpnRj/96C6QDcrzte10hTl8LlyQ==;22.08.2025 14:02;ATAK Mühendislik ?n?aat San. ve Tic. A. ?.;Sözle?meli;Onur Kiter;Onur;;Kiter;;satinalma@atakeng.com.tr;0530 649 90 03;Active
25d9c944-87f7-ef11-bae5-000d3ab2ceb1;hVdQFjjvCKmsmMQYfA5UWPCxcuEqrTIYpQn73HHgtIcN+6JLVbOFxWamHz3uSJKoiTv4xVXEPermovDNViEXXw==;22.08.2025 14:02;ATAK Mühendislik ?n?aat San. ve Tic. A. ?.;Sözle?meli;Tu?ba Akba?;Tu?ba;;Akba?;;TAkbas@atakeng.com.tr;;Active
27d9c944-87f7-ef11-bae5-000d3ab2ceb1;+YHnfnrzg22imXGyvj2eYbV9ZkulcyyI6vojLkd7BTnlacWUDKdaQiABxhx4kCLTVE/gs/qLU5xLpmhJjBl7Mw==;26.08.2025 07:58;Güryap? Taahüt;V2022 (-);Ahmet Solak;Ahmet;;Solak;;ahmetsolak@guryapitaahhut.com.tr;;Active
29d9c944-87f7-ef11-bae5-000d3ab2ceb1;RWWu1D8dKDwIkyFY8Tbok+xrsUmqRU9DZF4Xe7SmCuMw3CkubQNRl4y3qp93va7PJ0PmKsCVKTOsWx81snKg7A==;26.08.2025 07:58;Güryap? Taahüt;V2022 (-);Adnan B?cak;Adnan;;B?cak;;adnanbicak@guryapitaahhut.com.tr;;Active
2bd9c944-87f7-ef11-bae5-000d3ab2ceb1;CnUjKmLV6u5SlzO+n2O+GlJSao/koCuf+DskQvqhbPXO+2jXvJTrDCBKVLE7/zS2NrPBjWW2Kyj3H24bUjHS0A==;26.08.2025 07:58;Güryap? Taahüt;V2022 (-);Fatih Demiroglu;Fatih;;Demiroglu;;fatihdemiroglu@guryapitaahhut.com.tr;;Active
2dd9c944-87f7-ef11-bae5-000d3ab2ceb1;1dl/PSjMBSz3VTKNdqIaoaAdMLudMEbZT8DAnQ0rhRrZpwhNtHLrEs2R2+o8u1j9n0annvodTLkh/2ompdsJUA==;26.08.2025 07:58;Güryap? Taahüt;V2022 (-);Mehmet Yilmaz;Mehmet;;Yilmaz;;mehmetyilmaz@guryapitaahhut.com.tr;;Active
2fd9c944-87f7-ef11-bae5-000d3ab2ceb1;L1AvSj0KWqGD24S/50d+dGlViyGEUGXPpYOFWseze8brwBEwF5NfwtWMUKCsLy3HPmcC2a48GO+eZhW3bxCX7w==;26.08.2025 07:58;Güryap? Taahüt;V2022 (-);Bilgi Teknolojileri;Bilgi;Teknolojileri;Teknolojileri;;btdestek@guryapitaahhut.com.tr;;Active
31d9c944-87f7-ef11-bae5-000d3ab2ceb1;XFWyVWxZUL0zIssnIy8GlPCUKK8ksdOeDtPdR6OvP0Wl9DWW7fwTzDYigl+L4w/1kXOkHrUQROWkyX8fr8MuOw==;26.08.2025 07:58;Güryap? Taahüt;V2022 (-);Aycan Cömert;Aycan;;Cömert;;aycancomert@gursoyrestorasyon.com.tr;;Active
33d9c944-87f7-ef11-bae5-000d3ab2ceb1;J1fzByxJePy0oiHKvmMAbQK0RaPhttEf1eg5BVgszcC9xYs/Fz1JiL5tMJhRUrwNgNL7QgnTcCX6vPkPo+3iLQ==;22.08.2025 14:30;Eflatun Proje Mühendislik;V2022 (-);Yüksel Kal?ç;Yüksel;;Kal?ç;;yukselkalic@hotmail.com;;Active
35d9c944-87f7-ef11-bae5-000d3ab2ceb1;6/A4NV3g0D2+ovEU/K8TAql4WqJTycgrtpQN2Z5nkIuif2nRIpJC4itS1keu/LpgwJZlEvNqtg/sce3wfqH5kg==;26.08.2025 08:40;Sertepe In?aat;V2023 (+);Emre Ayd?n;Emre;;Ayd?n;;e.aydin@sertepe.com;;Active
39d9c944-87f7-ef11-bae5-000d3ab2ceb1;bM+r2BtcXPvkAon5W7Gr/O5xQFlGklDEdCde49kLM3700CFI//XujXjiNx/NbqY0p+Vhu1dZ4xvNAo0CV3oG5g==;30.10.2025 09:42;Lun Yap? In?aat;Sözle?meli;Serdar K?rnaz;Serdar;;K?rnaz;;serdar@lunmuhendislik.com;0532 342 84 30;Active
3bd9c944-87f7-ef11-bae5-000d3ab2ceb1;rl09UmtpEiovPdMpnILlkm7uMVrFrnLwOqd5w8c2ujDwDJB6Z+unpLCeJpGJTlACGefYoJIYdKUs++TEtthiHg==;26.08.2025 08:17;Lun Yap? In?aat;Sözle?meli;Feryal Aygören;Feryal;;Aygören;;feryal@lunmuhendislik.com;0553 215 77 19;Active
41d9c944-87f7-ef11-bae5-000d3ab2ceb1;8rhqafW1WsbWFgMgBZf+/6pYPSK6SrmDmyxrtyLASodaKjh37RT7mA5FtF6GPwREO3NRaMYhRYb5S7pwJUGM5A==;26.08.2025 08:17;Lun Yap? In?aat;Sözle?meli;Ece Han?m;Ece;;Han?m;;Ece@lunmuhendislik.com;;Active
43d9c944-87f7-ef11-bae5-000d3ab2ceb1;NgeyT/l0zoMZqlKkVE2aH0N3oJHewMLPM4dmho3N9ozxU7KKc91xoUiQW5fo3CSxRieuuKsAWq6fsAvwLMTAYQ==;26.08.2025 08:17;Lun Yap? In?aat;Sözle?meli;Merve Akçan;Merve;;Akçan;;Merve@lunmuhendislik.com;0505 936 14 05;Active
45d9c944-87f7-ef11-bae5-000d3ab2ceb1;mNchb9LmP6ozeuFjH1FbOkzqcI/qOAT1BegTwtWBu4Xsiqzt2ha5xAPmy/1/fqAZaGfHGYN3SaGjeSxp/ZAwZQ==;26.08.2025 08:17;Lun Yap? In?aat;Sözle?meli;Betül Erdölek;Betül;;Erdölek;;betul@lunmuhendislik.com;0538 278 26 98;Active
47d9c944-87f7-ef11-bae5-000d3ab2ceb1;J61CyoU7xN0mmfqK9jgTR1UIPaw9Zp9WEZWsa60ndncWCAGXU6R73bnqLwvHl6/4tWSmVcxqN8V3wo1D1efBuQ==;26.08.2025 08:17;Lun Yap? In?aat;Sözle?meli;Fulden Ö?üt;Fulden;;Ö?üt;;fulden@lunmuhendislik.com;0553 515 44 03;Active
49d9c944-87f7-ef11-bae5-000d3ab2ceb1;+WoE2QdUy7eGs5/TSjuzKxWiZTnKpfsf98lOcBAnKSbi5DJkexrDy5EZewOBGS2r7oJCGBLMRWoiH43keiDmIg==;26.08.2025 08:17;Lun Yap? In?aat;Sözle?meli;Gizem Kurt;Gizem;;Kurt;;gizem@lunmuhendislik.com;0535 372 81 40;Active
4bd9c944-87f7-ef11-bae5-000d3ab2ceb1;c2WHcY/4GENHNYI6Mel5ZgAHADgxh7LGIqOIE5Fd/Ya7nsVZmTenQ3+6w5NaSvPjY/u1I9z7vXRcMhERfzMDMA==;22.08.2025 14:26;Dost In?aat;SUB-CANCEL;Cem ÜNLÜ;Cem;;ÜNLÜ;;cemunlu@dostinsaat.com;;Active
4dd9c944-87f7-ef11-bae5-000d3ab2ceb1;xiVbx14ygvfgF8t7y693OqNUn2EXGoyrG4NhXg0gFsJkhOKPKCI9gNxNDiManhBvtnD7ahNKTO0XmMlK6gDxSw==;22.08.2025 14:00;Assan Yap?;SUB-CANCEL;Hayretti?n KELLEC?;Hayretti?n;;KELLEC?;;hayrettin.kelleci@assanyapi.com;;Active
4fd9c944-87f7-ef11-bae5-000d3ab2ceb1;Oscwciz+lbPdIledwI74hwao/DbPjP8Qt2sRF+3qRAcfJo1rIV+Hj1/Jzx7/FXB1YmDQSlwvEKmSemKEVl6Mzw==;22.08.2025 14:00;Assan Yap?;SUB-CANCEL;Volkan ALUMUR;Volkan;;ALUMUR;;volkan.alumur@assangayrimenkul.com;;Active
53d9c944-87f7-ef11-bae5-000d3ab2ceb1;T0Sfl9AvH64CS75vdAoDFYYXW5/6pOU+skdNVcudIrfOS1Nz+Os/BCXAD20JMxUlsRYA5j225CBjeLWiwSeZ5g==;22.08.2025 14:01;Assan Yap?;SUB-CANCEL;Zümrüt ÖRE?E;Zümrüt;;ÖRE?E;;zumrut.orese@kibar.com;;Active
55d9c944-87f7-ef11-bae5-000d3ab2ceb1;SMyRWWK0jYt5PldHMSNxC3ZgGjWNTP/zN2otfDsZusbKGA3Llho+6gZycE06f0zs5E8YwsExqS0dpRp/ltvMSA==;22.08.2025 14:01;Assan Yap?;SUB-CANCEL;Cihan Ersoy;Cihan;;Ersoy;;cihan.ersoy@assanbilisim.com.tr;;Active
57d9c944-87f7-ef11-bae5-000d3ab2ceb1;bvS03Zs007xCsCfFtl5R+uT66kEn13K5anh4RthjvrUn0I883mappFTeFjLv24jH6hREUE1dSACQswwLV/IHDg==;22.08.2025 14:01;Assan Yap?;SUB-CANCEL;Aykut Co?kun;Aykut;;Co?kun;;Aykut.Coskun@assanbilisim.com.tr;;Active
59d9c944-87f7-ef11-bae5-000d3ab2ceb1;3Tbj9hJ1I4I+weAl/oD3jsB/fKdd2k0y/7xNptzxETk4wPW2nQMXd7A5onZ/nFkdpG7wuAnuf37rHsER5OcFGQ==;22.08.2025 14:01;Assan Yap?;SUB-CANCEL;Engin VURAL;Engin;;VURAL;;engin.vural@kibar.com;;Active
5bd9c944-87f7-ef11-bae5-000d3ab2ceb1;dUmHT6n7O3ykEMFkx+YTZ3fDyh81RzoCV5e4K6rMD6tsqDGhkafDWk7NfGl75nIjMK5Qv2kHTq2wAjF71H6PHQ==;22.08.2025 14:01;Assan Yap?;SUB-CANCEL;Salih DEMIRBAS;Salih;;DEMIRBAS;;salih.demirbas@assanyapi.com;;Active
5dd9c944-87f7-ef11-bae5-000d3ab2ceb1;QR7xmJbG6RCoF6HMkppEo8xypcM5+8jKNGoCJj0B4EgGPmCZNtMDDnIiq7JQa1X7kZCEdfBh2rfI9CdKbCzzNw==;22.08.2025 14:01;Assan Yap?;SUB-CANCEL;Gülistan SAKALLI;Gülistan;;SAKALLI;;gulistan.sakalli@assanyapi.com;;Active
5fd9c944-87f7-ef11-bae5-000d3ab2ceb1;iYCy2xoxJ+W3+ZOxDwaSevl8PYr1fOkbrt9RyhAqtOCTP0fM1MDfFRKBSAiRcOj/MA+MoOkUdcE9doXRJOFflQ==;22.08.2025 14:01;Assan Yap?;SUB-CANCEL;Kerem ÜNLÜ;Kerem;;ÜNLÜ;;kerem.unlu@kibar.com;;Active
61d9c944-87f7-ef11-bae5-000d3ab2ceb1;1Ta0WP7qyZzDwtE+l7iC3N8A4vAdY/TGXYtBf3pcnVYEg1kAOCwa+FaTPFdyClkcNIoDCjv98OaY55x0/ghE5Q==;22.08.2025 14:01;Assan Yap?;SUB-CANCEL;Damla AYHAN;Damla;;AYHAN;;damla.ayhan@assanyapi.com;;Active
63d9c944-87f7-ef11-bae5-000d3ab2ceb1;GrvdYz94hHz3FZ6/W+/KDm3YsBq2jqxWqE0e9h90f3O5CgQMAHnHkVn1UMTON5iWYZkFz6kongFRgB2iIv8fyA==;26.08.2025 08:33;Plan & Projektbau Istanbul;Sözle?meli;Veysel K?z?l;Veysel;;K?z?l;;vk@plan-projektbau.de;;Active
65d9c944-87f7-ef11-bae5-000d3ab2ceb1;aKKYUrpW3/T9xS4HLMCdeZZw2IhDS9XKQMqAckJus1i9DKg6qq67w0yeIFWYCpT/K8xcg+KeQm41NJypse45UA==;26.08.2025 08:34;Plan & Projektbau Istanbul;Sözle?meli;Demirel Yasemin;Demirel;;Yasemin;;y.demirel@plan-projektbau.de;;Active
67d9c944-87f7-ef11-bae5-000d3ab2ceb1;2IO0aj8C+4dHZNScp0R6z5OQ+8HYNmbwk3YtaKe5DVhajCtjt+TOFAAI3Uk4MR87BNUcaTEEQ6bdlxHD4JrSTg==;26.08.2025 08:34;Plan & Projektbau Istanbul;Sözle?meli;Furkan Kanl?;Furkan;;Kanl?;;furkankanli07@gmail.com;;Active
69d9c944-87f7-ef11-bae5-000d3ab2ceb1;VVWmaK8OxkxacPs+RZVgMbn9cZtAdFNnoX04lyLMOnBob/3AapSwGTB6P9ei/66Y8NLm4P8d7+cV3kcXJQt8NQ==;26.08.2025 07:44;Fonksiyon Mühendislik;SUB-CANCEL;Cenk Kurtel;Cenk;;Kurtel;;ckurtel@superonline.com;;Active
6bd9c944-87f7-ef11-bae5-000d3ab2ceb1;g4XAqiUjKBwzGSKcbbywdlfF5rzkOEsF2BPaS43c6rAsZvDe8mUdGdtI200bHmrqyMIM2xdLx4n/wQQMAi4D0Q==;22.08.2025 14:25;Doruk Müh. Prefabrik Beton San. Ve Tic.Ltd.?ti.;SUB-CANCEL;Faruk Yan?k;Faruk;;Yan?k;;dorukmuh@dorukmuhendislik.com;;Active
6dd9c944-87f7-ef11-bae5-000d3ab2ceb1;hxYeLt7cEnSAxMySyaGlqVUAqK0zQpImjYL91S6SHNNISiIPKL16crXVezwJDdXLwQ5b0ZBqUPerVffD4J4DAw==;22.08.2025 14:25;Doruk Müh. Prefabrik Beton San. Ve Tic.Ltd.?ti.;SUB-CANCEL;Selviye Özden;Selviye;;Özden;;selviye.ozden@gmail.com;;Active
6fd9c944-87f7-ef11-bae5-000d3ab2ceb1;fp92YFR0aItuV3lwlLrHtsCuB0G705zDDI3lFu2M8AFkCn1uKUeBsyrDxp3A3IyIhPIkqdMsUgFLxyU+6MSSSw==;22.08.2025 14:25;Doruk Müh. Prefabrik Beton San. Ve Tic.Ltd.?ti.;SUB-CANCEL;Mehmet Kaymak;Mehmet;Ali;Kaymak;;mehmetali.kaymak@dorukmuhendislik.com;;Active
75d9c944-87f7-ef11-bae5-000d3ab2ceb1;p+4G7EeZ4WAwwdVR2U3OElFsAbJh4tcxy/WKdZjV0sXip8Haw+foCD0goDj4Z/vioQlJBqraIv+a4zcYSHPOnA==;22.08.2025 14:25;Doruk Müh. Prefabrik Beton San. Ve Tic.Ltd.?ti.;SUB-CANCEL;Serdar Yan?k;Serdar;;Yan?k;;serdar.yanik@dorukmuhendislik.com;;Active
77d9c944-87f7-ef11-bae5-000d3ab2ceb1;VGvLIZBOEuRlA9ejCxTKQp+Cfw1O2wD+G2jQa1z5ZnPV31CAGk+xS2H4kAtYQ396fsvJTbRkRutc+vo3H8pGgg==;26.08.2025 07:36;Ankamim Mimarl?k Mühendislik;SUB-CANCEL;Adem Köse;Adem;;Köse;;iletisim@ankamim.com.tr;;Active
7bd9c944-87f7-ef11-bae5-000d3ab2ceb1;ydyyo9C5UPYrrxMSFXb5ga9A8sOnzlseQjD1vjpd2Ffr3bzRR+NjgRw8O1svcYBt4FIRhMYeOkImasrbXyIGgQ==;25.08.2025 10:58;Edita Engineers Mimarl?k Ve Müh. Ltd. ?ti.;Sözle?meli;Ebru Çetin ?irket Sahibi;Ebru;;Çetin ?irket Sahibi;CEO;info@edita-eng.com;;Active
7fd9c944-87f7-ef11-bae5-000d3ab2ceb1;Sc2OH3aEpcwtZPp0TqIX8jIV9Q5t/q1AiLZ33J9A7ND3hr6YWSB+CSR47qResgiesuG49mGSekjJFTm3yOUrEg==;22.08.2025 14:26;Edita Engineers Mimarl?k Ve Müh. Ltd. ?ti.;Sözle?meli;Gökhan Engin;Gökhan;;Engin;;gokhan.engin@edita-eng.com;0536 399 26 30;Active
81d9c944-87f7-ef11-bae5-000d3ab2ceb1;zzGnQz57uC5F3pmxUNdTbaVAg3bBYwteMj1dvLrXLUgkGaZnIO8+loYglxiudhZ47nHqiMW2YFf3OEnKuGRkdg==;26.08.2025 08:25;Murat Bayrak Engineers;Sözle?meli;Murat Bayrak;Murat;;Bayrak;?irket Sahibi;mbayrak@bayrakeng.com;0542 560 47 22;Active
85d9c944-87f7-ef11-bae5-000d3ab2ceb1;APw4LjjF8wPCB+7fio+lJZRga6XaRRcIF2o29VMS9AmJTIBcFTcUsurT8fdGpMkqc4tkTRdO/FA93MypCEGrNg==;26.08.2025 08:25;Murat Bayrak Engineers;Sözle?meli;Ersin Sevil;Ersin;;Sevil;;ersinsvl@gmail.com;0507 533 64 10;Active
89d9c944-87f7-ef11-bae5-000d3ab2ceb1;yKxXx3NnMuKIeUkYwjBIuVtN8qyPifwfw7196iNoLDZZdpL2kKKYgAcVG/NCa1cUnVfWDD9y/uJfuBzwADE/7g==;26.08.2025 08:23;Mesut O?urlu;V2022 (-);Mesut O?urlu;Mesut;;O?urlu;;mesutogurlu27@gmail.com;;Active
8bd9c944-87f7-ef11-bae5-000d3ab2ceb1;Ky/tKJM851g2sqR9tPZVPY3sjNhEJ80PPyJ4YTQpQsqWQo3tTPZ/2JDWfm2wPPWLsAH5hGo3MKvxPBSCV1gdYw==;26.08.2025 08:06;Kahramanmara? Büyük?ehir Belediyesi;SUB-CANCEL;?ule Kaptano?lu;?ule;;Kaptano?lu;;sulekaptanoglu@kahramanmaras.bel.tr;;Active
8dd9c944-87f7-ef11-bae5-000d3ab2ceb1;GMDamXB0ZK2BtBM9HmzQviuC2higHz5dnFXVGA+2eVfV3hOEkf22Umomhh/0NtQUPMJ36qF6ptH/fK1g68+urw==;22.08.2025 14:11;Blue Projects Proje;Sözle?meli;Bülent Odaba??;Bülent;;Odaba??;;bulent.odabasi@blueprojects.com;;Active
91d9c944-87f7-ef11-bae5-000d3ab2ceb1;1At65RLH/+TuUBPopPu8BECdOzG18+bKoPlU0gwraq6DNtpEksH/x7VAmdGqXnEb2tkvVtZyyNZvLDDJE3zNmA==;22.08.2025 14:11;Blue Projects Proje;Sözle?meli;Ece Demircan;Ece;;Demircan;;ece.demircan@blueprojects.com;;Active
95d9c944-87f7-ef11-bae5-000d3ab2ceb1;kC54wLe7ciDYTMMMM4tNAWMTCm6qAu9zDKjJ8bY2UzP6GgBeFyphSm24IZkUGodh9r2LfTN9SuBw+ed3dBMWcQ==;26.08.2025 07:53;Gizil Enerji Türkiye;SUB-CANCEL;Serdar Do?angüne?;Serdar;;Do?angüne?;;serdardogangunes@gizilenerji.com.tr;;Active
97d9c944-87f7-ef11-bae5-000d3ab2ceb1;126zWtlePov5G4cr+Sxr2itMd9HTgEjhX8QXO33LH7gG8xy3KGGuVqc2l+zGXFIxFsY4VrhbS/ISzf4xBBhH+Q==;26.08.2025 07:53;Gizil Enerji Türkiye;SUB-CANCEL;Eda Özkan;Eda;;Özkan;;edaozkan@gizilenerji.com.tr;;Active
9bd9c944-87f7-ef11-bae5-000d3ab2ceb1;8Bxhx0nhEsWsbIyZUKlewZKNkc+gVzHepyyPH+bfHXjLeK76A6jSnsgcSGvBVgFwoPFzHBlMdY71K67dVRDzfg==;26.08.2025 07:53;Gizil Enerji Türkiye;SUB-CANCEL;Zekai Sevgili;Zekai;;Sevgili;;zekaisevgili@gizilenerji.com.tr;;Active
9fd9c944-87f7-ef11-bae5-000d3ab2ceb1;06YKUgZg4jTrFZIiBt3nAgW41Zf6xyu7T/etT9I8Xj1OSc6ubtiqQqfnJ1ls+3CrzkJWdVs+zfMdSBN3t7s8SA==;26.08.2025 07:53;Gizil Enerji Türkiye;SUB-CANCEL;?brahim Can;?brahim;;Can;;canbeziklioglu@gizilenerji.com.tr;;Active
a1d9c944-87f7-ef11-bae5-000d3ab2ceb1;NsWetrptcKow60rVhl7b8NqVvVyLwpOevrimLrpBsr+hBsjjWx2VknNV9+FAieeJf1PKVhgNX8xpRJteHHYSMA==;26.08.2025 07:53;Gizil Enerji Türkiye;SUB-CANCEL;Nilüfer Temel;Nilüfer;Temel;Temel;;nilufertemel@gizilenerji.com.tr;;Active
e5d9c944-87f7-ef11-bae5-000d3ab2ceb1;T2iz6WmWGZfDEOWlvOYSSsc5WUgdyqVTR2BoH/pxR1d/pt6bDfANbvhB5kwLznENKo10NPJTGuhKHri5VIo6VA==;26.08.2025 08:30;Orion A??r Çelik Yap? Müh. In?aat San. Ve Tic. Ltdi ?ti.;Sözle?meli;Tolga Yazan;Tolga;;Yazan;?irket Sahibi;tyazan@orionmuhendislik.com;0542 243 30 99;Active
e7d9c944-87f7-ef11-bae5-000d3ab2ceb1;fPFNxiGZy8Fzf40f2S+g8bQyBtYuUI4nu5FwLHQNmkwIXSeIAYqVbWsNQp1R7BqMMdaANoiHHqhfqOLfu4gcdg==;26.08.2025 08:30;Orion A??r Çelik Yap? Müh. In?aat San. Ve Tic. Ltdi ?ti.;Sözle?meli;;;;;;hnpproje@gmail.com;;Active
e9d9c944-87f7-ef11-bae5-000d3ab2ceb1;+RtPbRiigP9VHhYH8sx/tvQAz7T1z111FWb3CR4fSB/qEydkQvMZm2Z1KAnHkZcrgGyg8O/Yyh3ynCEmZBBDfg==;26.08.2025 08:30;Orion A??r Çelik Yap? Müh. In?aat San. Ve Tic. Ltdi ?ti.;Sözle?meli;Hüdai Kaya;Hüdai;;Kaya;;hkaya@orionmuhendislik.com;;Active
ebd9c944-87f7-ef11-bae5-000d3ab2ceb1;JFuUoBbbU3VM+DZgeoVgjXiE4jOqytkwdIWee8rVy0+4Ojw5eLQxOmnX2aksZYUdhD7QEC8V6ADGDPHIbwL3HQ==;26.08.2025 08:30;Orion A??r Çelik Yap? Müh. In?aat San. Ve Tic. Ltdi ?ti.;Sözle?meli;Sebahattin D?NÇ;Sebahattin;;D?NÇ;;sdinc@orionmuhendislik.com;;Active
edd9c944-87f7-ef11-bae5-000d3ab2ceb1;LcNuXnpYjw7g2oTfb4cQ8tClZfJY7lVyZZj1oWZPLMsJ12Y3OZE5lbaO6YETAvcG1piuBFHl6YWOW7DzK2+bSQ==;25.08.2025 07:53;Alpkon Yap? Tasar?m;V2022 (-);Ahmet ?ahin;Ahmet;Kutay;?ahin;;asahin@alpkonproje.com.tr;;Active
f1d9c944-87f7-ef11-bae5-000d3ab2ceb1;CKypA3IjjD0yxp1P7zoq95ENo1vVRPgXrRW8KtrGEfv5TefA7OzT1Ebwgr72Q01X+qHlhZK3+Uy7SXtNeaJntw==;26.08.2025 07:44;Fab Teknik;Sözle?meli;Faruk Kibar;Faruk;;Kibar;;info@fabteknik.com;0554 948 11 34;Active
f3d9c944-87f7-ef11-bae5-000d3ab2ceb1;SypfWNEXeQ77LiBWpkjY4utteU/Gxt5Et3jHWreGBAL5cexsqImZcgGq1jnSjcElQca9wvR7pA80okE3sTiqTw==;26.08.2025 07:44;Ferhan Zana Çoban;SUB-CANCEL;Ferhan Çoban;Ferhan;Zana;Çoban;;ferhanzanacoban@gmail.com;;Active
fdd9c944-87f7-ef11-bae5-000d3ab2ceb1;LvA0NQXle1iwbniZzQPv70l6lx9X13N1sAugi0QLQ5v4t3Cj3TpW9HAhGuFiTQNFt2a74Dw+YzW8iBl69Kz7Cg==;13.07.2025 21:48;XYZ Demo Company;Potansiyel;Meriç Dinekli;Meriç;;Dinekli;;meric@aluplan.com.tr;;Active
ffd9c944-87f7-ef11-bae5-000d3ab2ceb1;w0LF6d0dtYsc2z5d2z6cqImLXGbpGGhcf7r8cfTosnevaiK1wzIkwtTidMYqfapBjQHBFI7KefWFlVwrbjrRAA==;26.08.2025 07:43;Ete Beton;Sözle?meli;KASIM ELCENABI;KASIM;;ELCENABI;;k.elcenabi@gmail.com;;Active
01dac944-87f7-ef11-bae5-000d3ab2ceb1;7hDMYldn3CtpfSp8bnVZiM2Jp0LFsbLpUMwplaVe5Hvlg/lEkER8NFE/4pZwke8aB+PEZVxhiB1t+bISTVjDgQ==;26.08.2025 07:43;Ete Beton;Sözle?meli;Ali Ete;Ali;;Ete;?irket Sahibi;ali.ete@etebeton.com.tr;0533 730 03 41;Active
03dac944-87f7-ef11-bae5-000d3ab2ceb1;nDVah5oovMubeqVDrNRvsWiNAr1mG1Nmk0sPUlrn38pk7WRBeUUml0Ytq4ByBMMGOEFsElHdvDzqsFjFIgMPpA==;26.08.2025 07:43;Ete Beton;Sözle?meli;Abdullah Ete;Abdullah;;Ete;?irket Sahibi;abdullah.ete@etebeton.com.tr;0530 653 21 04;Active
05dac944-87f7-ef11-bae5-000d3ab2ceb1;yCJM3uQwVHjjCep9/bAp5PvD4sqaibnevJ1LGxUNGXiR1lVUcHudXOtb2v01zNS06LeEUJb6dAtSY6/WU7vUfw==;26.08.2025 07:43;Ete Beton;Sözle?meli;Muhasebe;Muhasebe;;;;muhasebe@etebeton.com.tr;;Active
07dac944-87f7-ef11-bae5-000d3ab2ceb1;di9bJsfWQpRDDN9V4B2qrRxyFWBzX0LAxGir1KS76P7f3mpub/EmAlZsbPLa3Mje9P5or+Vf0svlV3xC9Rwbrg==;26.08.2025 07:43;Ete Beton;Sözle?meli;Sat?? Ete Beton;Sat??;Sat?? | Ete Beton;Ete Beton;;teknik@etebeton.com.tr;;Active
09dac944-87f7-ef11-bae5-000d3ab2ceb1;zoN0BHcgm/kGplGrTD3l5/WUbs+IyXVpID1nBqOFjLgwdVbu8LQx0+2XMJF6F+Baw+frItpiAGC7sHEr1oKSUQ==;26.08.2025 07:43;Ete Beton;Sözle?meli;;;;;;info@etebeton.com.tr;;Active
0bdac944-87f7-ef11-bae5-000d3ab2ceb1;F6/xxqbUo41wVIdOHa23SRnexYmas+7Phmg7KI7oAjE/eGPmQJ1fkAGTpm6pakV0iSMa5ympdH+eWxg8/HPeIA==;19.01.2026 08:59;Akat Prefabrik;Sözle?meli;Cans?n Genc;Cans?n;;Genc;;cgenc@akat.com.tr;0535 895 75 39;Active
0ddac944-87f7-ef11-bae5-000d3ab2ceb1;dcDr8SEW0CF4rvsUSPm9/IdWsJYuMEFq2jIJ4swUP9ud26yP/DKrSwM0FWmNLFQmAYb94LPU0jQlx9CfrMGeIg==;22.08.2025 13:11;Akat Prefabrik;Sözle?meli;Berkay Özdemir;Berkay;;Özdemir;;bozdemir@akat.com.tr;0534 511 29 84;Active
0fdac944-87f7-ef11-bae5-000d3ab2ceb1;dx6bH3BP8qxNJ0NqNIJrsqBT92QE3X61AFHRC6O/gana5Iy9q5O/hJ8IEXRTcEgQiy7uSnOBBr4yNy6BK7EOXA==;22.08.2025 13:11;Akat Prefabrik;Sözle?meli;Erol Ar;Erol;;Ar;;ear@akat.com.tr;;Active
11dac944-87f7-ef11-bae5-000d3ab2ceb1;0uxGXmnob4bVkwwjdEraspn4wbGkw3oJB/ZRD1EpgUihMuJIHk1LsOBX6E3IO00aQy+GVjk8ivOgDmlxtChZHQ==;22.08.2025 13:11;Akat Prefabrik;Sözle?meli;Efkan Guney;Efkan;;Guney;;eguney@akat.com.tr;0539 723 78 79;Active
13dac944-87f7-ef11-bae5-000d3ab2ceb1;pvYNumgPXmaC6F4QRQg8s02z8QSTkjV+qAC3iXPBHayhs7CcwBjwgl6HseB/LORArjbL2u+FFLOdViyugmz3Xw==;22.08.2025 13:11;Akat Prefabrik;Sözle?meli;Ufuk Kara;Ufuk;;Kara;;ukara@akat.com.tr;0546 461 74 80;Active
15dac944-87f7-ef11-bae5-000d3ab2ceb1;fqAcgxHH8Tjgwzf2BtBqspYboKuW8dsJxl8lHxK4VUK1tOhsgD0AGq9syZ1cpq3bHdKx3BfZCwCDlcbhabzKTw==;22.08.2025 13:11;Akat Prefabrik;Sözle?meli;Caner Balc?;Caner;;Balc?;;cbalci@akat.com.tr;;Active
17dac944-87f7-ef11-bae5-000d3ab2ceb1;sCS1vQa/kQpYrdfDtCPZhmVjRVIygdIvaKenvd3+f9LM2r9/H/lTNPZYVf4F5u0ifE9yGR6NRhznf4GwWK6HBQ==;22.08.2025 13:12;Akat Prefabrik;Sözle?meli;?smail Furkan Atak;?smail Furkan;Furkan;Atak;;i.furkanatak@gmail.com;;Active
19dac944-87f7-ef11-bae5-000d3ab2ceb1;cgfKxVQVeFoSEMbvjWdTBeSBWqsHkpyQD+/12yi11mavbPj3dPuIt/mIS09SJXB5YdYf1wCXcm/vMrcyGHsrYQ==;22.08.2025 14:12;Bozak Y?ld?z Yap? In?aat;Sözle?meli;Emrecan Bozokalfa;Emrecan;;Bozokalfa;?irket Sahibi;emrecanbozokalfa@gmail.com;;Active
1bdac944-87f7-ef11-bae5-000d3ab2ceb1;ezXbKcT6r8Iw+Dtn1jaAgFgcfy+8zJttxsGI1yTq7OXCZ2ibEjXf4/sI2+1OM5XkpV0ddL/K+hPOwJg8qHI1QQ==;26.08.2025 07:37;At?? Yap?;Sözle?meli;Mutlu Bekmezci;Mutlu;;Bekmezci;;mutlubekmezci06@gmail.com;;Active
1ddac944-87f7-ef11-bae5-000d3ab2ceb1;uBDNla8aw5Pd99e/Mu4mssR3SCkJBG0VXoteRRcKyyXMyWNTvCsiqgEn2uUcs2WLSoSdf6vpygsqunmG2+Uegg==;22.08.2025 14:02;At?? Yap?;SUB-CANCEL;?brahim Vardar;?brahim;;Vardar;;mbekmezci@atisyapi.com.tr;;Active
21dac944-87f7-ef11-bae5-000d3ab2ceb1;0PRpm/3xDMfJ/ZP3zw+SkwdSTzNH/bZl85wn7Bb9oWqlsklsoLLTw9HPSYIpJXd96enfhPzbRlXn7JkDmmYplg==;26.08.2025 07:44;Feridun Demir;Sözle?meli;Feridun Demir;Feridun;;Demir;?irket Sahibi;hikmetferidundemir@gmail.com;;Active
23dac944-87f7-ef11-bae5-000d3ab2ceb1;ccNEURpXDriHv+bivIJ4wHdgUXtGhb550LvbH6pxfO55pDTvK/J1rsbWN3oieybRFejSH7fAitAxKhjdLRVWug==;26.08.2025 07:38;Dolsar Mühendislik A.?.;Sözle?meli;Sat?n Alma;Sat?n;;Alma;IT Manager;it@dolsar.com.tr;;Active
25dac944-87f7-ef11-bae5-000d3ab2ceb1;RRkqtZDFGRPXLoZ7XI+WUrrgKBdhEOXFOvMLSxXzq5HuTfWQDAd8LQ+wZ2CK+1tWfU93SmdWUJCEUWtpR9FXMg==;22.08.2025 13:13;Ak-Pres Metal;Sözle?meli;Behiç Demir;Behiç;;Demir;Sat?n Alma;Behic.Demir@akpres.com.tr;0533 144 71 23;Active
27dac944-87f7-ef11-bae5-000d3ab2ceb1;PWE9LcbpY+axW9GUu3kZGpsVvjMlYQ8Hzgsfvj3qku3ekBDbdISYIh74UrmOVp85W3DGBLMkbci57ZAOwSmgJQ==;17.11.2025 12:23;Ak-Pres Metal;Sözle?meli;Murat Tabaklar;Murat;;Tabaklar;;murat.tabaklar@kucukoglu.com.tr;0530 665 70 41;Active
29dac944-87f7-ef11-bae5-000d3ab2ceb1;TMNjk/MRKzarTDsiPM4GAdGHJHLE4ueq04q1fq8umFaYVJ35M2JrcIAwaNrCrt4uNKLEy91P5P0UM25b/SICOw==;30.01.2026 08:49;Ak-Pres Metal;Sözle?meli;Emrah Eyübo?lu;Emrah;;Eyübo?lu;;EEyuboglu@toksanotomotiv.com;;Active
2bdac944-87f7-ef11-bae5-000d3ab2ceb1;Rb2/kAH5idpC5pxR96Oip+n7ol70Hj/xYda4d9UWXrvGD2etZ1FUaypeKTk10JdSwLz26OMrLQPPBiZM5Tqwnw==;26.08.2025 08:39;Sepa Mühendislik;Sözle?meli;Murat Demirhan;Murat;;Demirhan;;demirhan@sepaproje.com;0533 325 86 92;Active
2fdac944-87f7-ef11-bae5-000d3ab2ceb1;W56TIoOlNctPePp52SUDuPkNC4UC8hWu5sFuzE/1QdDYNh89i7kw497O9ES3NpmhQDTXIJYegkqJBBpFUnTjXA==;26.08.2025 08:39;Sepa Mühendislik;Sözle?meli;Mustafa Balc?;Mustafa;;Balc?;;mustafabbalci@gmail.com;0530 553 40 60;Active
35dac944-87f7-ef11-bae5-000d3ab2ceb1;xKPCtesw1Uw+OOQsAGSbdkEM8lbDoDmgI3rPqLcqI6QvVPi6YvloOTreK1EqAd5oJ/ApJCzSw/lQqoW4nxOMlQ==;26.08.2025 08:39;Sepa Mühendislik;Sözle?meli;?smail Cem;?smail;;Cem;;ismcemk@hotmail.com;0543 209 96 07;Active
39dac944-87f7-ef11-bae5-000d3ab2ceb1;fGiR0Vs6mVnhKmpTtaXyFPiDlzeNMbjn+yFH+BSBqrqZk4kbr3PWCqlhpXTBV9tY9zrsrLe9RWeG4UyM2Xk62g==;26.08.2025 08:39;Sepa Mühendislik;Sözle?meli;?eyda Gül Erciyas;?eyda Gül;;Erciyas;;seygulozdemir@gmail.com;0507 563 05 21;Active
3bdac944-87f7-ef11-bae5-000d3ab2ceb1;G3i7lE11rr6nK5ouJf41LyNO++bkbopPlR8tAv1L6GjdBZS+y+jOQYlopSJIbnL8W9dF/SrxvbiVGkgR6KiCEQ==;26.08.2025 08:39;Sepa Mühendislik;Sözle?meli;Mustafa Ertürk;Mustafa;;Ertürk;;asdfmaco@gmail.com;;Active
3fdac944-87f7-ef11-bae5-000d3ab2ceb1;38BvAS5UhXyr006atLIKb/e/+aXLn8txYaoUEp+vut2hrxoB8Kott2EkXI+f2/cH91fIPr2OQt92xoRG4GYifg==;26.08.2025 08:39;Sepa Mühendislik;Sözle?meli;Aysel ?ncekoca;Aysel;;?ncekoca;;ayselincekoca@gmail.com;;Active
41dac944-87f7-ef11-bae5-000d3ab2ceb1;onIa/kumlsJUob+Y/bQhMutAKHooApDISgFDk0c6NSk00hNXI7lt2aKZkEN82XhSMN3xX7kYxuRvtJVhxtbfOQ==;26.08.2025 08:40;Sepa Mühendislik;Sözle?meli;Onur K?dak;Onur;;K?dak;;onur2206@gmail.com;;Active
43dac944-87f7-ef11-bae5-000d3ab2ceb1;RdWgIFAbBjbQXYkwvdpCKwJN55Op+e4hjF6PjgYC/fj2+uNiWC5xbU7ePFj22haeN5FLJMRUYJYGcbTKAMha7Q==;26.08.2025 08:40;Sepa Mühendislik;Sözle?meli;Sezen K?dak;Sezen;;K?dak;;sezencan01@gmail.com;;Active
45dac944-87f7-ef11-bae5-000d3ab2ceb1;dgSqgTK7UKR2s6ZvezQ7JgM04tXcRjm4PwQ6a+JeFxU5EwxBXQHskAtFCgvWqEoCHhYZRoz9m5pTbM3HSfJjIg==;26.08.2025 08:40;Sepa Mühendislik;Sözle?meli;Berivan Akyürek;Berivan;K?lavuz;Akyürek;;berivan.kilavuz@gmail.com;;Active
47dac944-87f7-ef11-bae5-000d3ab2ceb1;ROV2lugnzbnI9D0dHKYC92KzTcKZJWFmNi/67UBAVxgsCZGrl1i9RIZo1TkgKoNhZhCgrP55Ee172TIhl/QHqw==;26.08.2025 08:40;Sepa Mühendislik;Sözle?meli;Aybala Say?n;Aybala;;Say?n;;aybalasayin@gmail.com;;Active
49dac944-87f7-ef11-bae5-000d3ab2ceb1;TTqsdkqgrfz8ffkkCTAbhPba5TIQM8pZ/BcW1ovzmr54S/NTgTNWo0LPc2qUOVIUVLSafqT0I/n7IMEtecyVag==;26.08.2025 08:41;Sigma Mühendislik Hizmetleri;SUB-CANCEL;?brahim Sa?lam;?brahim;;Sa?lam;;ibrahimsaglam@sigmamuhendislik.com.tr;;Active
4bdac944-87f7-ef11-bae5-000d3ab2ceb1;brVGKvBm0eO7OK+MrjiNmiF716Hr+FdIuv4i86TZYXUct9UaG9gwqRa3vCYhOdbypcZf+Ugdt33lB5p8HzzRDQ==;26.08.2025 08:41;Sigma Mühendislik Hizmetleri;SUB-CANCEL;Erdo?an Arslan;Erdo?an;;Arslan;;erdoganarslan@sigmamuhendislik.com.tr;;Active
4ddac944-87f7-ef11-bae5-000d3ab2ceb1;ACdYASexEkQJEomdfBvVNyHfUQ8KZn1lX0UOJlDnm0C5whIscYUwKJl9M2ng+0CWzQncL+OLR9sUeCWZ1ltHWA==;22.08.2025 14:08;Bek-Ay Mimarl?k;SUB-CANCEL;Sergen Görken;Sergen;;Görken;;Sergengrknn@gmail.com;;Active
51dac944-87f7-ef11-bae5-000d3ab2ceb1;GWLS5Oaqe27H94EJxoZdi2F5kgcBD8xjgQzDFSJ9Ju+1tYkEpHLLsPLesUYMiyYCLskuD/8+rXgBs0MI9we2Ug==;26.08.2025 08:19;Mega Mühendislik;Sözle?meli;Kamil Ergüner;Kamil;;Ergüner;?n?aat Mühendisi;kamil@megamuhendislik.com.tr;0536 478 94 50;Active
53dac944-87f7-ef11-bae5-000d3ab2ceb1;+ldxe6keK1r8gTkrNjzAEKaF2pdBuxcv9w0WCUQUxZO8T4DwmwccJ5LN5kNmfCHpt7mOxd5tHe5YVJ154kkp7A==;26.08.2025 08:16;Lava Mühendislik;SUB-CANCEL;Ça?lar Kerimo?lu;Ça?lar;;Kerimo?lu;;caglar@lava.com.tr;;Active
55dac944-87f7-ef11-bae5-000d3ab2ceb1;fCa/MjJsBnTNReI5hckw7wNgWsYxnkmfk5p0PPRY4W6/gw6xLoF6KbApYCzbl5Xs398ggAcRQwYl0js2NyBS5A==;26.08.2025 08:17;Makyol In?aat;Sözle?meli;Kubilay Y?lmaz;Kubilay;;Y?lmaz;IT Manager;kubilayyilmaz@makyol.com.tr;+40 733 675 669;Active
57dac944-87f7-ef11-bae5-000d3ab2ceb1;aImgmh0kkVwhLc88OIeZm1wLlXdZG6rqJDHXxQYtemoBSAmCw71zCZ8sPrg601uvHYhFF5SisrlZDyGTIGjg3Q==;26.08.2025 08:17;Makyol In?aat;Sözle?meli;?eyda Orak;?eyda;Barut;Orak;;seydabarut@makyol.com.tr;0538 379 34 03;Active
5ddac944-87f7-ef11-bae5-000d3ab2ceb1;t+86zLXGMrA9h/6tl/y0PW+JBq17d9mubpShXkxMh0OdVcO/+pJVRZc9+2H670wZT4N5ZWbZBMXqvH0/rEvXnQ==;26.08.2025 08:28;Öner Grup Yap? ?n?. San. ve Tic. A.?.;SUB-CANCEL;Merve Kurumahmut;Merve;;Kurumahmut;Sat?n Alma;satinalma@oneryapi.com.tr;0532 337 52 11;Active
61dac944-87f7-ef11-bae5-000d3ab2ceb1;mla9mGvK7vlv5sawxAlH3UOJOaahJPAnW+w+yxfLt+dYSdZkL+zMx31UZfFVour1Q/lRXs94UZO5CDB2B8sIbw==;22.08.2025 13:05;62 Asteechan LLC;Sözle?meli;Arghavan Azadi;Arghavan;;Azadi;;arghavan.azadi@62a.am;+374 43 471 181;Active
63dac944-87f7-ef11-bae5-000d3ab2ceb1;5WtcAF/os//MKC1Jse9MiAQDqxt9WSwypiMGaqGnWcNNdmiwmVh+2QhTuzHJ2IzStH88ZCqrMb7OWF4a3u/HDg==;22.08.2025 14:17;Ça?lar Çölgeçen Arkista Mimarl?k Ve Tasar?m Ofisi;Sözle?meli;Ça?lar Çölgeçen;Ça?lar;;Çölgeçen;;caglarcolgecen@gmail.com;0506 479 53 22;Active
65dac944-87f7-ef11-bae5-000d3ab2ceb1;R2XzQNMJ8oeVDPgjX7fXJ5B+N70bhKinMTAsfGWZ8w7Z0z1DH/bBYE1M3S8RynU+ZGaknaJdEvRZxeZh0J2vOA==;16.12.2025 13:04;AKZ Mühendislik;Sözle?meli;Mehmet Ersin Akyüz;Mehmet Ersin;;Akyüz;;akz-proje@hotmail.com;0554 590 06 94;Active
afdac944-87f7-ef11-bae5-000d3ab2ceb1;eCFrM1MBxA4aJM9NuWzV7S+Z9bcboG4BUV+yf9JgzuxyXLVLiPLcUMN2+tZJfOoaBey5GDtq0b3FrdV0v7FXCQ==;26.08.2025 08:35;?anl?ar Mimarl?k;Sözle?meli;;;;;;;;Active
c7dac944-87f7-ef11-bae5-000d3ab2ceb1;/oupxlz8x48uAx9TOsOt9Z86J+lvHGg3g3pAOZCNjtsfIcktLNhINczKuaKGjhHGXa50uZFBDxO9OG2DmknRlQ==;26.08.2025 07:38;EFK Mühendislik;Sözle?meli;?smail Öztürk;?smail;;Öztürk;?irket Sahibi;ismailozturk@efkmuhendislik.com;;Active
cbdac944-87f7-ef11-bae5-000d3ab2ceb1;edlYwLokJTHTIY5guN6tauhEChxyNj869SUsTYk+c8Y9Qnf37u0ksyF32TkiOREQCJZa4kcumwsCJE1rPqTCYQ==;13.07.2025 15:26;Promer Müsavirlik Mühendislik Ltd. Sti;V2023 (+);Yavuz Erda??;Yavuz;;Erda??;Bilgi ??lem;yerdagi@promerengineering.com.tr;0530 171 06 62;Active
f61133a8-f72f-f011-8c4d-000d3ab34a2d;UJorXyCqXPDCkSL+lEQJi8R2TfSwhfauzpMXZDOnGwzjZXvrmv+HSN1160CESGm/aavqlUff4Me+M9cFfPIM5Q==;25.08.2025 10:41;Kam Ankara Beton Sanayi A.?.;V2023 (+);R?za Panahi;R?za;;Panahi;Genel Müdür;rizapanahi@kam.com.tr;0533 730 06 55;Active
ee5355bc-2d3d-f011-8779-000d3ab90f48;Oz1ba8nz87yVasc5u1eDbvIT3IhJB2KomvGv1rSSWTINKWrbA/wMR+VLcWO/VYkVnbDTcPjfDI1DgxJeMpqXmQ==;26.08.2025 07:43;ESM Proje In?aat Taah.Tic.Ltd.?ti.;Sözle?meli;Ekrem Sezen;Ekrem;;Sezen;License Admin;ekremsezen@gmail.com;0532 612 43 54;Active
c5a39628-2e3d-f011-8779-000d3ab90f48;TxprHXCI+Iib1kRWcNjOEgcR+jYVYrmRgz/cGomrruvwDuklR/QSkBKqNK1DNMcxHTxHE90VZkn2iuFBgwThAw==;25.08.2025 09:25;ESM Proje In?aat Taah.Tic.Ltd.?ti.;Sözle?meli;Yasemin Gümü?;Yasemin;;Gümü?;;yasemin.gumus@esmproje.com;0535 207 74 23;Active
72263f89-2e3d-f011-8779-000d3ab90f48;6jQl+MzNIXPb+knm+MayvDiakzWlA/rTimDL0z3ra1mOswE3ELV7r5t4cymmmbylttkYX9qvo180rQpH/ODSAQ==;25.08.2025 09:25;ESM Proje In?aat Taah.Tic.Ltd.?ti.;Sözle?meli;Sanem Kayal?;Sanem;;Kayal?;;sanem.kayali@esmproje.com;;Active
fa50dc98-73c4-f011-8544-000d3aba65a2;qw7EG+vtmkJDCF6IxAehGK7NCGTJkspAKJBksAbdKKzknrZDWftqiJZLoVBbYyOeEKVsCrZdHLFAmqt8Duq5tA==;18.11.2025 11:42;ACR Taahhüt ?n?aat San. ve Tic. Ltd.;V2022 (-);Ramazan Demirta?;Ramazan;;Demirta?;;Acrtaahhut@gmx.net;;Active
17907de6-e699-f011-bbd3-000d3aba65a2;DnoUibDJWwtmwq71J94CHLDp20YeHQSYPzbpFKS3gekOzkRohctW+K/nPL0DX/IdUz4TfN6g0ntXXsTa9hS5SQ==;25.09.2025 08:09;;;Vikash Kumar (MINDTREE LIMITED);Vikash;;Kumar (MINDTREE LIMITED);;v-kuvikash@microsoft.com;;Active
1ab9e93b-e2a4-f011-bbd3-000d3aba65a2;MyRS9szL8RPa5A8Z7JS6n/+PJHjaXYNHZ1O8Js50ngfhWOHqP2J/8F7ivCKOEOaC1pEGsWNyAin02IDd7xRMkA==;9.10.2025 07:36;Stas Mühendislik;V2022 (-);Elif Savc?;Elif;;Savc?;;;;Active
a6799e3c-3983-f011-b4cb-000d3addb898;1Mdd9XkawVzStr+r42CVihsCkZu2c13wcuXP1PfLhBjizMWYGkTdod/itA00/SApueZg0iXAkWdR6H7SpXBM5g==;27.08.2025 11:31;Türk Ytong;;Eray Çelik;Eray;;Çelik;IT Manager;;0531 874 74 59;Active
3b447fc9-08d4-f011-8543-000d3adf915e;6v37pF/RwtxYyev2IKbkH1fnXUTYOvxE8GpM0YuKSXYyiomh/vWlKucXu/cvuoeTscjJzzmkNcp/hldzJ1skQg==;8.12.2025 07:49;Elit Prefabrike Beton In?aat;V2022 (-);Sunay Dramer;Sunay;;Dramer;;sunay@elitprefabrike.com;0532 667 74 66;Active
327d1229-5ed7-f011-8406-000d3adf9bc5;RMzX0uJjyxIkHcFNCz+mWbI5A73BHOMdN1rn8IwsnHI2lSF47wuYUD7/PhW47cjl/6GwxWhufjAQdtk6KlxJjA==;12.12.2025 13:26;Sedat Okutan;;Sedat Okutan;Sedat;;Okutan;?irket Sahibi;io@okutan.eu;;Active
6c2a5c11-3a78-f011-b4cb-002248a2abfb;7dOk3ZVikjtp6D11xcq0Z9O9nOT9kjzHKoP9NCAHKLn4Aprc9AP11LRsEX8rIeH1+uqQaZhL6EoP60P8FC70kw==;26.08.2025 07:43;Ete Beton;Sözle?meli;Ahmet Faruk Ete;Ahmet Faruk;;Ete;Tek Yetkili ?irket Sahibi;ahmetfarukete@etebeton.com.tr;;Active
ee71d180-4678-f011-b4cb-002248a2abfb;8nyYUz2+1LQurH0qp0FjQnbjERVBe2LYaED9WVY8mmExEx8fe+agxdHajvIRH5pjjNipDa73FULvIpjiZHadKQ==;26.08.2025 07:52;Geli?im Müh. ?n?. Mad.;Sözle?meli;?lhan Kuru;?lhan;;Kuru;;gnr.ankara@gmail.com;0532 136 87 90;Active
1deed73c-dce0-f011-8406-002248a34ffa;dUXM2xH5NSE6gIQpKD2QF12XnNX8ZNN2FCkOQG5jBJ1eSGk5PCH1awok+zH1djNf70pv/7kidsY3hfhBUnHnUA==;20.01.2026 08:28;Beta? Beton ve Prefabrike;;Selahattin ÇALI?KAN;Selahattin;;ÇALI?KAN;?n?aat Mühendisi;selahattin.caliskan@betasyapi.com;0533 158 62 95;Active
dc7c9987-dce0-f011-8406-002248a34ffa;jh7cMAG3Mpo0yIs0Mb/Udne5yHCOiQWxHuhcJrHsnJZIX2msPvX14EhHEuiU/QHSVtWxp3yia/JMigtuAgbB9w==;24.12.2025 15:23;Beta? Beton ve Prefabrike;;Eren Ka?an KATIRCI;Eren;;Ka?an KATIRCI;?n?aat Mühendis;erenkagankatirci@gmail.com;;Active
2ccc56da-bfe7-f011-8406-002248a34ffa;Enn5ujtA8GJggQ4LBkvc1+6rG/3AwVX9i2p7gv2dw77QwhIWa4PPn11WHsDi7/XYORJ6dQkvq2u+Zcu88F+mOA==;2.01.2026 09:48;Promer Müsavirlik Mühendislik Ltd. Sti;;Meryem Özdemir;Meryem;;Özdemir;Muhasebe;mozdemir@promerengineering.com.tr;0530 821 43 47;Active
fca3c7b8-aceb-f011-8406-002248a34ffa;S/EU7fDvZb6nak8/Lfh3aDa06i63m8lk2izeC2MNxYUCczO8RcSMEFc5b5Oi9eGKna8stgACNmq33iII+u0qmw==;7.01.2026 09:39;TÜ?K;;?engu?l Akyol Söyler;?engu?l;;Akyol Söyler;Mimar;sengulakyolsoyler@gmail.com;;Active
c912993d-7cf7-f011-8406-002248a34ffa;NdyJ4THAfaytcXF8ubbLJD4OGkSoa+N/AYCqayZ/eG0RW8Kz0hQ+tqiXQ4u7nBb/ou9Fd3Fv2sPnJlqYZyKCYQ==;22.01.2026 10:22;Proyap? Mühendislik;;Nurhan Küçükate?;Nurhan;;Küçükate?;Muhasebe;nurhankucukates@proyapi.com;0549 287 46 65;Active
cda00d10-379d-f011-bbd3-6045bdde716d;gmAkfLR6mAwlZt03QEZCSXKzDZdtbIDekTmsTdXMBl2t7Pu5JP6wiaFFnnCf5XWFOYzPzi33Zag04/04pP4V8w==;29.09.2025 13:20;Proyap? Mühendislik;;Emre Ayd?ner;Emre;;Ayd?ner;Bilgi ??lem;emreaydiner@proyapi.com;0544 270 03 86;Active
e850f934-379d-f011-bbd3-6045bdde716d;FfNLx2puQzeoJIpWoTfD1zAPCTDh7O+n3AZghN2bWob6WESBom9KaW3LRJM4r8pRLtpfOZAUN7mxp4zoZM9HHQ==;29.09.2025 13:21;Proyap? Mühendislik;;Burak Koru;Burak;;Koru;?irket Sahibi;burakkoru@proyapi.com;0549 296 10 72;Active
37190b65-379d-f011-bbd3-6045bdde716d;aQFh6h4nH48mWnXLt7aXuKj6iTY42q5iQnh+dCnGoHMVJnXY2s7SsNBC7RGE68UAfiIHvBpNnfSB+tMdtyIW7w==;30.09.2025 16:15;Proyap? Mühendislik;;Burak Y?lmaz;Burak;;Y?lmaz;Finans ?efi;burakyilmaz@proyapi.com;0534 693 67 00;Active
f6d65ecb-90ad-f011-bbd3-6045bdde716d;4nKy6btgHWhviJ0H3SR77PxYlyxWr88NexqL3/Nq3v2Q7nDmIbonh+NuIpapgNdnzL4eXTgixsdEwJWqfWE7ng==;20.10.2025 08:43;Makyol In?aat;;Tunahan Demir;Tunahan;;Demir;IT Support Specialist;tunahandemir@makyol.com.tr;+90 534 626 27 70;Active
71b45452-bd3b-f011-8779-6045bde05049;eezGOgkNzmSzf7cobQ9pf2bm6x6OxeYtH6jhh9MgV/JejYhf4fKNhjbtxP7ikwLXWdYFcz+VA5tQyMhz5PqMEQ==;26.08.2025 08:03;Iskenderun Demir ve Çelik A.?.;SUB-CANCEL;Sibel Sönmez;Sibel;;Sönmez;Sat?n Alma;ssonmez@erdemir.com.tr;0534 422 22 23;Active
d7168af3-c13b-f011-8779-6045bde05049;YbohpG+Jc0yt7Sjdp3cHN5MFUStZcDFkRWCfSmlz+SdwesmbPrLJATbe1ZPoDAMaWzrnre2Q/NGn4PDkO/YfBA==;26.08.2025 08:30;Orion A??r Çelik Yap? Müh. In?aat San. Ve Tic. Ltdi ?ti.;Sözle?meli;Atacan Kad?o?lu;Atacan;;Kad?o?lu;;;0532 224 43 64;Active
de3dbe6c-c63b-f011-8779-6045bde05049;Hx6LWzlDFtsxjuShn/n+aUJ5seaSflZsQH3LlKyJOXivJnbS8+w5Vd5klze7ui97WQwCDOhRd3A3IjZ5KjhNNA==;26.08.2025 08:30;Orion A??r Çelik Yap? Müh. In?aat San. Ve Tic. Ltdi ?ti.;Sözle?meli;Mustafa ?ahin;Mustafa;;?ahin;;;0546 588 97 51;Active
30dcb61f-c73b-f011-8779-6045bde05049;jbBI5fSfB+8OjMERlxiwXs6SRqhQobIIDOl+SAyCJYN9EamRn6R00Wq+gHB2VNtONS5G7/eRhiM7C8u2gEgidQ==;26.08.2025 08:30;Orion A??r Çelik Yap? Müh. In?aat San. Ve Tic. Ltdi ?ti.;Sözle?meli;Sedat Demirhan;Sedat;;Demirhan;;sdemirhan@orionmuhendislik.com;;Active
2a90e180-c73b-f011-8779-6045bde05049;ee78JJYAHaTZfXC8IgYCyfNT4n32DHSFXpjKmWW86iAt1t2fuDsahfc7uhXQbRsNR6HEnooEt47733ykTNb/+A==;26.08.2025 08:30;Orion A??r Çelik Yap? Müh. In?aat San. Ve Tic. Ltdi ?ti.;Sözle?meli;Murat Kaskan;Murat;;Kaskan;;mkaskan@orionmuhendislik.com;;Active
cf5e8b9c-c73b-f011-8779-6045bde05049;Mx7HxHs9QspIyP6JGW22R72LBIvMP14gj6N0Mfs3eAgBFa+wfQtBPEReg1vTXnaS7pch1Da9DG4XtVbnSZGX0Q==;26.08.2025 08:30;Orion A??r Çelik Yap? Müh. In?aat San. Ve Tic. Ltdi ?ti.;Sözle?meli;Sevgi Acar;Sevgi;;Acar;;sacar@orionmuhendislik.com;;Active
201d01c8-c73b-f011-8779-6045bde05049;oEXb5XY9e/8xmQcD+3evR9EHFUREhR0prp59s/FOXzGmNW2aIF6/nq5xkV0wD9SUHZ4VizvEO1KthnOjn+FjXw==;26.08.2025 08:31;Orion A??r Çelik Yap? Müh. In?aat San. Ve Tic. Ltdi ?ti.;Sözle?meli;Tar?k Sulkalar;Tar?k;;Sulkalar;;tsulkalar@orionmuhendislik.com;;Active
1ec7a90a-803c-f011-8779-6045bde05049;d8NTB9tUwLINqwiyaP18aR0h3tKXwJetFFyulfM8lXQv/r0ob5oSYh8ShTW3Audqpk+pghKBwjDyP4Xoe7/fDw==;26.08.2025 07:41;Enka In?aat ve San.  A.?.;Sözle?meli;License Admin;License;;Admin;;itsupport@enka.com;;Active
d353c022-803c-f011-8779-6045bde05049;U/iRa338FGJNJRRq+A7lKUo+91sxpiA1gxg3Cf824Uvpn/IVUxP0VAVzQnBKcFXxkxhrO4+h78/Vp9EljUmG4w==;26.08.2025 07:41;Enka In?aat ve San.  A.?.;Sözle?meli;License Admin;License;;Admin;;itlicense@enka.com;;Active
99498505-863c-f011-8779-6045bde05049;1qjxbhoELIugKZkvexd3sl0cPyVbXVxrmxBKGdtKRAbuibdgJP/oFuxSEok28y8mMKVWG9Ws+tnxI+uqXMENGA==;26.08.2025 08:31;Osmangazi Belediyesi;Sözle?meli;Mustafa Y?lmaz;Mustafa;;Y?lmaz;Bilgi ??lem;;0542 257 83 81;Active
beadc617-863c-f011-8779-6045bde05049;IcwHmz+0F0VXFjnYiPOmVeWZX+bJVudP9hE5I+2y18+HwUIeJoGmsQ0cHYkA1BGbI3C4II1yD/D8HtByiOtPLw==;26.08.2025 08:32;Osmangazi Belediyesi;Sözle?meli;Hilmi Yetimo?lu;Hilmi;;Yetimo?lu;;;0531 746 37 37;Active
3c8ba781-293d-f011-8779-6045bde05049;2/cgEeJ92ozwdlyUIzacjv2lzazB2fCHyF7PoXd7xothGwgx56yXsOo+H35d2ApzEePLBYKgP6Srbnrnf7j2Bw==;25.08.2025 09:25;ESM Proje In?aat Taah.Tic.Ltd.?ti.;Sözle?meli;Nurgül Ünal;Nurgül;;Ünal;;nurgul.unal@esmproje.com;0535 545 83 11;Active
83c9a15e-2a3d-f011-8779-6045bde05049;GGrWkr5xLd4voVTOP6kh+N8LZRFQHj4rEBvhOnA5CXFPJ1cFgUN5M0WINh+e9ZE9pu07wDEHy+hynsFeeWVXLg==;26.08.2025 07:43;ESM Proje In?aat Taah.Tic.Ltd.?ti.;Sözle?meli;Proje Departman;Proje;;Departman;;esmproje@gmail.com;;Active
16d1089f-4640-f011-8779-6045bde05049;fduHCRG9uucYxdEveTwySc30wOJxTSSioYAwFnFZw6K9JeszUJBidQF2VfYoMVUYK35/bYc5edrGQLZYnfj15g==;22.08.2025 14:26;Edita Engineers Mimarl?k Ve Müh. Ltd. ?ti.;Sözle?meli;Hüseyin Sana;Hüseyin;;Sana;;hueseyin.sana@edita-eng.com;0534 077 84 91;Active
5e19c320-7340-f011-8779-6045bde05049;4OchGn2QEDR/88XmqxAUe/jP1B8WrOES0Vp43DUa8LT3ruxaz5Ke2zMXP55UTnPc6K1GsWbKtWrN1SdykikqbQ==;26.08.2025 08:07;Karem Mimarl?k;V2022 (-);Sevgin ?en;Sevgin;;?en;;sevgin@karemmimarlik.com;0533 380 55 11;Active
17f36eba-4841-f011-8779-6045bde05049;fXElfARoXtfsB9wjg4ZvdYHbNztT9vBgD593OIOaQXKYyF5et5d+qJJdmuvm0HwRAUbo4l3DG5VD8QZ/GLKb8w==;26.08.2025 08:17;Makyol In?aat;Sözle?meli;Gürhan ?i?manlar;Gürhan;;?i?manlar;BIM and CAD Specialist;gurhansismanlar@makyol.com.tr;0538 831 98 28;Active
100193fc-4841-f011-8779-6045bde05049;/Hbz7CglFXVTSCY/+/RZk4S8zpuFKoFIOqqC70FSFtH1HCaHY6PfdwZG+Nd6PnSxRJNSwu8BRl6dDLValUH2bA==;26.08.2025 08:18;Makyol In?aat;Sözle?meli;Niyazi ?ahin;Niyazi;;?ahin;;niyazisahin@makyol.com.tr;;Active
91199020-4941-f011-8779-6045bde05049;nTv9+vzt24iRMzUqjbZQ9xsJAyoZjDOb5miFEznWV+pxfewUN25uuQIUJYa2NDUISOlDKpVkjsqYQT1e6T1pTQ==;26.08.2025 08:18;Makyol In?aat;Sözle?meli;Burak Gündo?du;Burak;;Gündo?du;Sat?n Alma Müdürü;burakgundogdu@makyol.com.tr;0505 691 38 46;Active
1c90ab32-4941-f011-8779-6045bde05049;XWfSjw/w9BMcLn8EaGfIdjt0QY7+6MxdZrp3gDCgjvGlBWX8Df5qkEIGmOkZEyJ3fMMZLVoIuZS9RmaF/krSgg==;26.08.2025 08:18;Makyol In?aat;Sözle?meli;Fatih Demiro?lu;Fatih;;Demiro?lu;;fatihdemiroglu@makyol.com.tr;;Active
dedf46e3-4b41-f011-8779-6045bde05049;mneZiOw13Y+ktAeQWFk+ACo5SeDYF5SiEe1zqXII2uRMv7XCbJsY/ckcjyMhFkQ4o1Zk3/XhzU0kqrP5FLVNXQ==;26.08.2025 08:18;Makyol In?aat;Sözle?meli;Bilal Faruk ?ahin;Bilal Faruk;;?ahin;Bridge Design Chief;bilalsahin@makyol.com.tr;0532 362 34 90;Active
1699fe5f-4d41-f011-8779-6045bde05049;5yKS2wGDMT/VGO9yejU5bbiGaK7B3odVsPI5MPy/bEF7cdw5HRlVarzXmYilxrjpqFO2SURpFdzrdvA3JDbfxA==;26.08.2025 08:28;Öner Grup Yap? ?n?. San. ve Tic. A.?.;SUB-CANCEL;Mutlu Bekmezci;Mutlu;;Bekmezci;;mutlubekmezci06@gmail.com;0506 433 02 85;Active
bfe21e45-5141-f011-8779-6045bde05049;DtZkoWcxfjxTKWceT3L+FZbOHioqAEp5UcFhFIeuH380SE5s9S1pcfU1wEt4EvBt/HD0YoJWW7XXLBWkGjHXXw==;28.01.2026 11:16;Ayd?n Pelin-Can Binzet Mü?. Müh. A.? (Rönesans);Sözle?meli;Burak Kilciler;Burak;;Kilciler;IT;burak.kilciler@ap-cb.com;0507 337 56 31;Active
ebad32b1-894a-f011-8779-6045bde05049;/JImeRG04Eqzujd+sSeqsrYUCnaaKWce9jVQYU0gNEFnwfkVtc96XAvwNTW9VlO1+raBFqK2jEn0x7g+AlfHUg==;26.08.2025 08:03;Iskenderun Demir ve Çelik A.?.;SUB-CANCEL;Cihangir Ergün;Cihangir;;Ergün;Sat?n Alma;cihangir.ergun@erdemir.com.tr;;Active
7858fbc9-894a-f011-8779-6045bde05049;mG9RSl+L7KK1FXGMf2P4UrjaApooKekdUMmnyFxuwUrq7iGSJCP5wTdTwG3F/N1p6h3DhhI6nCVKFAn18qYOgQ==;26.08.2025 08:03;Iskenderun Demir ve Çelik A.?.;SUB-CANCEL;Tu?ba Yirmibe?;Tu?ba;;Yirmibe?;Sat?n Alma;tyirmibes@erdemir.com.tr;;Active
e57973e2-894a-f011-8779-6045bde05049;h/a9BYk/KqTsGhhJwj1oAxDVcbCNvkTk/RDHIOnN9HTxjq49nSpvHfJupWK8d+y5Q824j1vVpM4NHAAYDphUjQ==;26.08.2025 08:03;Iskenderun Demir ve Çelik A.?.;SUB-CANCEL;Fatma Ceren Durmaz;Fatma Ceren;;Durmaz;Sat?n Alma;fcdurmaz@erdemir.com.tr;;Active
94e4aa55-8a4a-f011-8779-6045bde05049;HAMc9Zre7agPgQkrn3gFze3D8uK6gVFROGFBguTn4pq/pRtjYinkEU9jh2f+0FwRwTal2d8D/zzuIkDlPTn7IA==;26.08.2025 08:57;Tu?rkiye Jokey Kulu?bu? ?n?. ve Yap? Destek Müd.;Sözle?meli;Muhiddin Güler;Muhiddin;;Güler;Sat?n Alma;MGuler@tjk.org;;Active
a277e8dc-c737-f011-877a-6045bde05049;1pu6ndUNOcDIG+5prIgNZrSMjHBYFzAaNNVqrC3wpceN7riQSmo5AU3PJ/VPfkgU5EqmuZ2GBNNYbTwOViM8Vw==;22.08.2025 14:16;Burhan K?l?nç;Sözle?meli;Ebru Günel;Ebru;;Günel;Mimar;;0505 134 64 34;Active
1ac372f2-cb37-f011-877a-6045bde05049;KMCIzqsDKa2ukCp8qs6vab2Om5Gf3V1l7g5HW9MqL1Fp9XDkO72RFZbVs6ytronR27Mxr8Dtqt8nzi7nG8kLSw==;27.08.2025 12:40;Türk Ytong;Sözle?meli;Burak Demirel;Burak;;Demirel;Proje Depertman;bdemirel@ytong.com.tr;0553 280 02 79;Active
35db9cac-2348-f011-877a-6045bde05049;FoCK7XgPb94LFyYitqPZlbZNJltFcRrz/GDzylWEdCgtZoQSz3xHKtP1B1IIAZoJVaY5YIofMud8kiK10pHUQQ==;26.08.2025 08:57;Tu?rkiye Jokey Kulu?bu? ?n?. ve Yap? Destek Müd.;Sözle?meli;Emir Deniz;Emir;;Deniz;?n?aat Mühendisi;edeniz@tjk.org;0553 229 74 73;Active
5062e6ff-b455-f011-877a-6045bde05049;vetyNWkpCHVf3S2RawUMZfN7qZ6PWMgTDdrN3XC21G0woRiHgy0dfetlK/nYCk5DElFl1sNXTNH5r9S7CpKeig==;25.08.2025 09:15;Do?u? ?n?aat Mersin Projesi;Sözle?meli;Köksal KARAKU?;Köksal;;KARAKU?;;koksalk@dogusinsaat.com.tr;;Active
a34eb20c-b555-f011-877a-6045bde05049;Y9GWotcP9qOXhApVyswqIHuK+f+hTqhbpv9Dx7DeuhraMjXTFnGvD+kdYsCjZdE2YYB7ypMTkpfU2FF/lcUrDQ==;25.08.2025 09:15;Do?u? ?n?aat Mersin Projesi;Sözle?meli;Umut KAYA;Umut;;KAYA;;umutka@dogusinsaat.com.tr;;Active
8f130620-b555-f011-877a-6045bde05049;QsMhgqs15A0wQu5M00OI5QPHTLxX02XLpXjt+ydEIq0zy6D3Ij0rLbqwIWfLgJTos8q6VBwXSN8pfP4ia9uyug==;25.08.2025 09:15;Do?u? ?n?aat Mersin Projesi;Sözle?meli;Özer GÜNSEL;Özer;;GÜNSEL;;ozerg@dogusinsaat.com.tr;;Active
916d242c-b555-f011-877a-6045bde05049;C0XAFVE8V3egij9jE0h0uXg+G88a4HUnolTwf03wp8eXxnUGEncZ8DYALn28wqpjULp5FYu2o0yaciCtk5uCQw==;25.08.2025 09:15;Do?u? ?n?aat Mersin Projesi;Sözle?meli;Taylan Özgür GELE?;Taylan;;Özgür GELE?;;taylange@dogusinsaat.com.tr;;Active
68598538-b555-f011-877a-6045bde05049;gcDPjM6C6T/L8dQec+PVTmTXtsgKzhpwfIan9vkJq3wQxL6doPsvebOBsi4Ot7P/UullxLCPKfdnzQgwspBYVQ==;25.08.2025 09:15;Do?u? ?n?aat Mersin Projesi;Sözle?meli;Eren Saim YILMAZ;Eren Saim;;YILMAZ;;ereny@dogusinsaat.com.tr;;Active
a06aab57-b555-f011-877a-6045bde05049;fY9YQivy++4mLvGJLiydiYTxnONE0HbNYp9ci9aVYqQdxfIVSIQlNMGZyWkresIuycJ2SeymfBA4rOoZSRO7Yw==;25.08.2025 09:15;Do?u? ?n?aat Mersin Projesi;Sözle?meli;Samet K?L?M;Samet;;K?L?M;;sametk@dogusinsaat.com.tr;;Active
6f8aef63-b555-f011-877a-6045bde05049;bB7Slhi433chb3a6zUmulwrvpWfmOmyDVwNI7ITW0z7AVgvMfAwSX4K3rL+HHJihdOwJBFwsePK2HqRRhaUQbA==;25.08.2025 09:15;Do?u? ?n?aat Mersin Projesi;Sözle?meli;Ali ÖZTÜRK;Ali;;ÖZTÜRK;;aliozt@dogusinsaat.com.tr;;Active
5130f36f-b555-f011-877a-6045bde05049;Oomeu4dWFvbvT4zBnzBhW3OnAVemVE784aa6X2EeqI98GgcJqIvg/+PUkK407G8RH1OJocpOyKqbJPXkdj4ylQ==;25.08.2025 09:16;Do?u? ?n?aat Mersin Projesi;Sözle?meli;Hasan Can GÜRER;Hasan Can;;GÜRER;;hasangur@dogusinsaat.com.tr;;Active
771363c8-8256-f011-877a-6045bde05049;E1taapvPWbS3Otxzv47rX0zOwlRzsMq5u2QsFqEgy0DMpOaWJYHx5jUt5C+Gb0Q32/68XkuHy9BUqJCZSmER4Q==;13.07.2025 15:26;Promer Müsavirlik Mühendislik Ltd. Sti;V2023 (+);nsamiloglu@promerglobal.com nsamiloglu@promerglobal.com;nsamiloglu@promerglobal.com;;nsamiloglu@promerglobal.com;;nsamiloglu@promerglobal.com;;Active
32440485-2457-f011-877a-6045bde05049;lKq/RE60kGJBiIVGf2pH597ZzgWvu/6ANhk61xXtQqwKU2b1NhYRP9PAE6YvE2u846kdzAXTr6yLM+f1ZwfnKg==;26.08.2025 08:55;Tözün Mimarl?k;Sözle?meli;Hande Tözün;Hande;;Tözün;;ta@handetozun.com;;Active
3ad0bdc9-a95c-f011-877a-6045bde05049;XEITCz8lmP7Ggmxwvvkte9HHoEvxU5Haf1DFDu97fuvWFiL2yYv9PX68/0nub1PnSnl28OSgWAJujRvVXx4SWw==;26.08.2025 08:28;Öner Serkan ?im?ek - CER Atölyesi;SUB-CANCEL;License Admin;License;;Admin;;admin@ceratolyesi.com;;Active
b07ebcd4-b74d-f011-877b-6045bde05049;rFSYPziBCgV1uqwNmzHtzgzF/ZEG8n6MkjpOleKHRyy+9m8c7kjwoh/Ybmqv6Nze5lXLpR3rX7DxrBfZ2fWtKw==;26.08.2025 08:10;Kenan Kalayc?;Sözle?meli;Kenan Kalayc?;Kenan;;Kalayc?;;kenankalayci72@hotmail.com;0530 139 46 22;Active
90d11c28-bb4d-f011-877b-6045bde05049;sbnv93Dbnudf4OLuXB3Z6jEGoi7xn3r7VINNdu1f2GwN8/RZNpPG7Krl0prBWZc84aXgwoCyUuY0v2Ol9C1Sug==;26.08.2025 08:33;Paloma Hotels;Sözle?meli;Ahmet Y?lmaz;Ahmet;;Y?lmaz;;ahmet.yilmaz@palomagrida.com;0542 208 18 85;Active
2f769431-bd4d-f011-877b-6045bde05049;QE5xL/1EJN6SN7ZAIAUX0RF1icIEOVSDgvq/nu1tY0PGNVJn5agA5nhxLjBUELDbBWMTIlFVup1W9TIFKn1cIA==;22.08.2025 14:30;Ege Yap? A.?.;SUB-CANCEL;Semih Burak Selçuk;Semih Burak;;Selçuk;;semih.selcuk@egeyapi.com;0537 919 86 38;Active
326cd166-2c50-f011-877b-6045bde05049;MeWwJdVngm/exCL2zRN9UoIPUKfflxrigXp2PhtT4dINaJIz1vBYUxSChP7MjdFGt/FXM0FCSkgJVoENZV94OQ==;16.02.2026 08:26;Dolsar Mühendislik A.?.;Sözle?meli;Fatih Karata?;Fatih;;Karata?;Sat?n Alma;fkaratas@dolsar.com.tr;;Active
f4532a2c-0051-f011-877b-6045bde05049;GL9sQeyJ0cbu9r8XJq9g1nnZtrsr0JvWauDFNPuFP3KQ3wDuKEyXYKpF7fizACIGvpqOt8l9SzcnFTT3R/p93g==;25.08.2025 09:16;Do?u? ?n?aat Mersin Projesi;Sözle?meli;Volkan Arslan;Volkan;;Arslan;Sat?n Alma;volkanar@dogusinsaat.com.tr;0552 524 76 42;Active
1f610a82-0151-f011-877b-6045bde05049;2vqk30EjqKUC4xhyVqn8Juv8eIg9Chl0RsHcRK8K9370SYxJduEF/+NiVEoXuLFnDK2s9Om6rv4iANLgY6iyJQ==;26.08.2025 07:52;Geli?im Müh. ?n?. Mad.;Sözle?meli;Tayfun Günerigök;Tayfun;;Günerigök;Genel Müdür;tayfung@gnrinsaat.com.tr;0532 506 08 00;Active
b091b49a-0151-f011-877b-6045bde05049;b/J3yEQiqG4AVyM3ufUpwVlwSc6OhDSYEUkZeSsSoP563BpV+RTwLWs8xMwRO2QFST/bsmgdXHTGdS0LHAefAw==;26.08.2025 07:52;Geli?im Müh. ?n?. Mad.;Sözle?meli;Muhammed Günerigök;Muhammed;;Günerigök;;;;Active
18be2d46-0951-f011-877b-6045bde05049;CatmSMGGZmEA6BCAi+k0KXFu0cH63h3/DFkFVHsl29cQVthufRfg5anw3WrmWHyw1qrTi7ScTYOb95sOrCiUJA==;26.08.2025 08:34;Plan & Projektbau Istanbul;Sözle?meli;Adem Köse;Adem;;Köse;;ademkose9535@gmail.com;0545 422 19 95;Active
7ba29552-0951-f011-877b-6045bde05049;dwzA0b2Gn3fJbBmNTVvl7EuAS04w57ZISQQyCsZ9+BDsjaSEGD/fXqECTf2uSnTc9pHQTBvtPM6NWkAfpwUXOg==;26.08.2025 08:34;Plan & Projektbau Istanbul;Sözle?meli;Adem Köse;Adem;;Köse;;lisans@planprojektbau.com;;Active
cd2a0f48-6752-f011-877b-6045bde05049;SqF3vWCuar6jl5uR3OD4iIyvv8E07WIy7sIa869OtFwVyOpWeFWoqdU82BaIKJ/4UN/199bwkFnVnkzO1vyAmQ==;26.08.2025 08:58;U?urel In?aat;V2023 (+);Neylan Petek;Neylan;;Petek;;petekugur@hotmail.com;;Active
8faf4b0b-136d-f011-b4cb-6045bde05049;CaIIhMmS5ejIh034O9JvXhWO5Q6qq4zzRmyOtI1uvzZm0cKNXcveuF9Pv4CN3Qazw9hac3+lEh7YC4Xy7fwnEw==;22.08.2025 14:27;EFK Mühendislik;Sözle?meli;Taha Can;Taha;;Can;;tahacansaran@efkmuhendislik.com;0541 417 13 07;Active
d36c6d32-c96e-f011-b4cb-6045bde05049;XnxQvoWltv8JBsUaTVnJg9rHer5iph1/UuE+r0R86TBU+TcTkenigE3gWVNnM5wV+KXe/ZtspXQmCk578GSAPA==;25.08.2025 10:41;Kam Ankara Beton Sanayi A.?.;V2023 (+);Talat Ak?nc?;Talat;;Ak?nc?;;talatakinci@kam.com.tr;;Active
fa50b449-c96e-f011-b4cb-6045bde05049;KNLTQ1HTmZg7DMJtc1jXdliEMHD6i7AmzcdfDNdCRsThfJ4ugQqHUCFbZNY73nklbZmBfWqELNyFIY9l0GGZKw==;25.08.2025 10:41;Kam Ankara Beton Sanayi A.?.;V2023 (+);Y?lmaz Biltekin;Y?lmaz;;Biltekin;;yilmazbiltekin@kam.com.tr;;Active
f9f9c9ab-ab72-f011-b4cb-6045bde05049;wqVBJyYI7HFIjmGF57VSOYr0XKSu0fkiLd4xcUULb/dkFrR6Ol8VaTs37ek9yMVAYeUlta9KLsxQ/zkhYo+aeg==;22.08.2025 14:33;Enka In?aat ve San.  A.?.;Sözle?meli;Aren Aslan;Aren;;Aslan;;aren.aslan@enka.com;0535 348 58 37;Active
5f243952-ac72-f011-b4cb-6045bde05049;YstLxBRmdG3jty3IeT2F2riBvcIbc3vBwxTddwNIYZ+850msFmimdlGVPIb0wS4qu5dvE2uh5XO4/4Qy+0dapA==;22.08.2025 14:33;Enka In?aat ve San.  A.?.;Sözle?meli;Ali Cihan;Ali;;Cihan;;alicihan.pay@enka.com;;Active
58831565-be79-f011-b4cb-6045bde05049;MVc7UmDREXCSZd2e4x1Kp5I9s1NIM7z2uxjquh3O1baTff6w9eq6t4Ir/OQQitokYheSeuk3z1BEJMIIB2hEkA==;22.08.2025 14:26;Edita Engineers Mimarl?k Ve Müh. Ltd. ?ti.;Sözle?meli;?smail Kelisli;?smail;;Kelisli;;ismailhakikelisli@gmail.com;0543 679 93 57;Active
2b374165-057d-f011-b4cb-6045bde05049;1c72SiGgkaqqizkkqDTAT0koVa6Bbudrtlok7wMiEM4JcpQBZsdy8bISNRVxXUbi7ibZOHulrUUmWv0V6fOMRw==;26.08.2025 08:42;Su Yap? Mühendislik;V2022 (-);Emre Dinçer;Emre;;Dinçer;;emredinceralin@gmail.com;;Active
df11b9d5-8681-f011-b4cb-6045bde05049;NJMezJji/MgonlErVnItHEVpKjC8Pg1HGyrc726Vl20fkTW47pQvzpOjail9AbCQRS7JSrY6yc0Qaj3nV4YNEw==;26.08.2025 08:38;?anl?lar Mimarl?k;Sözle?meli;Belgin ?anl?lar;Belgin;;?anl?lar;?irket Sahibi;;0532 207 75 49;Active
626e552a-4f82-f011-b4cb-6045bde05049;WGuxUsfuSpJMPJao5ZYnHR32hqzoaLru+pxzexpGohk7t0aZsvUvMta91/Q43SMuv7VEQRu0VJ69njK8CAJztA==;26.08.2025 07:41;Engin Özdemir;V2022 (-);Engin Özdemir;Engin;;Özdemir;;;;Active
d5d3e8fc-f083-f011-b4cb-6045bde05049;8nFq4RJeK8zgjUeNscem7+O0IGQoEl/a9RrdC2yfHQIvj6KW0jgTjCnZexosMOIFPP96Nlz6Ine5JzZAGv3VFQ==;28.08.2025 09:25;Baytec Mühendislik;;Bü?ra Dalg?ç;Bü?ra;;Dalg?ç;;busradalgic@baytec.com.tr;0530 564 42 82;Active
fb5e43de-bc63-f011-bec2-6045bde05049;+2Hy9FM3OmeBe9RSAUCMV7vaa6KGA7bF2tsZHJrZZoctkYJFQqsVZSMdCC/PawuVvxm74mzvnWgXB8TzZfoxjw==;26.08.2025 08:03;Iskenderun Demir ve Çelik A.?.;SUB-CANCEL;Hizmet Al?m;Hizmet;;Al?m;;hizalim@erdemir.com.tr;;Active
6369c0e1-e008-f111-8342-7c1e521fcfa3;PUCGT1j0Z5wFt+GXI2K8e2iwpU30cd9av0FOE40RWU3CwNESzjzf/eG4BKM4Iiprv4FQR+SY2Sz+7U/nSV9cTQ==;13.02.2026 13:35;Türk Ytong;;Hakan ?ahin;Hakan;;?ahin;IT Manager;hsahin@ytong.com.tr;0536 903 90 62;Active
888bcb40-96e0-f011-8406-7c1e521fcfa3;spZhB8M5SQvsWxCZ3ebmwOBTJEaf68CQB3iVpLk4X4iSojNyEqzrW1N/yj9jrSUA7qJl/dmO5V8vhXGWvVINCQ==;24.12.2025 07:01;REN TAAHHÜT ?N?AAT SANAY? A.?.;;Bar?? Kocaeren;Bar??;;Kocaeren;?irket Sahibi;bariskocaeren@gmail.com;;Active
f7a7fa80-50f0-f011-8406-7c1e521fcfa3;cCBdnkj32FUIYkda1ZMh272yfg+WISqfEHFhjU1yzsxkxmv9B40u8y9pFQgcQY3IjbkQ+LzRy0K0uNnTwmZsNQ==;13.01.2026 07:21;EFK Mühendislik;;P?nar Hakverdi;P?nar;;Hakverdi;;;0535 452 97 57;Active
d7e545b2-31f8-f011-8406-7c1e521fcfa3;c4tyIJn+RGUgMerDqlLiCXiSjefY2HOBMPXN5gFDV7ZpssOFpPqFQgApmAdonIrJdw3ZhFTVekdW0ibEBh4BsQ==;23.01.2026 08:01;Blue Projects Proje;;Neslihan Ayd?n;Neslihan;;Ayd?n;;neslihan.aydin@blueprojects.com;;Active
51a92b7e-b8fd-f011-8407-7c1e521fcfa3;azPS8Crug//NC8vQbb7E7QfEBBo4iJ6BPIwl9oWoWGcT2jKhD//aMp8qfQamuUlj+iSprTxpQoyHAl+KIQBLsA==;10.02.2026 12:35;Ak-Pres Metal;;Merve Karasakal;Merve;;Karasakal;Sat?n Alma;MKarasakal@toksanotomotiv.com;0538 972 58 50;Active
a4228cdb-c601-f111-8407-7c1e521fcfa3;87XXC4LGhe0YZOZXvIg/yDo8gBih34uj1mr2Gno8bDd62HPXV6Ym3ZG8JX1EJq0l7WyecW5YiPTUtZ7EyLdAvw==;4.02.2026 12:41;Baytec Mühendislik;;Kübra Öztekin;Kübra;;Öztekin;;kubraoztekin@baytec.com.tr;;Active
c92ac1c0-eac6-f011-8544-7c1e5220b5ad;nARaeq9jZgjxsVTVzxrCUKjoNXkgoqBZrsTjS2/Mu+BbYIS8dLymV0EzuLt0eUAoQeFxJVVLrZCHGKvPjZySSw==;21.11.2025 15:00;Enka In?aat ve San.  A.?.;;Murat ?ahin;Murat;;?ahin;;Murat.sahin@enka.com;;Active
c9a7c258-3ca4-f011-bbd3-7c1e5220b5ad;V1v4ZG9m0G6XTPQGYmwtdaKRKAb5nq/+G5wtPn5SQ9KDOEPw0SUj2AUe3HfR3f+aQZd0v0AP0fTSNR1kNh4OBA==;8.10.2025 12:46;Yüksel Proje A.?.;Sözle?meli;Gökhan Gürbüz;Gökhan;;Gürbüz;;ggurbuz@yukselproje.com.tr;0532 308 73 86;Active
68873ea1-5db5-f011-bbd3-7c1e5220b5ad;i6vnecx4YNy8hG8FKW/3DoDBMz8/zsG0oA2F4K8BDhAsBlS7goSVJSFlb49Gcf679fKeEDezQ3Jfcwv/nnmORg==;30.10.2025 06:57;;;'Zeljka Moldovan';'Zeljka;;Moldovan';;zmoldovan@allplan.com;;Active
3126d63f-3232-f011-8c4e-7c1e523436e1;wVww95U0iCILBPvARnT/HSkPXO0vG0xkmGorF0JhULKMo0xCvf2hQ+ec1V/vNiiBa/niC6fFO6rD2CGj1Bq1ug==;26.08.2025 08:03;?dea Yap? Ürünleri ve Tic. A.?.;Sözle?meli;Ebru O?uz;Ebru;;O?uz;Mimar;ebruoguz@ideanuova.com.tr;0533 558 17 77;Active
061adf77-3532-f011-8c4e-7c1e523436e1;qk2JWdzHi58biX77eaEOjN2NapZABhmHID4Do9cu48dHK2BNg8MQ8PkRSf4BvvmYXnGsOyOCiTTA2nD0cThP4A==;26.08.2025 08:17;Lotus Bina ?n?aat Müh. ve Mimarl?k Ltd. ?ti.;Sözle?meli;Yaren Berfin Küçük;Yaren Berfin;;Küçük;Mimar;lotusbinainsaat@hotmail.com;0531 577 07 00;Active
464e3a8d-a555-f011-877a-7c1e52351e68;W3H4ujTikL1hIpHqngl9p+kCe5/GqjZjlHSfJfpU/poCoEEb39kYdnBt/9T8brhphqONN6dJvPr+2DMy3KFTXA==;26.08.2025 08:29;Öner Serkan ?im?ek - CER Atölyesi;Sözle?meli;Serkan ?im?ek;Serkan;;?im?ek;;serkan@ceratolyesi.com;;Active
82402565-a351-f011-bec1-7c1e5236a69e;M0rlig2jI1i/spEI827gOymlszE5hgPTM1e49cX9Quyjy9mPqXDjd7BBxS5Vk5vnTyak9lW+8YufYcpBwvFa5A==;26.08.2025 08:33;Özgen Müh. San. ve Tic. Ltd. ?ti.;Sözle?meli;Sedat Özgen;Sedat;;Özgen;?irket Sahibi;ozgenmuhen@superonline.com;0538 935 76 64;Active
bbbd0a83-a351-f011-bec1-7c1e5236a69e;ozRrqEHH32lNyu9D3rQ9ueh4pbiAhMktb19++Ht94Pu60VOOCavOH4aOU7kn3UQP2KaRwKl2mmG3vP0gmwmkDg==;26.08.2025 08:33;Özgen Müh. San. ve Tic. Ltd. ?ti.;Sözle?meli;Murat Gidiz;Murat;;Gidiz;?n?aat Mühendis;ozgenmuhen@superonline.com;0532 509 99 30;Active
d1eeae03-a551-f011-bec1-7c1e5236a69e;roFg42Z3zmdn4z1CK6O8j7t533srQ2j2CQgnuXbAYWtxb6m5ewspj92rNWGSMXKE+CVMnNi8xkkakbyz/n3OxA==;26.08.2025 08:02;?ÇS Mimarl?k Dekorasyon G?da ?n?aat;Sözle?meli;Soykan Soylu;Soykan;;Soylu;?irket Sahibi;soykansoylu@sepian.com.tr;0541 598 59 82;Active
8d119d15-a551-f011-bec1-7c1e5236a69e;mhUAkFhhX8DRB9R16v5n49N6JvQLO+ddR0kQNJ1yg1tB8i7G2OjRfyxDlQIK4a6Zcga53BcbpJlJQ+mAjdcTTw==;26.08.2025 08:03;?ÇS Mimarl?k Dekorasyon G?da ?n?aat;Sözle?meli;Soykan Soylu;Soykan;;Soylu;?irket Sahibi;;0555 732 47 15;Active
84f5018a-3c32-f011-8c4e-7c1e52772d5e;qZzRpFGvKIm12fZUvVEJT5vUSRy2bTBP/qf4oMcxvQifvW7OyhyFpB9ilY0p09royAltAeDtXoTseLKsai5Z8g==;26.08.2025 08:11;KHG Tekstil Mimarl?k;Sözle?meli;?lyas K?r;?lyas;;K?r;Sat?n Alma;muhasebe@cephemimarlik.com.tr;0533 593 29 64;Active
0cb593ec-4132-f011-8c4e-7c1e52772d5e;mf8PV0bQAxabLpBBkUVPhZUrjIpwP+JnvtRxPx7ZjQMdsWz72sbc54LV85XZPbWKn/GdTErVYg/apnGE5rwqag==;25.08.2025 10:45;Cephe Mimarl?k;Sözle?meli;Cemil Maz;Cemil;;Maz;Mimar;proje@cephemimarlik.com.tr;0535 691 85 95;Active
6db979ed-4232-f011-8c4e-7c1e52772d5e;oQdPa3q85/X7xT/mK+rjK+PXWGaQXUfpsfiDqYE8wrxI6Er3IlinpyWRK3cBci5WQpBmBMyqtkE4SKO2Wauzkg==;25.08.2025 10:45;Cephe Mimarl?k;Sözle?meli;Burçin Y?ld?z;Burçin;;Y?ld?z;Mimar;proje@cephemimarlik.com.tr;0544 409 94 09;Active
84ba1ca4-4b32-f011-8c4e-7c1e52772d5e;wP1YKNjd6Tdk999GJZ9nA8LYaTuYjgk56V12j1C1QnHusoLqjX2BT+T8nku3m9q3Hq1nqW+aXGT/jnsCRL3VNw==;26.08.2025 08:14;Laborteks San. Tic. Ltd. ?ti.;Sözle?meli;Recep Ertay;Recep;;Ertay;Mimar;proje@laborteks.com.tr;0543 808 04 32;Active
3d4e4bf3-5132-f011-8c4e-7c1e52772d5e;MUfV/NOOaI1jh5qJvYn3azGQLn5Pxonyj0lYUznDR909HgM9VCX/JsIGquKVoG0a00vman2poupG+WifxtMIGA==;26.08.2025 07:38;EFK Mühendislik;Sözle?meli;Gülcan Sütkol;Gülcan;;Sütkol;Sat?n Alma;gulcansutkol@efkmuhendislik.com;0544 503 99 09;Active
476d0047-5232-f011-8c4e-7c1e52772d5e;LOBlGqrdPqkAp1xwkKZcWS5GiK+CdJAgmrecKRe1R48ieA6AcBBrrMhV1U/qfwKbSiLasn141O2vRTXoUaUcZw==;22.08.2025 14:27;EFK Mühendislik;Sözle?meli;Özlem Tangalo?lu;Özlem;;Tangalo?lu;;ozlemtangaloglu@efkmuhendislik.com;0530 822 98 30;Active
b3989db2-5232-f011-8c4e-7c1e52772d5e;T7DBS7sk37/WdZ/mvYq8y8zZCQXl+b87T58pQvTMzyXJOt122f2w7FZ/tP6d+XHuB5tUb01N/0Q8T+xXTMdJJQ==;26.08.2025 07:38;EFK Mühendislik;Sözle?meli;Nilgün Gökçeli;Nilgün;;Gökçeli;;nilgungocekli@efkmuhendislik.com;0532 384 82 22;Active
4ac374d6-5232-f011-8c4e-7c1e52772d5e;3i6WVSUq+MhrfVxZhWfvPQkda7bjsorvh/YRJ2CC8ybQG0Y8XTDwy5E/20Zl1J0iPgMzaR0izAYR+dc2nkwfZw==;26.08.2025 07:38;EFK Mühendislik;Sözle?meli;Behlül Kurt;Behlül;;Kurt;;behlulkurt@efkmuhendislik.com;;Active
d9a14ef4-5232-f011-8c4e-7c1e52772d5e;80VC4nCfkmoTESNXuL32qV5B30rTnIk8dlzwS/kdO+D+30Od3hMpKRLKsNzN1xB6aImE4U3lx/AmjeA/JYRGLw==;26.08.2025 07:39;EFK Mühendislik;Sözle?meli;Serkan Utma;Serkan;;Utma;;serkanutma@efkmuhendislik.com;;Active
8c91ed4d-5332-f011-8c4e-7c1e52772d5e;L1dAKBZDaFUeC56O098JecgQ45trB/SCaRCh1VKZmBanWg9AHYp0h7w5CgipiNW5bHzPbE9g3h32+dGRx7cdrg==;22.08.2025 14:27;EFK Mühendislik;Sözle?meli;Gülcan Akta?;Gülcan;;Akta?;License Admin;efk@efkmuhendislik.com;;Active
4329eb79-5532-f011-8c4e-7c1e52772d5e;7zujPFlkykpI297fileJZk5G/UUBJC4JGj4lGYrwYP99fvcIE+N1murixOpeVleF4/R644tOKwYz7ZLWeiuXXQ==;25.08.2025 09:15;DND Mimarl?k;V2023 (+);Senem Altunta?;Senem;;Altunta?;Sat?n Alma - Muhasebe;muhasebe@dndmimarlik.com;;Active
f8c4c78d-013a-f011-8779-7c1e52fa9855;wGEYyPMHfmSiIL9FQIHSuG0+RHfoxaON+VM+XHtpmmCDXZwaohQlQT/BIFtjFC4UFucxI8DSHyA6GQXFhl7veA==;13.07.2025 15:26;Promer Müsavirlik Mühendislik Ltd. Sti;V2023 (+);fsaritas@promerglobal.com f;fsaritas@promerglobal.com;;f;;fsaritas@promerglobal.com;;Active
c4dcfe82-643c-f011-8779-7c1e52fa9855;ftw+I4YVdumiAO/GmE07Ch4qbsFV2tvOZ/iPGoc0pWf60EDAdr1INl2SbVQeudnx5BAuoTv/ZZD0j85BkdR5Bg==;26.08.2025 08:40;Sepa Mühendislik;Sözle?meli;Mustafa Ertürk;Mustafa;;Ertürk;;mstf.erturk96@gmail.com;;Active
e3dd38a1-643c-f011-8779-7c1e52fa9855;ImOKVAZvKc8iXBegIrm98HX+OGKO01QVAzwMfiFDd2yQFgWWj3Kw6oOwmC+eX83QFMEQmy2zKZdyljdfdjbfEA==;26.08.2025 08:40;Sepa Mühendislik;Sözle?meli;Murat Demirhan;Murat;;Demirhan;;murat183demirhan@gmail.com;;Active
97bc10cb-643c-f011-8779-7c1e52fa9855;zQQA1n8FZodBNLyPiwfwZSiuTE2PDMLn7VFOspjiDk+dxK9KE6mJukUvhSshvko7Ro2s7jdbyQnYn+5ddXhNjw==;26.08.2025 08:40;Sepa Mühendislik;Sözle?meli;Mustafa Balc?;Mustafa;;Balc?;;mehmetbalci@msn.com;;Active
00c6fedc-643c-f011-8779-7c1e52fa9855;ULVCBWyQHuXwdaCX+TyUVwGNk0Q1P0TSifo74GiNX9BjP8BZlh8CLWjqXswg6f2FrsCih+pJl94DR4DkxHR7Vw==;26.08.2025 08:40;Sepa Mühendislik;Sözle?meli;Mustafa Balc?;Mustafa;;Balc?;;crome07@windowslive.com;0533 324 63 31;Active
fa172ad5-693c-f011-8779-7c1e52fa9855;HiB+5PskJEsNNULkfBkNpclEPnd0orUpHYYJxgnbiKcgy7+/McyuXCUYmHo/HwuDS3JW8ybnzoIrokBtLWgEjg==;26.08.2025 08:25;Modern Mühendislik;Sözle?meli;Aliseydi Aydo?an;Aliseydi;;Aydo?an;;aliseydiaydogan@gmail.com;;Active
44322e71-773c-f011-8779-7c1e52fa9855;UZZul3ptheJ+HaknB/+qfJWtox5K1AXiygpSiDjbWrdorBqA16AatbkxplVGM35lPUtkDcqsJSbKWnmckagtog==;22.08.2025 14:33;Enka In?aat ve San.  A.?.;Sözle?meli;Hakan Minta?;Hakan;;Minta?;;;0505 206 88 74;Active
742579ae-773c-f011-8779-7c1e52fa9855;jPzelUjCA9hGehqfZufc/lp3GAVpH30ZlH4aDh0jZbuKXisve/xmRJYqluxbmz/VA1KWFdSbssrjdswWMPm2+g==;22.08.2025 14:33;Enka In?aat ve San.  A.?.;Sözle?meli;Halit Y?lmaz;Halit;;Y?lmaz;;;0507 788 03 45;Active
4c74bd17-793c-f011-8779-7c1e52fa9855;MWznkqurVcMA9kVr8EBRWgfjAFVSHpB/LxWj9cHfM+TE0etK428Roac9q34/5B6CuHGyEXxQ9d3RPhq/icN4Lg==;26.08.2025 07:42;Enka In?aat ve San.  A.?.;Sözle?meli;Celal Alt?nay;Celal;;Alt?nay;;;0535 516 07 95;Active
d907ae4b-393d-f011-8779-7c1e52fa9855;G20k5Z7cHH3ysRHNHLbHG+G4JBr2YVJv+GhWtcSkNh6ZZ58lUA38fNdj5t8bLJ2CU9dHfJUW8Kz9YMlmFVuKsQ==;26.08.2025 08:23;Mesut Tanyel;Sözle?meli;Mesut Tanyel;Mesut;;Tanyel;;mesut.tanyel@gmail.com;;Active
2544d8e3-be3f-f011-8779-7c1e52fa9855;hI9kXeepcnNMo6HtaT0e+ECQxtO7dfQScAbG8X2kOqUsMVH5RK41o+0oIkg2l2EGr79GCEkQvTEnL1PtF1Wtpg==;26.08.2025 08:05;Kagir Ah?ap Yap?;Sözle?meli;Sava? Ta?;Sava?;;Ta?;;tas.savas@gmail.com;;Active
6b883b7a-5f40-f011-8779-7c1e52fa9855;GUC5v5Zo/4BO+A9DdyuJXCCOOH3dWdjzYJ71TKIT/MyeowIWysN8xD7NH45Bc5CHvkgDoZT46Ts3qNvdMk+rKA==;25.08.2025 10:59;Edita Engineers Mimarl?k Ve Müh. Ltd. ?ti.;Sözle?meli;Ebru Çetin;Ebru;;Çetin;?irket Sahibi;ebru.cetin@edita-eng.com;0552 735 66 90;Active
4c06ae1f-6940-f011-8779-7c1e52fa9855;Yq23GcqwxAaQblhLToyzuimPEgfOBct7jJiz3AehBpZgiKGEIvpxmxazIy1SFIIqgieJnYPaBtQ8ofXZRX0TAQ==;26.08.2025 08:59;Y?ld?z Teknik Üniversitesi In?aat Müh. Bölümü;Üniversite;?enay Atabay;?enay;;Atabay;;senay.atabay@gmail.com;;Active
10fcd420-7740-f011-8779-7c1e52fa9855;gy9KMvmPs40lchpoMGe9dFztuPl8zixOodMEBDD2wsDxEeeDaGO/NA7/9+dBbYUbX8LquVe4pf0oUGcB9i7JoA==;26.08.2025 08:23;Mertun Mimarl?k ;Sözle?meli;Ayhan Mert;Ayhan;;Mert;?irket Sahibi;merttasarim@gmail.com;;Active
5850a716-8040-f011-8779-7c1e52fa9855;VuFQAi1+el5PM7szXrwlv+W4oGs6TgGMTtzb+ZcXgNNv5FdGpu87niZdQi4UR3xVCFrXFzZcQVTFroH34SzJlQ==;26.08.2025 08:18;Matt International;Sözle?meli;Aykut Büyüker;Aykut;;Büyüker;?irket Sahibi;aykutbuyuker@gmail.com;0549 323 33 30;Active
2a6910c3-8740-f011-8779-7c1e52fa9855;1VTqTzsUzQEw7efvNII3TEsKxFEZFwRNqRyjuL525T+gVDBGd7LVZYEcMqNVLihBBASYu7Mdrzqc26xU7jEpiQ==;26.08.2025 08:34;Rec Uluslararas? In?aat;Sözle?meli;Alpcan Battal;Alpcan;;Battal;Sat?n Alma;alpcan.battal@ronesans.com;0505 557 24 84;Active
b4ad1e00-8840-f011-8779-7c1e52fa9855;7l1AxZYZj3lhpueiii8PAZ6COS1qEUY+pyhiKyp4TgYQ368+eVD8VADdW6EkG7uUBtw6iCsLBSNlL9BVH7DGGQ==;26.08.2025 08:34;Rec Uluslararas? In?aat;Sözle?meli;Veysel Solak;Veysel;;Solak;Sat?n Alma Uzman Yard.;veysel.solak@ronesans.com;0538 364 62 34;Active
fa229624-8840-f011-8779-7c1e52fa9855;iNVddWv8z1MNORRZVWVw125JGvZNiYM4wgVktwIqH2WTQrtG/gE8aOZ7HD6FTKte9HI/kfbOiI20MaYd/8JzAg==;26.08.2025 08:34;Rec Uluslararas? In?aat;Sözle?meli;Mehmet Sefa Çekim;Mehmet Sefa;;Çekim;IT Manager;sefa.cekim@ronesans.com;0538 364 62 34;Active
ca7df780-8a40-f011-8779-7c1e52fa9855;wDh7scQ6rTlc4fL8mmxQ5N7vlEqgJPiuu237mIq0CjySVNNU54Sla9akCwXvFlZXddfIQfITrQ+HNzyJd4/4JQ==;26.08.2025 07:53;Genser Mühendislik;Sözle?meli;Teknik Bölümü;Teknik;;Bölümü;;teknik@genoser.com;;Active
f9ce72af-cf37-f011-877a-7c1e52fa9855;FbbnDVLJCn4HsvGkO1wyYox0ZDwF66pVKIOEMOVMQXJ8kHyV+c99QdWtGTBfeSmtLL0WmpvBjCmecMDAniundw==;26.08.2025 07:43;Ete Beton;Sözle?meli;?lgar Türko?lu;?lgar;;Türko?lu;Muhasebe;muhasebe@etebeton.com.tr;0536 219 65 56;Active
9fe02767-1541-f011-877a-7c1e52fa9855;RsWSWBbHQL1Q+IokDhWVMKJDOwXRHRvPQsz29d2jU39leRcFOED3x2Vz1s2gX/6S+XefoDxLaC4pTh5UnbFUVw==;26.08.2025 08:27;Nis Mühendislik;Sözle?meli;Orçun Özdemir;Orçun;;Özdemir;;info@nismuhendislik.com;;Active
f9efc5f6-1841-f011-877a-7c1e52fa9855;+pQJKHapYegR2PyAB6iQmplaPR5tsMhb8HToZRyP/PDJQ3YzlUjoTfcHYc6eyGxF3SPIUdO/ycznb7UzFKq7rw==;25.08.2025 07:19;3D Mimari Tasar?m;Sözle?meli;Muhammed Ünal;Muhammed;;Ünal;;info@mimdizayn.com.tr;+49 177 165 06 51;Active
b1318a15-1941-f011-877a-7c1e52fa9855;x6itf6J1xiaeKWett8Et6JUXDszeduC6aaG3oKhdRFQ1ldFppQi6RAbo2apEGZG61/3QiD7cj5BRCOJxOzufIw==;26.08.2025 07:36;3D Mimari Tasar?m;Sözle?meli;U?ur Çelik;U?ur;;Çelik;;mimugurcelik@gmail.com;0541 436 16 02;Active
00158d3f-4441-f011-877a-7c1e52fa9855;H3kiQzHSldiKoodsBqFitgmHb5QK3cPBS3DlGA3LLVRFNPH3+mhr1may+i0re/4gRnsex7sO8ZiwqA/PsYlG4Q==;26.08.2025 08:19;Mega Mühendislik;Sözle?meli;Mustafa Gurlek;Mustafa;;Gurlek;?n?. Müh.;mustafagurlek@megamuhendislik.com.tr;;Active
332ab051-4441-f011-877a-7c1e52fa9855;lqrjRnHFdRl96zwv6NuaEcID3wqAwsye5V97q5iIB4vt0X52FvffCuVvjiV43AZnKaS+xx5ZK2k45uNIVRn9Cg==;26.08.2025 08:19;Mega Mühendislik;Sözle?meli;Bahadir Gulec;Bahadir;;Gulec;Mimar;bahadirgulenc@megamuhendislik.com.tr;;Active
c440d269-4441-f011-877a-7c1e52fa9855;DulHfXvo7x8unDF9ktbJNEKR/voORJXIMq7Mqa6X+362rDcGOxblFdZbUvCNWxMEZqmoU9ZcUgl+n6VlJ9AdMQ==;26.08.2025 08:19;Mega Mühendislik;Sözle?meli;Ceren Kaya;Ceren;;Kaya;Mimar;cerenkaya@megamuhendislik.com.tr;;Active
8220c281-4441-f011-877a-7c1e52fa9855;I8BXS3OkxOp4K/KZY4FQtaWa39JNqQCEmeUFCLDapqY91hXDOo5SyQ/DunAjOooyGHmzItG/tnpLuStiGXEgAw==;26.08.2025 08:19;Mega Mühendislik;Sözle?meli;Huseyin Gumsel;Huseyin;;Gumsel;Tekniker;huseyin@megamuhendislik.com.tr;;Active
73b0b69f-4441-f011-877a-7c1e52fa9855;eHI/XvzLdfSQH9ZWJsX98vNxj2IoU3yqpZIkWPzMChPfDTYgEGLie5P7XfYYw4AgR75kEzU85jueH8ZLFCPOVA==;26.08.2025 08:19;Mega Mühendislik;Sözle?meli;Nuri Akca;Nuri;;Akca;Tekniker;nuri@megamuhendislik.com.tr;;Active
997b81c9-4441-f011-877a-7c1e52fa9855;DbMdyP741KeFcbDpyG6Reh2mgJrR8zPsHHgNzRV/u8lBlOLjNG5LOt9b2DJKnBHwF44g8ehAe9hN7pgqn4aP5g==;26.08.2025 08:19;Mega Mühendislik;Sözle?meli;Fatma Karayagiz;Fatma;;Karayagiz;Tekniker;fatmakarayagiz@megamuhendislik.com.tr;;Active
bcf6ef1e-ab55-f011-877a-7c1e52fa9855;cwfa8SsocN9uihr3ksTIaQBGZQ92P9GfJHSTlPCdAP7xo3YL/AdDNiTLv3jlXC1ZX34zn+SrqIGZXkkRUH1qWA==;26.08.2025 08:41;Sigma Mühendislik Hizmetleri;SUB-CANCEL;Nazan Bak?rc?;Nazan;;Bak?rc?;Mimari Departman;nazanbakirci@sigmamuhendislik.com.tr;;Active
40399453-8056-f011-877a-7c1e52fa9855;u4mExabIN/KsZWikpCFnU4aA/mJ7D5ujg+fQ8hhi8bz6yPTAH8Hvj+Ed9OjrxOaLFwEBwmFTwow49kYfrvxhbw==;17.12.2025 14:35;AKZ Mühendislik;Sözle?meli;Kübra Asl??en LCI Kullan?c?;Kübra;;Asl??en LCI Kullan?c?;?n?aat Mühendis;aslisenkubra2@gmail.com;;Active
9ebd06d4-8056-f011-877a-7c1e52fa9855;4ftB9yYu7jpcAX0AiE615EQcm+Hf89BIQsm6v5D1v9/V3io8IlRp9DoGBsVFgxRMkeeTZfhH2OvVHWgXJ8LitA==;16.01.2026 09:17;Promer Müsavirlik Mühendislik Ltd. Sti;V2023 (+);Hasan Ali Uz;Hasan Ali;;Uz;;huz@promerglobal.com;0533 414 49 37;Active
29ba0471-8156-f011-877a-7c1e52fa9855;8PiODb6y3aIN9JwaEIPsRzruFqaRhiqb/M9GCSFz/LkNLvra7DQ+khjyIxiTRd6Bw5Fuc0s8HA0Gfve97FKJGA==;13.07.2025 15:27;Promer Müsavirlik Mühendislik Ltd. Sti;V2023 (+);tcivi@promerglobal.com tcivi@promerglobal.com;tcivi@promerglobal.com;;tcivi@promerglobal.com;;tcivi@promerglobal.com;;Active
fd9e8383-9051-f011-877b-7c1e52fa9855;GESAvW69uNX7cOzDMUUMVFyDBaLgAHnnoInHXIv3Yzukky4+4Z9wwg7oy/x4W1Ze6wEnhODaDlITYBWeLgjDsA==;26.08.2025 08:25;Murat Bayrak Engineers;Sözle?meli;Bü?ra Arslan;Bü?ra;;Arslan;?n?aat Mühendis;barslan@bayrakeng.com;0542 560 47 22;Active
d0974dd6-1036-f011-8c4c-7c1e52fa9855;So9OoH9lpPesEP/s4Dg1+PP7Ds36XD4nzJVmBAgIcK5I7k/QyXM4m018T972gbX4cYZjQ+dr5uVuWvUkMMquFQ==;26.08.2025 08:27;Oda Tasar?m;Sözle?meli;Buket Ça?layan;Buket;;Ça?layan;Mimar;buketarslanca@gmail.com;0535 341 11 41;Active
eb25722b-1136-f011-8c4c-7c1e52fa9855;6fprr+oUUPjUp709JuRkE3r3BMm5OcCsxLXGTCXa+bt14C9EIWvU+fiQHDrnqcHs+dmiKrIWfOS8txmDqUXHKg==;26.08.2025 08:27;Oda Tasar?m;Sözle?meli;Naz Karagöz;Naz;;Karagöz;?irket Sahibi;odatasarimmimarlik@gmail.com;0533 094 14 47;Active
1947eead-806b-f011-b4cb-7c1e52fa9855;klqpRrjjfaRcv1qUM97TZxD21PMYVEdFmLiizwjWEtmjZ8xmQ2+qCqbNfqpV6x/7tuxRkZCEx79xwReEMtg/ig==;30.01.2026 12:03;Mega Mühendislik;Sözle?meli;Ümit Bayram Olgan Son Mega Mühendislik;Ümit Bayram;;Olgan Son Mega Mühendislik;;;0501 526 77 62;Active
2a4ab1a1-926b-f011-b4cb-7c1e52fa9855;fOu/poSqvkTjdYlpHgtcnjpZehVoZyGuPp1GMlCD8tlVlZv5by0qprr6aNi2W3x6N088Nb0AELW/G2uZzat6Rg==;26.08.2025 07:36;ATAK Mühendislik ?n?aat San. ve Tic. A. ?.;Sözle?meli;Tunahan Dingeç;Tunahan;;Dingeç;;tdingec@atakeng.com.tr;0539 289 27 08;Active
0791653d-bf63-f011-bec2-7c1e52fa9855;bMbJFQQobZAKJvFFPDBRn/vCiowrMGEOmNUu+ZczvuLqapMUv2km5F5lH2mYNFEZ0TnAHd6Hu4DqRJy0rkGrCw==;26.08.2025 08:28;Ömer Aky?ld?z Mühendislik A.?.;Sözle?meli;Betül Yaz?c? Do?u;Betül Yaz?c?;;Do?u;;;0538 288 15 07;Active
04d0fe9c-8a40-f011-8779-7c1e52faf1bf;a/5+Gd+QDHUmKYismm5vxNbFIJGp3LeQZQXZHfUCYVvo/EOe7tF8MbjmlI1yy+2RnOUP6rn0dA87LZHzU+xraA==;26.08.2025 07:53;Genser Mühendislik;Sözle?meli;Hatice Balamir;Hatice;;Balamir;?dari ??ler Yetkilisi;muhasebe@genoser.com;0541 231 57 12;Active
07daa13e-4afb-ef11-bae2-7c1e52fb7353;UEDDj/egDlhY7MW7iQCTEuynvsR3etbPL4pJS4R3odiGhyhlPRQRJmLxaSh6sly0+MabHLY0PzLEOV6c80iSqA==;13.07.2025 21:44;XYZ Demo Company;V2022 (-);Hazar Ekiz;Hazar;Volga;Ekiz;Admin;hazarvolga@gmail.com;;Active
aea57655-3b41-f011-8779-7ced8d4145e7;sCEzJ6kvXGfuYPHERU5dKihAFgLEWxXuRa8oL80OQLzY56jaIHMMtq3HO9gF4R8NsKGEfiWt/0VXuLWkOC3RGw==;26.08.2025 07:37;Autograph Mimarl?k Dekorasyon;V2023 (+);Zafer K?vrak;Zafer;;K?vrak;?irket Sahibi;z@autograph.com.tr;0532 373 60 49;Active
388bf164-3e41-f011-8779-7ced8d4145e7;gK/QlhpQkXgQAj9FO18AE29QfSg3+wYDERcBB39pp7K/zQ9j8CBkVKh965uTrQyeb8eNGJsy2Q1k6g9Z/K3Xlw==;26.08.2025 08:28;Ömer Aky?ld?z Mühendislik A.?.;Sözle?meli;Ömer Aky?ld?z;Ömer;;Aky?ld?z;?irket Sahibi;o.akyildiz@omerakyildiz.de;0533 567 28 72;Active
b4260a95-3e41-f011-8779-7ced8d4145e7;TaLKw03007T1ANsc2YW0EAiMdbdcJE5vACf7rF+ISNpKZSmiXEpJlAChDvVxfqoyaZPc2cwbHC9GIYyzh7qyBw==;26.08.2025 08:28;Ömer Aky?ld?z Mühendislik A.?.;Sözle?meli;Ça?atay Paçac?;Ça?atay;;Paçac?;?irket Müdürü;c.pacaci@omerakyildiz.de;0534 293 20 18;Active
f2702483-81da-f011-8406-7ced8d417b08;MPWFGIIAFRA3qfTMJ0cnrNGYxCTrv11o000J1Hx2UQYL4rv1sDsnqTb6clf5Zdq+KjEpZtw173ltVTZkuY6zCQ==;16.12.2025 13:17;AKZ Mühendislik;;Mehmet Ersin Akyüz;Mehmet Ersin;;Akyüz;;e.akyuez@hotmail.com;;Active
5b7990e6-f6db-f011-8406-7ced8d417b08;YiB8X6tFfoHo/ZNWxiJop9Uf3m5qD9b1/oTbDN6sr1GTxrXRxyAuR4EL4okx08/5zei48axhsstiOG2dvJWDLw==;18.12.2025 09:51;REN TAAHHÜT ?N?AAT SANAY? A.?.;;Bekir Kocaeren;Bekir;;Kocaeren;?irket Sahibi;bekir@reninsaat.com.tr;;Active
d1eabc77-f7db-f011-8406-7ced8d417b08;OLSv9PWXnFzE+WffYbbjcn05p6RMW/9DNNaC7qR2Jqd4zmk8eWDF8olJg+ZvzjQNh8wki7OLlStu7sLUdbK3hQ==;24.12.2025 07:01;REN TAAHHÜT ?N?AAT SANAY? A.?.;;Bar?? Kocaeren;Bar??;;Kocaeren;?irket Sahibi;baris@reninsaat.com.tr;;Active
ae05e15d-746c-f011-b4cb-7ced8d479a38;3H8+BKdCsMXQFtpOHzpM+OHo5LgxXzndF7hu101JCKGzMzNp9y2X/3yyRIcMp9DATZMsUX0FP3Jqiz4f/P3Gbg==;26.08.2025 07:37;ATAK Mühendislik ?n?aat San. ve Tic. A. ?.;Sözle?meli;Tunahan Dingeç;Tunahan;;Dingeç;;dingec97.tunahan@gmail.com;;Active
6c06a039-776c-f011-b4cb-7ced8d479a38;B4vvh6IB4M+u3aMVEE/rCXr4l17XOIspAF3yVbMFw29GDJ4v1O1OERp5Axao9YJVhjdyrAkIJtwp3jB1Kk5Ayw==;22.08.2025 13:32;Akyükselen In?aat;V2022 (-);Ümit Demir;Ümit;;Demir;;umitdemir@akyukseleninsaat.com.tr;0546 588 89 33;Active
168862bc-cd72-f011-b4cb-7ced8d47b753;R0EG8H+bfXHLhi2lxxHOLxZuwbTq/cUvU9AprkGx/il276Z3aUa+BV7Wde92N8VqxggkhYGoGcbOZJ4K8/VR3w==;26.08.2025 07:52;Geli?im Müh. ?n?. Mad.;Sözle?meli;Muhasebe Sat?nalma;Muhasebe;;Sat?nalma;;;0555 869 85 69;Active
c662f315-ce72-f011-b4cb-7ced8d47b753;0nxuL1UYQ3P5AlvDxZQh3rufVT4aoNHMtOWvkDs6iDg2VWmNmWav+dK0jmwhmvvzpQU4XJ3vwxesRDLN0f/3rQ==;26.08.2025 07:52;Geli?im Müh. ?n?. Mad.;Sözle?meli;Fatih Y?ld?z;Fatih;;Y?ld?z;;Fatihyildiz@gnrinsaat.com.tr;0532 697 22 85;Active
146d55ae-167c-f011-b4cb-7ced8d738187;Qowwh2ZOZxLD5sDpdi91CJAlStIaFoj7zlxpMT8EXMA1umNTAueiEFNmgwXHT86AVyQYkboVVkDGmxCrYpdPXg==;22.08.2025 14:19;Çal?k Enerji;Sözle?meli;Ula? Özo?lu;Ula?;;Özo?lu;Sat?n Alma;ulas.ozoglu@calikenerji.com;0537 973 46 62;Active
69cfbae9-35c9-f011-8544-7ced8d7508e6;IKlRokFlfheFFaqvCtQd2++avpkSs67iYoIIMKZT2+Ik1aSkjR/tMy3d+8REpx/Kxldz0Im8AG0Pr3VNn8L5PQ==;24.12.2025 15:22;Beta? Beton ve Prefabrike;;O?uz Karata?;O?uz;;Karata?;Tekniker;oguz.karatas@betasyapi.com;0534 930 80 23;Active
